{
    "HOME": {
      "HEADER_TITLE": "স্টেলাৰ সিক্ৰেট",
      "HOW_IT_WORKS": "কিদৰে কাম কৰে",
      "DOWNLOAD_APP": "অ্যাপ ডাউনলোড কৰক",
      
      "ONE_TIME_SECRET_MESSAGING_TITLE": "এক বাৰৰ বাবে সিক্ৰেট বাৰ্তালাপ",
      "ONE_TIME_SECRET_MESSAGING_SUBTITLE": "গোপনীয়তাৰে ভাগ-বতৰা কৰক, আৰু চিৰকালৰ বাবে আঁতৰাই দিব!",
      
      "ENCRYPTED_PROTECTED_BY": "এনক্রিপ্টেড, সুৰক্ষিত আৰু স্টেলাৰ সুৰক্ষা দ্বাৰা ৰক্ষা কৰা",
      "WITHOUT_TRACE_TITLE": "ছাঁন বিহীন",
      "WITHOUT_TRACE_DESCRIPTION": "আমাৰে আপোনাৰ সংবেদনশীল তথ্যৰ যথেষ্ট সুৰক্ষা নিশ্চিত কৰোঁ। সকলো ডেটা ক্লায়েন্ট-চাইডত এনক্রিপ্ট কৰা হৈছে। আমি আপোনাৰ IP ঠিকনা, কি ভাগ-বতৰা কৰিছে বা কাক সিক্ৰেট লিংক দিছে সেইবোৰ নাজানো - আৰু সকলোতকৈ গুৰুত্বপূর্ণ, সামগ্ৰীটো।",
      
      "PRIVACY_PROTECTED_TITLE": "গোপনীয়তা সুৰক্ষিত",
      "PRIVACY_PROTECTED_DESCRIPTION": "আপুনি গোপন তথ্যৰ লিংকটো জানে আৰু কাক ভাগ-বতৰা কৰিছে সেইটো জানে। সিক্ৰেট তৈয়াৰ কৰা সময়ত, আপুনি এটি পাসৱৰ্ড যোগ কৰিব পাৰে যিটো খুলিবলৈ লাগিব। ইয়াৰ উপৰি, একটি বৰ্ণাৰ-সময়ও স্থাপন কৰিব পৰা যায়। যিয়েই নহওক, এক সিক্ৰেট ১৪ দিনৰ পাছত মচি দিয়া হ'ব।",
      
      "END_TO_END_ENCRYPTED_TITLE": "অন্ত পৰ্যন্ত এনক্রিপ্টেড",
      "END_TO_END_ENCRYPTED_DESCRIPTION": "সকলো লিংক আৰু সামগ্ৰী ক্লায়েন্ট-চাইডত হাচ কৰা হৈছে, মানে আমি লিংক আৰু সামগ্ৰী নাজানো। প্ৰতিটো লিংক ৩৬ দৈৰ্ঘ্যৰ এক বিশেষ ID থাকে যি একমাত্ৰ এনক্রিপশন যাৰ দ্বাৰা সিক্ৰেট বাৰ্তা আৰু ইয়াৰ সামগ্ৰী AES-256 সুৰক্ষিত।",
      
      "HOW_IT_WORKS_TITLE": "কিদৰে কাম কৰে?",
      "STEP_1_TITLE": "আপোনাৰ বাৰ্তা লিখক আৰু/অথবা পাসৱৰ্ড নিৰ্মাণ কৰক",
      "STEP_2_TITLE": "সিক্ৰেট লিংক সৃষ্টি কৰক",
      "STEP_3_TITLE": "লিংক ভাগ-বতৰা কৰক",
      
      "COMPANY_LOGO_ALT": "কোম্পানীৰ লোগো",
      
      "SHARE_TITLE": "এটি গোপনীয় বাৰ্তা ভাগ-বতৰা কৰক",
      "SHARE_DESCRIPTION_PART_1": "বাৰ্তা লিখক আৰু পঠিয়াব, ই",
      "SHARE_DESCRIPTION_PART_2": "পঢ়া পাছত মচি দিয়া হ'ব।",
      
      "SHARE_BULLET_1": "ছাঁন বিহীন।",
      "SHARE_BULLET_2": "গোপনীয়তা সুৰক্ষিত",
      "SHARE_BULLET_3": "এক বাৰ দেখা যায়",
      
      "SHARE_ENCRYPTED_BY": "এনক্রিপ্টেড, সুৰক্ষিত আৰু স্টেলাৰ সুৰক্ষা দ্বাৰা ৰক্ষা কৰা",
      
      "SHARE_TEXTAREA_PLACEHOLDER": "আপোনাৰ গোপনীয় বাৰ্তা, পাসৱৰ্ড অথবা সংবেদনশীল তথ্য লিখক *",
      "SHARE_OPTIONS": "বিকল্পসমূহ",
      
      "SHARE_EMPTY": "নাথাকিলে খালী ৰখক।",
      "SHARE_BUTTON": "সিক্ৰেট লিংক সৃষ্টি কৰক",
      
      "CREATED_TITLE": "আপোনাৰ সিক্ৰেট সৃষ্টি কৰা হৈছে",
      "CREATED_SUBTITLE": "এটি মাত্ৰ একবাৰেই প্ৰদৰ্শিত হ'ব",
      
      "CREATED_TITLE_SHARE": "লিংক কপি কৰক বা ভাগ-বতৰা কৰক।",
      "CREATED_BUTTON": "কপি",
      "CREATED_CREATE_SECRET": "নতুন সিক্ৰেট সৃষ্টি কৰক",
      "CREATED_BURNSECRET": "সিক্ৰেট মচি দিয়া",
      "URL_COPIED": "URL কপি কৰা হৈছে।",
      "SHARE_BURNER_TIME": "জীৱনৰ কাল",
      "SHARE_PASS_PHRASE": "পাসফ্ৰেজ",
      "VIEW_SECRET": "গোপনীয় বাৰ্তা চাওক"
    },
    "HOWITWORK": {
      "HEADER_TITLE": "স্টেলাৰ সিক্ৰেট",
      "HOW_IT_WORKS": "কিদৰে কাম কৰে",
      "DOWNLOAD_APP": "অ্যাপ ডাউনলোড কৰক",
      
      "ONE_TIME_SECRET_MESSAGING_TITLE": "এক বাৰৰ বাবে সিক্ৰেট বাৰ্তালাপ",
      "ONE_TIME_SECRET_MESSAGING_SUBTITLE": "গোপনীয়তাৰে ভাগ-বতৰা কৰক, আৰু চিৰকালৰ বাবে আঁতৰাই দিব!",
      
      "ENCRYPTED_PROTECTED_BY": "এনক্রিপ্টেড, সুৰক্ষিত আৰু স্টেলাৰ সুৰক্ষা দ্বাৰা ৰক্ষা কৰা",
      "WITHOUT_TRACE_TITLE": "ছাঁন বিহীন",
      "WITHOUT_TRACE_DESCRIPTION": "আমাৰে আপোনাৰ সংবেদনশীল তথ্যৰ যথেষ্ট সুৰক্ষা নিশ্চিত কৰোঁ। সকলো ডেটা ক্লায়েন্ট-চাইডত এনক্রিপ্ট কৰা হৈছে। আমি আপোনাৰ IP ঠিকনা, কি ভাগ-বতৰা কৰিছে বা কাক সিক্ৰেট লিংক দিছে সেইবোৰ নাজানো - আৰু সকলোতকৈ গুৰুত্বপূর্ণ, সামগ্ৰীটো।",
      
      "PRIVACY_PROTECTED_TITLE": "গোপনীয়তা সুৰক্ষিত",
      "PRIVACY_PROTECTED_DESCRIPTION": "আপুনি গোপন তথ্যৰ লিংকটো জানে আৰু কাক ভাগ-বতৰা কৰিছে সেইটো জানে। সিক্ৰেট তৈয়াৰ কৰা সময়ত, আপুনি এটি পাসৱৰ্ড যোগ কৰিব পাৰে যিটো খুলিবলৈ লাগিব। ইয়াৰ উপৰি, একটি বৰ্ণাৰ-সময়ও স্থাপন কৰিব পৰা যায়। যিয়েই নহওক, এক সিক্ৰেট ১৪ দিনৰ পাছত মচি দিয়া হ'ব।",
      
      "END_TO_END_ENCRYPTED_TITLE": "অন্ত পৰ্যন্ত এনক্রিপ্টেড",
      "END_TO_END_ENCRYPTED_DESCRIPTION": "সকলো লিংক আৰু সামগ্ৰী ক্লায়েন্ট-চাইডত হাচ কৰা হৈছে, মানে আমি লিংক আৰু সামগ্ৰী নাজানো। প্ৰতিটো লিংক ৩৬ দৈৰ্ঘ্যৰ এক বিশেষ ID থাকে যি একমাত্ৰ এনক্রিপশন যাৰ দ্বাৰা সিক্ৰেট বাৰ্তা আৰু ইয়াৰ সামগ্ৰী AES-256 সুৰক্ষিত।",
      
      "HOW_IT_WORKS_TITLE": "কিদৰে কাম কৰে?",
      "STEP_1_TITLE": "আপোনাৰ বাৰ্তা লিখক আৰু/অথবা পাসৱৰ্ড নিৰ্মাণ কৰক",
      "STEP_2_TITLE": "সিক্ৰেট লিংক সৃষ্টি কৰক",
      "STEP_3_TITLE": "লিংক ভাগ-বতৰা কৰক",
      
      "COMPANY_LOGO_ALT": "কোম্পানীৰ লোগো",
      
      "SHARE_TITLE": "এটি গোপনীয় বাৰ্তা ভাগ-বতৰা কৰক",
      "SHARE_DESCRIPTION_PART_1": "বাৰ্তা লিখক আৰু পঠিয়াব, ই",
      "SHARE_DESCRIPTION_PART_2": "পঢ়া পাছত মচি দিয়া হ'ব।",
      
      "SHARE_BULLET_1": "ছাঁন বিহীন।",
      "SHARE_BULLET_2": "গোপনীয়তা সুৰক্ষিত",
      "SHARE_BULLET_3": "এক বাৰ দেখা যায়",
      
      "SHARE_ENCRYPTED_BY": "এনক্রিপ্টেড, সুৰক্ষিত আৰু স্টেলাৰ সুৰক্ষা দ্বাৰা ৰক্ষা কৰা",
      
      "SHARE_TEXTAREA_PLACEHOLDER": "আপোনাৰ গোপনীয় বাৰ্তা, পাসৱৰ্ড অথবা সংবেদনশীল তথ্য লিখক *",
      "SHARE_OPTIONS": "বিকল্পসমূহ",
      
      "SHARE_EMPTY": "নাথাকিলে খালী ৰখক।",
      "SHARE_BUTTON": "সিক্ৰেট লিংক সৃষ্টি কৰক",
      
      "CREATED_TITLE": "আপোনাৰ সিক্ৰেট সৃষ্টি কৰা হৈছে",
      "CREATED_SUBTITLE": "এটি মাত্ৰ একবাৰেই প্ৰদৰ্শিত হ'ব",
      
      "CREATED_TITLE_SHARE": "লিংক কপি কৰক বা ভাগ-বতৰা কৰক।",
      "CREATED_BUTTON": "কপি",
      "CREATED_CREATE_SECRET": "নতুন সিক্ৰেট সৃষ্টি কৰক",
      "CREATED_BURNSECRET": "সিক্ৰেট মচি দিয়া",
      "URL_COPIED": "URL কপি কৰা হৈছে।",
      
      "VIEW_SECRET": "গোপনীয় বাৰ্তা চাওক"
    },
    "CREATEDPAGE": {
      "CREATEDPAGE": "স্টেলাৰ সিক্ৰেট",
      "HOW_IT_WORKS": "কিদৰে কাম কৰে",
      "DOWNLOAD_APP": "অ্যাপ ডাউনলোড কৰক",
      "CREATED_TITLE": "আপোনাৰ সিক্ৰেট সৃষ্টি কৰা হৈছে",
      "CREATED_SUBTITLE": "এটি মাত্ৰ একবাৰেই প্ৰদৰ্শিত হ'ব",
      "CREATED_TITLE_SHARE": "লিংক কপি কৰক বা ভাগ-বতৰা কৰক।",
      "CREATED_BUTTON": "কপি",
      "CREATED_CREATE_SECRET": "নতুন সিক্ৰেট সৃষ্টি কৰক",
      "CREATED_BURNSECRET": "সিক্ৰেট মচি দিয়া",
      "URL_COPIED": "URL কপি কৰা হৈছে।"
    },
    "CONFIRMATION": {
      "YOURE_GONNA_BURN_THIS_SECRET": "আপুনি এই সিক্ৰেটটো মচি দিব",
      "SECRET_UNAVAILABLE_TEXT": "এটি এতিয়াৰ পৰা উপলব্ধ নহ'ব",
      "BURN_FOREVER": "চিৰদিনৰ বাবে মচি দিয়ক",
      "CANCEL": "বাতিল কৰক"
    },
    "VIEW": {
      "LOGO_TEXT": "স্টেলাৰ সিক্ৰেট",
      "HOW_IT_WORKS": "কিদৰে কাম কৰে",
      "DOWNLOAD_APP": "অ্যাপ ডাউনলোড কৰক",
      "WELCOME_MESSAGE": "নমস্কাৰ, আপুনি এটা গোপনীয় বাৰ্তা লাভ কৰিলে!",
      "INSTRUCTION": "বাৰ্তা লিখক আৰু পঠিয়াব, ই পঢ়া পাছত মচি দিয়া হ'ব।",
      "SHOW_MESSAGE_ONCE": "পৰৱৰ্তী বাৰ্তা <strong>মাত্ৰ একবাৰেই</strong> প্ৰদৰ্শিত হ'ব",
      "OPEN_SECRET_MESSAGE": "গোপনীয় বাৰ্তা খোলক",
      "INPUT_PASSPHRASE": "পাসফ্ৰেজ প্ৰবিষ্ট কৰক",
      "PASS_PHRASE_PLACEHOLDER": "পাসফ্ৰেজ",
      "OPEN_SECRET_BUTTON": "গোপনীয় বাৰ্তা খোলক",
      "YOUR_SECRET_MESSAGE": "আপোনাৰ গোপনীয় বাৰ্তা",
      "COPY": "কপি",
      "MESSAGE_LABEL": "বাৰ্তা",
      "REPLY": "প্ৰতিক্ৰিয়া",
      "DOWNLOAD_MESSAGE": "মোবাইলত স্টেলাৰ সিক্ৰেট ডাউনলোড কৰক, আপোনাৰ গোপনীয় বাৰ্তাসমূহ সৃষ্টি কৰক",
      "WITHOUT_TRACE": "ছাঁন বিহীন।",
      "PRIVACY_PROTECTED": "গোপনীয়তা সুৰক্ষিত",
      "ONE_TIME_VIEWABLE": "এক বাৰ দেখা যায়",
      "SECURITY_TEXT": "এনক্রিপ্টেড, সুৰক্ষিত আৰু",
      "SECURITY_TEXT2": "স্টেলাৰ সুৰক্ষা"
    }
  }
  