{
    "HOME": {
      "HEADER_TITLE": "Secretu Stellar",
      "HOW_IT_WORKS": "Cómo funciona",
      "DOWNLOAD_APP": "Descargar App",
      
      "ONE_TIME_SECRET_MESSAGING_TITLE": "Mensaxes Secretas de Única Vez",
      "ONE_TIME_SECRET_MESSAGING_SUBTITLE": "Comparte secrets, ¡y puff—se'n van!",
      
      "ENCRYPTED_PROTECTED_BY": "Cifrado, asegurado y protexido por Stellar Security",
      "WITHOUT_TRACE_TITLE": "Sen rastro",
      "WITHOUT_TRACE_DESCRIPTION": "Garantimos una protección robusta de la túa información sensible. Toda la información ye cifrada al lado del cliente. No sabemos la túa dirección IP, qué compartes, o con quién compartes los enlaces secretos - y lo más importante, el conteniu.",
      
      "PRIVACY_PROTECTED_TITLE": "Privacidad Protegida",
      "PRIVACY_PROTECTED_DESCRIPTION": "Eres el únicu que sabe el enlace a la información secreta que creaste y con quién la compartes. Al crear un secretu, puedes añadir una contraseña antes de que pueda ser desbloqueado. También ye posible establecer un tiempo de caducidad. Da igual o que, un secretu será eliminado tras 14 díes.",
      
      "END_TO_END_ENCRYPTED_TITLE": "Cifrau de punta a punta",
      "END_TO_END_ENCRYPTED_DESCRIPTION": "Tolos enlaces y conteníu son encriptados al lado del cliente, lo que significa que hasta nós desconocemos el enlace y el conteníu. Cada enlace tien un ID únicu de 36 caracteres que ye una encriptación unidireccional pa poder acceder al Mensaxe Secreta y al conteniu que ta cifrado con AES-256.",
      
      "HOW_IT_WORKS_TITLE": "¿Cómo funciona?",
      "STEP_1_TITLE": "Escribe el túo mensaxe y/o xenera contraseña",
      "STEP_2_TITLE": "Crea Enlace Secreta",
      "STEP_3_TITLE": "Comparte el enlace",
      
      "COMPANY_LOGO_ALT": "Logo de la Empresa",
      
      "SHARE_TITLE": "Comparte un mensaxe secreta",
      "SHARE_DESCRIPTION_PART_1": "Escribe y envía el mensaxe, será",
      "SHARE_DESCRIPTION_PART_2": "eliminado una vez lleido.",
      
      "SHARE_BULLET_1": "Sen rastro.",
      "SHARE_BULLET_2": "Privacidad Protegida",
      "SHARE_BULLET_3": "Visible una sola vez",
      
      "SHARE_ENCRYPTED_BY": "Cifrado, asegurado y protexido por Stellar Security",
      
      "SHARE_TEXTAREA_PLACEHOLDER": "Escribe el túo mensaxe secreto, contraseña o información sensible *",
      "SHARE_OPTIONS": "Opciones",
      
      "SHARE_EMPTY": "Deixa vacío pa ninguno.",
      "SHARE_BUTTON": "Crear Enlace Secreta",
      
      "CREATED_TITLE": "El túo Secretu foi creado",
      "CREATED_SUBTITLE": "Se mostrará solo una vez",
      
      "CREATED_TITLE_SHARE": "Copia el enlace o compártelo.",
      "CREATED_BUTTON": "COPIAR",
      "CREATED_CREATE_SECRET": "Crear Nuevu Secretu",
      "CREATED_BURNSECRET": "Eliminar Secretu",
      "URL_COPIED": "El URL foi copiau.",
      "SHARE_BURNER_TIME": "Vida útil",
      "SHARE_PASS_PHRASE": "Frase de Contraseña",
      "VIEW_SECRET": "Ver Secretu"
    },
    "HOWITWORK": {
      "HEADER_TITLE": "Secretu Stellar",
      "HOW_IT_WORKS": "Cómo funciona",
      "DOWNLOAD_APP": "Descargar App",
    
      "ONE_TIME_SECRET_MESSAGING_TITLE": "Mensaxes Secretas de Única Vez",
      "ONE_TIME_SECRET_MESSAGING_SUBTITLE": "Comparte secrets, ¡y puff—se'n van!",
    
      "ENCRYPTED_PROTECTED_BY": "Cifrado, asegurado y protexido por Stellar Security",
      "WITHOUT_TRACE_TITLE": "Sen rastro",
      "WITHOUT_TRACE_DESCRIPTION": "Garantimos una protección robusta de la túa información sensible. Toda la información ye cifrada al lado del cliente. No sabemos la túa dirección IP, qué compartes, o con quién compartes los enlaces secretos - y lo más importante, el conteniu.",
    
      "PRIVACY_PROTECTED_TITLE": "Privacidad Protegida",
      "PRIVACY_PROTECTED_DESCRIPTION": "Eres el únicu que sabe el enlace a la información secreta que creaste y con quién la compartes. Al crear un secretu, puedes añadir una contraseña antes de que pueda ser desbloqueado. También ye posible establecer un tiempo de caducidad. Da igual o que, un secretu será eliminado tras 14 díes.",
    
      "END_TO_END_ENCRYPTED_TITLE": "Cifrau de punta a punta",
      "END_TO_END_ENCRYPTED_DESCRIPTION": "Tolos enlaces y conteníu son encriptados al lado del cliente, lo que significa que hasta nós desconocemos el enlace y el conteníu. Cada enlace tien un ID únicu de 36 caracteres que ye una encriptación unidireccional pa poder acceder al Mensaxe Secreta y al conteniu que ta cifrado con AES-256.",
    
      "HOW_IT_WORKS_TITLE": "¿Cómo funciona?",
      "STEP_1_TITLE": "Escribe el túo mensaxe y/o xenera contraseña",
      "STEP_2_TITLE": "Crea Enlace Secreta",
      "STEP_3_TITLE": "Comparte el enlace",
    
      "COMPANY_LOGO_ALT": "Logo de la Empresa",
    
      "SHARE_TITLE": "Comparte un mensaxe secreta",
      "SHARE_DESCRIPTION_PART_1": "Escribe y envía el mensaxe, será",
      "SHARE_DESCRIPTION_PART_2": "eliminado una vez lleido.",
    
      "SHARE_BULLET_1": "Sen rastro.",
      "SHARE_BULLET_2": "Privacidad Protegida",
      "SHARE_BULLET_3": "Visible una sola vez",
    
      "SHARE_ENCRYPTED_BY": "Cifrado, asegurado y protexido por Stellar Security",
    
      "SHARE_TEXTAREA_PLACEHOLDER": "Escribe el túo mensaxe secreto, contraseña o información sensible *",
      "SHARE_OPTIONS": "Opciones",
    
      "SHARE_EMPTY": "Deixa vacío pa ninguno.",
      "SHARE_BUTTON": "Crear Enlace Secreta",
    
      "CREATED_TITLE": "El túo Secretu foi creado",
      "CREATED_SUBTITLE": "Se mostrará solo una vez",
    
      "CREATED_TITLE_SHARE": "Copia el enlace o compártelo.",
      "CREATED_BUTTON": "COPIAR",
      "CREATED_CREATE_SECRET": "Crear Nuevu Secretu",
      "CREATED_BURNSECRET": "Eliminar Secretu",
      "URL_COPIED": "El URL foi copiau.",
    
      "VIEW_SECRET": "Ver Secretu"
    },
    "CREATEDPAGE": {
      "CREATEDPAGE": "Secretu Stellar",
      "HOW_IT_WORKS": "Cómo funciona",
      "DOWNLOAD_APP": "Descargar App",
      "CREATED_TITLE": "El túo Secretu foi creado",
      "CREATED_SUBTITLE": "Se mostrará solo una vez",
      "CREATED_TITLE_SHARE": "Copia el enlace o compártelo.",
      "CREATED_BUTTON": "COPIAR",
      "CREATED_CREATE_SECRET": "Crear Nuevu Secretu",
      "CREATED_BURNSECRET": "Eliminar Secretu",
      "URL_COPIED": "El URL foi copiau."
    },
    "CONFIRMATION": {
      "YOURE_GONNA_BURN_THIS_SECRET": "Vas a eliminar este secretu",
      "SECRET_UNAVAILABLE_TEXT": "No estará disponible más",
      "BURN_FOREVER": "Eliminar Pa Siempre",
      "CANCEL": "Cancelar"
    },
    "VIEW": {
      "LOGO_TEXT": "Secretu Stellar",
      "HOW_IT_WORKS": "Cómo funciona",
      "DOWNLOAD_APP": "Descargar App",
      "WELCOME_MESSAGE": "Hola, recibiste un mensaxe secreto!",
      "INSTRUCTION": "Escribe y envía el mensaxe, será eliminado una vez lleido.",
      "SHOW_MESSAGE_ONCE": "El siguientu mensaxe será amosáu <strong>solo una vez</strong>",
      "OPEN_SECRET_MESSAGE": "Abrir Mensaxe Secreta",
      "INPUT_PASSPHRASE": "Introduce la Frase de Contraseña",
      "PASS_PHRASE_PLACEHOLDER": "Frase de Contraseña",
      "OPEN_SECRET_BUTTON": "Abrir Mensaxe Secreta",
      "YOUR_SECRET_MESSAGE": "El Túo Mensaxe Secreta",
      "COPY": "Copiar",
      "MESSAGE_LABEL": "Mensaxe",
      "REPLY": "Respondu",
      "DOWNLOAD_MESSAGE": "Descarga Secretu Stellar en móvil, crea los túos mensaxes secretos",
      "WITHOUT_TRACE": "Sen rastro.",
      "PRIVACY_PROTECTED": "Privacidad Protegida",
      "ONE_TIME_VIEWABLE": "Visible una sola vez",
      "SECURITY_TEXT": "Cifrado, asegurado y protexido por ",
      "SECURITY_TEXT2": "Stellar Security"
    }
  }
  