{
    "HOME": {
      "HEADER_TITLE": "Stellar Secret",
      "HOW_IT_WORKS": "Kunjam jak'achasiñani",
      "DOWNLOAD_APP": "Apk-ch'aqaña",
      
      "ONE_TIME_SECRET_MESSAGING_TITLE": "Mä wanchi sañi jach'a",
      "ONE_TIME_SECRET_MESSAGING_SUBTITLE": "Wañañani, ukhamaraki chhaqiña!",
      
      "ENCRYPTED_PROTECTED_BY": "Encriptada, seguridad y protección jach'a Stellar Security",
      "WITHOUT_TRACE_TITLE": "Wach'ana qillqañani",
      "WITHOUT_TRACE_DESCRIPTION": "Jach'a data urkhasña, kuns utjiñani, jach'a IP-naka, kunatxa jach'a qillqañani, ukhamaraki qillqañani taqi.",
      
      "PRIVACY_PROTECTED_TITLE": "Privacidad jach'a",
      "PRIVACY_PROTECTED_DESCRIPTION": "Kunjamsa taqi qillqañani jach'a información uka, kuns jach'a link jach'a qillqañani. Sañi ukhamaraki paswwa qillqañani. Kunjamsa k'uchu mayani, jach'a qillqañani 14 mara lurasña.",
      
      "END_TO_END_ENCRYPTED_TITLE": "Jach'a chhaqiña",
      "END_TO_END_ENCRYPTED_DESCRIPTION": "Taqi link ukhamaraki qillqañani, kunjamsa qillqañani, qillqañani chhaqiña AES-256.",
      
      "HOW_IT_WORKS_TITLE": "Kunjam jak'achasiñani?",
      "STEP_1_TITLE": "Qillqaña jach'a mensaje ukhamaraki paswwa",
      "STEP_2_TITLE": "Sañi link jach'a",
      "STEP_3_TITLE": "Link chhaqiña",
      
      "COMPANY_LOGO_ALT": "Jach'a Empresa Logo",
      
      "SHARE_TITLE": "Sañi jach'a mensaje",
      "SHARE_DESCRIPTION_PART_1": "Qillqaña ukhamaraki sañi, jach'a",
      "SHARE_DESCRIPTION_PART_2": "chhaqiña.",
      
      "SHARE_BULLET_1": "Wach'ana qillqañani.",
      "SHARE_BULLET_2": "Privacidad jach'a",
      "SHARE_BULLET_3": "Mä wanchi jach'a",
      
      "SHARE_ENCRYPTED_BY": "Encriptada, seguridad y protección jach'a Stellar Security",
      
      "SHARE_TEXTAREA_PLACEHOLDER": "Qillqaña jach'a mensaje, paswwa ukhamaraki sañi *",
      "SHARE_OPTIONS": "Opciones",
      
      "SHARE_EMPTY": "Nayraña uñt'aña.",
      "SHARE_BUTTON": "Sañi link jach'a",
      
      "CREATED_TITLE": "Jach'a Sañi qillqañani",
      "CREATED_SUBTITLE": "Ukhamaraki mä wanchi qillqañani",
      
      "CREATED_TITLE_SHARE": "Link uñt'aña ukhamaraki sañi.",
      "CREATED_BUTTON": "COPIAR",
      "CREATED_CREATE_SECRET": "Sañi Jach'a Sañi",
      "CREATED_BURNSECRET": "Chhaqiña Sañi",
      "URL_COPIED": "URL uñt'ayiri.",
      "SHARE_BURNER_TIME":"Kamaña",
      "SHARE_PASS_PHRASE":"Paswwa",
      "VIEW_SECRET": "Uñt'aña Jach'a Sañi"
    },
    "HOWITWORK": {
      "HEADER_TITLE": "Stellar Secret",
      "HOW_IT_WORKS": "Kunjam jak'achasiñani",
      "DOWNLOAD_APP": "Apk-ch'aqaña",
      
      "ONE_TIME_SECRET_MESSAGING_TITLE": "Mä wanchi sañi jach'a",
      "ONE_TIME_SECRET_MESSAGING_SUBTITLE": "Wañañani, ukhamaraki chhaqiña!",
      
      "ENCRYPTED_PROTECTED_BY": "Encriptada, seguridad y protección jach'a Stellar Security",
      "WITHOUT_TRACE_TITLE": "Wach'ana qillqañani",
      "WITHOUT_TRACE_DESCRIPTION": "Jach'a data urkhasña, kuns utjiñani, jach'a IP-naka, kunatxa jach'a qillqañani, ukhamaraki qillqañani taqi.",
      
      "PRIVACY_PROTECTED_TITLE": "Privacidad jach'a",
      "PRIVACY_PROTECTED_DESCRIPTION": "Kunjamsa taqi qillqañani jach'a información uka, kuns jach'a link jach'a qillqañani. Sañi ukhamaraki paswwa qillqañani. Kunjamsa k'uchu mayani, jach'a qillqañani 14 mara lurasña.",
      
      "END_TO_END_ENCRYPTED_TITLE": "Jach'a chhaqiña",
      "END_TO_END_ENCRYPTED_DESCRIPTION": "Taqi link ukhamaraki qillqañani, kunjamsa qillqañani, qillqañani chhaqiña AES-256.",
      
      "HOW_IT_WORKS_TITLE": "Kunjam jak'achasiñani?",
      "STEP_1_TITLE": "Qillqaña jach'a mensaje ukhamaraki paswwa",
      "STEP_2_TITLE": "Sañi link jach'a",
      "STEP_3_TITLE": "Link chhaqiña",
      
      "COMPANY_LOGO_ALT": "Jach'a Empresa Logo",
      
      "SHARE_TITLE": "Sañi jach'a mensaje",
      "SHARE_DESCRIPTION_PART_1": "Qillqaña ukhamaraki sañi, jach'a",
      "SHARE_DESCRIPTION_PART_2": "chhaqiña.",
      
      "SHARE_BULLET_1": "Wach'ana qillqañani.",
      "SHARE_BULLET_2": "Privacidad jach'a",
      "SHARE_BULLET_3": "Mä wanchi jach'a",
      
      "SHARE_ENCRYPTED_BY": "Encriptada, seguridad y protección jach'a Stellar Security",
      
      "SHARE_TEXTAREA_PLACEHOLDER": "Qillqaña jach'a mensaje, paswwa ukhamaraki sañi *",
      "SHARE_OPTIONS": "Opciones",
      
      "SHARE_EMPTY": "Nayraña uñt'aña.",
      "SHARE_BUTTON": "Sañi link jach'a",
      
      "CREATED_TITLE": "Jach'a Sañi qillqañani",
      "CREATED_SUBTITLE": "Ukhamaraki mä wanchi qillqañani",
      
      "CREATED_TITLE_SHARE": "Link uñt'aña ukhamaraki sañi.",
      "CREATED_BUTTON": "COPIAR",
      "CREATED_CREATE_SECRET": "Sañi Jach'a Sañi",
      "CREATED_BURNSECRET": "Chhaqiña Sañi",
      "URL_COPIED": "URL uñt'ayiri.",
      
      "VIEW_SECRET": "Uñt'aña Jach'a Sañi"
    },
    "CREATEDPAGE": {
      "CREATEDPAGE": "Stellar Secret",
      "HOW_IT_WORKS": "Kunjam jak'achasiñani",
      "DOWNLOAD_APP": "Apk-ch'aqaña",
      "CREATED_TITLE": "Jach'a Sañi qillqañani",
      "CREATED_SUBTITLE": "Ukhamaraki mä wanchi qillqañani",
      "CREATED_TITLE_SHARE": "Link uñt'aña ukhamaraki sañi.",
      "CREATED_BUTTON": "COPIAR",
      "CREATED_CREATE_SECRET": "Sañi Jach'a Sañi",
      "CREATED_BURNSECRET": "Chhaqiña Sañi",
      "URL_COPIED": "URL uñt'ayiri."
    },
    "CONFIRMATION": {
      "YOURE_GONNA_BURN_THIS_SECRET": "Jach'a sañi chhaqiña",
      "SECRET_UNAVAILABLE_TEXT": "Nayraña jach'a sañi",
      "BURN_FOREVER": "Chhaqiña",
      "CANCEL": "Janiwa"
    },
    "VIEW": {
      "LOGO_TEXT": "Stellar Secret",
      "HOW_IT_WORKS": "Kunjam jak'achasiñani",
      "DOWNLOAD_APP": "Apk-ch'aqaña",
      "WELCOME_MESSAGE": "Kamisaki, jach'a mensaje uñt'ayiri!",
      "INSTRUCTION": "Qillqaña ukhamaraki sañi, jach'a",
      "SHOW_MESSAGE_ONCE": "Jach'a mensaje uñt'aña <strong>mä wanchi qillqañani</strong>",
      "OPEN_SECRET_MESSAGE": "Uñt'aña Jach'a Sañi",
      "INPUT_PASSPHRASE": "Paswwa uñt'aña",
      "PASS_PHRASE_PLACEHOLDER": "Paswwa",
      "OPEN_SECRET_BUTTON": "Uñt'aña Jach'a Sañi",
      "YOUR_SECRET_MESSAGE": "Jach'a Sañi",
      "COPY": "COPIAR",
      "MESSAGE_LABEL": "Mensaje",
      "REPLY": "Sumañani",
      "DOWNLOAD_MESSAGE": "Descarga Stellar Secret móvil, jach'a sañi qillqañani",
      "WITHOUT_TRACE": "Wach'ana qillqañani.",
      "PRIVACY_PROTECTED": "Privacidad jach'a",
      "ONE_TIME_VIEWABLE": "Mä wanchi jach'a",
      "SECURITY_TEXT": "Encriptada, seguridad y protección jach'a ",
      "SECURITY_TEXT2":"Stellar Security"
    }
  }
  