{
    "HOME": {
      "HEADER_TITLE": "Скрытая Зорка",
      "HOW_IT_WORKS": "Як гэта працуе",
      "DOWNLOAD_APP": "Спампаваць прыкладанне",
      
      "ONE_TIME_SECRET_MESSAGING_TITLE": "Аднаразовыя сакрэтныя паведамленні",
      "ONE_TIME_SECRET_MESSAGING_SUBTITLE": "Падзяліцеся сакрэтамі, і яны знікнуць!",
      
      "ENCRYPTED_PROTECTED_BY": "Зашыфравана, забяспечана і абаронена Зоркавай Бяспекай",
      "WITHOUT_TRACE_TITLE": "Без следаў",
      "WITHOUT_TRACE_DESCRIPTION": "Мы забяспечваем надзейную абарону вашай адчувальнай інфармацыі. Усе дадзеныя шыфруюцца на баку кліента. Мы не ведаем вашу IP-адрасу, што вы дзелецеся, або з кім вы дзелецеся сакрэтнымі спасылкамі - і што самае важнае, змесціва.",
      
      "PRIVACY_PROTECTED_TITLE": "Ахоўваемая прыватнасць",
      "PRIVACY_PROTECTED_DESCRIPTION": "Вы адзіны, хто ведае спасылку на сакрэтную інфармацыю, якую вы стварылі, і з кім вы яе дзелецеся. Пры стварэнні сакрэту вы можаце дадаць пароль перад яго адкрыццём. Таксама ёсць магчымасць усталяваць час знішчэння. Незалежна ад таго, што, сакрэт будзе выдалены праз 14 дзён.",
      
      "END_TO_END_ENCRYPTED_TITLE": "Шыфраванне ад канца да канца",
      "END_TO_END_ENCRYPTED_DESCRIPTION": "Усе спасылкі і змесціва хэшаваныя на баку кліента, што азначае, што нават мы не ведаем спасылку і змесціва. Кожная спасылка мае унікальны ID даўжынёй 36, які з'яўляецца аднабаковым шыфраваннем для доступу да сакрэтнага паведамлення і яго змесціва, якое шыфруецца з дапамогай AES-256.",
      
      "HOW_IT_WORKS_TITLE": "Як гэта працуе?",
      "STEP_1_TITLE": "Напішыце ваша паведамленне і/або стварыце пароль",
      "STEP_2_TITLE": "Стварыце сакрэтную спасылку",
      "STEP_3_TITLE": "Падзяліцеся спасылкай",
      
      "COMPANY_LOGO_ALT": "Лагатып кампаніі",
      
      "SHARE_TITLE": "Падзяліцеся сакрэтным паведамленнем",
      "SHARE_DESCRIPTION_PART_1": "Напішыце і адпраўце паведамленне, яно будзе",
      "SHARE_DESCRIPTION_PART_2": "выдалена пасля прачытання.",
      
      "SHARE_BULLET_1": "Без следаў.",
      "SHARE_BULLET_2": "Ахоўваемая прыватнасць",
      "SHARE_BULLET_3": "Аднаразовы прагляд",
      
      "SHARE_ENCRYPTED_BY": "Зашыфравана, забяспечана і абаронена Зоркавай Бяспекай",
      
      "SHARE_TEXTAREA_PLACEHOLDER": "Напішыце ваша сакрэтнае паведамленне, пароль або адчувальную інфармацыю *",
      "SHARE_OPTIONS": "Опцыі",
      
      "SHARE_EMPTY": "Пакіньце пустым для нічога.",
      "SHARE_BUTTON": "Стварыць сакрэтную спасылку",
      
      "CREATED_TITLE": "Ваш сакрэт быў створаны",
      "CREATED_SUBTITLE": "Ён будзе паказаны толькі адзін раз",
      
      "CREATED_TITLE_SHARE": "Скапіруйце спасылку або падзяліцеся ёй.",
      "CREATED_BUTTON": "СКАПІРАВАЦЬ",
      "CREATED_CREATE_SECRET": "Стварыць новы сакрэт",
      "CREATED_BURNSECRET": "Знішчыць сакрэт",
      "URL_COPIED": "URL быў скапіяваны.",
      "SHARE_BURNER_TIME": "Тэрмін службы",
      "SHARE_PASS_PHRASE": "Парольная фраза",
      "VIEW_SECRET": "Прагляд сакрэту"
    },
    "HOWITWORK": {
      "HEADER_TITLE": "Скрытая Зорка",
      "HOW_IT_WORKS": "Як гэта працуе",
      "DOWNLOAD_APP": "Спампаваць прыкладанне",
      
      "ONE_TIME_SECRET_MESSAGING_TITLE": "Аднаразовыя сакрэтныя паведамленні",
      "ONE_TIME_SECRET_MESSAGING_SUBTITLE": "Падзяліцеся сакрэтамі, і яны знікнуць!",
      
      "ENCRYPTED_PROTECTED_BY": "Зашыфравана, забяспечана і абаронена Зоркавай Бяспекай",
      "WITHOUT_TRACE_TITLE": "Без следаў",
      "WITHOUT_TRACE_DESCRIPTION": "Мы забяспечваем надзейную абарону вашай адчувальнай інфармацыі. Усе дадзеныя шыфруюцца на баку кліента. Мы не ведаем вашу IP-адрасу, што вы дзелецеся, або з кім вы дзелецеся сакрэтнымі спасылкамі - і што самае важнае, змесціва.",
      
      "PRIVACY_PROTECTED_TITLE": "Ахоўваемая прыватнасць",
      "PRIVACY_PROTECTED_DESCRIPTION": "Вы адзіны, хто ведае спасылку на сакрэтную інфармацыю, якую вы стварылі, і з кім вы яе дзелецеся. Пры стварэнні сакрэту вы можаце дадаць пароль перад яго адкрыццём. Таксама ёсць магчымасць усталяваць час знішчэння. Незалежна ад таго, што, сакрэт будзе выдалены праз 14 дзён.",
      
      "END_TO_END_ENCRYPTED_TITLE": "Шыфраванне ад канца да канца",
      "END_TO_END_ENCRYPTED_DESCRIPTION": "Усе спасылкі і змесціва хэшаваныя на баку кліента, што азначае, што нават мы не ведаем спасылку і змесціва. Кожная спасылка мае унікальны ID даўжынёй 36, які з'яўляецца аднабаковым шыфраваннем для доступу да сакрэтнага паведамлення і яго змесціва, якое шыфруецца з дапамогай AES-256.",
      
      "HOW_IT_WORKS_TITLE": "Як гэта працуе?",
      "STEP_1_TITLE": "Напішыце ваша паведамленне і/або стварыце пароль",
      "STEP_2_TITLE": "Стварыце сакрэтную спасылку",
      "STEP_3_TITLE": "Падзяліцеся спасылкай",
      
      "COMPANY_LOGO_ALT": "Лагатып кампаніі",
      
      "SHARE_TITLE": "Падзяліцеся сакрэтным паведамленнем",
      "SHARE_DESCRIPTION_PART_1": "Напішыце і адпраўце паведамленне, яно будзе",
      "SHARE_DESCRIPTION_PART_2": "выдалена пасля прачытання.",
      
      "SHARE_BULLET_1": "Без следаў.",
      "SHARE_BULLET_2": "Ахоўваемая прыватнасць",
      "SHARE_BULLET_3": "Аднаразовы прагляд",
      
      "SHARE_ENCRYPTED_BY": "Зашыфравана, забяспечана і абаронена Зоркавай Бяспекай",
      
      "SHARE_TEXTAREA_PLACEHOLDER": "Напішыце ваша сакрэтнае паведамленне, пароль або адчувальную інфармацыю *",
      "SHARE_OPTIONS": "Опцыі",
      
      "SHARE_EMPTY": "Пакіньце пустым для нічога.",
      "SHARE_BUTTON": "Стварыць сакрэтную спасылку",
      
      "CREATED_TITLE": "Ваш сакрэт быў створаны",
      "CREATED_SUBTITLE": "Ён будзе паказаны толькі адзін раз",
      
      "CREATED_TITLE_SHARE": "Скапіруйце спасылку або падзяліцеся ёй.",
      "CREATED_BUTTON": "СКАПІРАВАЦЬ",
      "CREATED_CREATE_SECRET": "Стварыць новы сакрэт",
      "CREATED_BURNSECRET": "Знішчыць сакрэт",
      "URL_COPIED": "URL быў скапіяваны.",
      
      "VIEW_SECRET": "Прагляд сакрэту"
    },
    "CREATEDPAGE": {
      "CREATEDPAGE": "Скрытая Зорка",
      "HOW_IT_WORKS": "Як гэта працуе",
      "DOWNLOAD_APP": "Спампаваць прыкладанне",
      "CREATED_TITLE": "Ваш сакрэт быў створаны",
      "CREATED_SUBTITLE": "Ён будзе паказаны толькі адзін раз",
      "CREATED_TITLE_SHARE": "Скапіруйце спасылку або падзяліцеся ёй.",
      "CREATED_BUTTON": "СКАПІРАВАЦЬ",
      "CREATED_CREATE_SECRET": "Стварыць новы сакрэт",
      "CREATED_BURNSECRET": "Знішчыць сакрэт",
      "URL_COPIED": "URL быў скапіяваны."
    },
    "CONFIRMATION": {
      "YOURE_GONNA_BURN_THIS_SECRET": "Вы збіраецеся знішчыць гэты сакрэт",
      "SECRET_UNAVAILABLE_TEXT": "Ён больш не будзе даступны",
      "BURN_FOREVER": "Знішчыць назаўжды",
      "CANCEL": "Скасаваць"
    },
    "VIEW": {
      "LOGO_TEXT": "Скрытая Зорка",
      "HOW_IT_WORKS": "Як гэта працуе",
      "DOWNLOAD_APP": "Спампаваць прыкладанне",
      "WELCOME_MESSAGE": "Прывітанне, вы атрымалі сакрэтнае паведамленне!",
      "INSTRUCTION": "Напішыце і адпраўце паведамленне, яно будзе выдалена пасля прачытання.",
      "SHOW_MESSAGE_ONCE": "Наступнае паведамленне будзе паказана <strong>толькі адзін раз</strong>",
      "OPEN_SECRET_MESSAGE": "Адкрыць сакрэтнае паведамленне",
      "INPUT_PASSPHRASE": "Увядзіце парольную фразу",
      "PASS_PHRASE_PLACEHOLDER": "Парольная фраза",
      "OPEN_SECRET_BUTTON": "Адкрыць сакрэтнае паведамленне",
      "YOUR_SECRET_MESSAGE": "Ваша сакрэтнае паведамленне",
      "COPY": "Скапіяваць",
      "MESSAGE_LABEL": "Паведамленне",
      "REPLY": "Адказаць",
      "DOWNLOAD_MESSAGE": "Спампуйце Скрытую Зорку на мабільным тэлефоне, стварыце вашыя сакрэтныя паведамленні",
      "WITHOUT_TRACE": "Без следаў.",
      "PRIVACY_PROTECTED": "Ахоўваемая прыватнасць",
      "ONE_TIME_VIEWABLE": "Аднаразовы прагляд",
      "SECURITY_TEXT": "Зашыфравана, забяспечана і абаронена ",
      "SECURITY_TEXT2": "Зоркавай Бяспекай"
    }
  }
  