{
    "HOME": {
      "HEADER_TITLE": "Секретна Звезда",
      "HOW_IT_WORKS": "Как работи",
      "DOWNLOAD_APP": "Изтегли приложението",
      
      "ONE_TIME_SECRET_MESSAGING_TITLE": "Еднократни Секретни Съобщения",
      "ONE_TIME_SECRET_MESSAGING_SUBTITLE": "Споделете тайни и те изчезват!",
      
      "ENCRYPTED_PROTECTED_BY": "Шифровано, сигурно и защитено от Stellar Security",
      "WITHOUT_TRACE_TITLE": "Без следи",
      "WITHOUT_TRACE_DESCRIPTION": "Ние осигуряваме силна защита на вашата чувствителна информация. Всички данни се шифроват на клиентската страна. Не знаем вашия IP адрес, какво споделяте или с кого споделяте тайните връзки - и най-важното, съдържанието.",
      
      "PRIVACY_PROTECTED_TITLE": "Защита на личните данни",
      "PRIVACY_PROTECTED_DESCRIPTION": "Вие сте единственият, който знае връзката към секретната информация, която сте създали, и с кого я споделяте. При създаване на тайна можете да добавите парола преди тя да бъде отключена. Също така е възможно да зададете време на изтичане. Независимо от всичко, една тайна ще бъде изтрита след 14 дни.",
      
      "END_TO_END_ENCRYPTED_TITLE": "Шифроване от край до край",
      "END_TO_END_ENCRYPTED_DESCRIPTION": "Всички връзки и съдържание се хешират на клиентската страна, което означава, че дори ние не знаем връзката и съдържанието. Всяка връзка има уникален идентификатор с дължина от 36, който е еднопосочно шифрован за достъп до Секретното съобщение и неговото съдържание, което е шифровано с AES-256.",
      
      "HOW_IT_WORKS_TITLE": "Как работи?",
      "STEP_1_TITLE": "Напишете съобщението си и/или генерирайте парола",
      "STEP_2_TITLE": "Създайте секретна връзка",
      "STEP_3_TITLE": "Споделете връзката",
      
      "COMPANY_LOGO_ALT": "Лого на компанията",
      
      "SHARE_TITLE": "Споделете секретно съобщение",
      "SHARE_DESCRIPTION_PART_1": "Напишете и изпратете съобщение, то ще бъде",
      "SHARE_DESCRIPTION_PART_2": "изтрито след прочитане.",
      
      "SHARE_BULLET_1": "Без следи.",
      "SHARE_BULLET_2": "Защита на личните данни",
      "SHARE_BULLET_3": "Еднократна видимост",
      
      "SHARE_ENCRYPTED_BY": "Шифровано, сигурно и защитено от Stellar Security",
      
      "SHARE_TEXTAREA_PLACEHOLDER": "Напишете вашето секретно съобщение, парола или чувствителна информация *",
      "SHARE_OPTIONS": "Опции",
      
      "SHARE_EMPTY": "Оставете празно, ако няма.",
      "SHARE_BUTTON": "Създайте секретна връзка",
      
      "CREATED_TITLE": "Вашата тайна беше създадена",
      "CREATED_SUBTITLE": "Тя ще бъде показана само веднъж",
      
      "CREATED_TITLE_SHARE": "Копирайте връзката или я споделете.",
      "CREATED_BUTTON": "КОПИРАЙ",
      "CREATED_CREATE_SECRET": "Създайте нова тайна",
      "CREATED_BURNSECRET": "Изпепелете тайната",
      "URL_COPIED": "URL адресът е копиран.",
      "SHARE_BURNER_TIME": "Живот",
      "SHARE_PASS_PHRASE": "Парола",
      "VIEW_SECRET": "Вижте тайна"
    },
    "HOWITWORK": {
      "HEADER_TITLE": "Секретна Звезда",
      "HOW_IT_WORKS": "Как работи",
      "DOWNLOAD_APP": "Изтегли приложението",
      
      "ONE_TIME_SECRET_MESSAGING_TITLE": "Еднократни Секретни Съобщения",
      "ONE_TIME_SECRET_MESSAGING_SUBTITLE": "Споделете тайни и те изчезват!",
      
      "ENCRYPTED_PROTECTED_BY": "Шифровано, сигурно и защитено от Stellar Security",
      "WITHOUT_TRACE_TITLE": "Без следи",
      "WITHOUT_TRACE_DESCRIPTION": "Ние осигуряваме силна защита на вашата чувствителна информация. Всички данни се шифроват на клиентската страна. Не знаем вашия IP адрес, какво споделяте или с кого споделяте тайните връзки - и най-важното, съдържанието.",
      
      "PRIVACY_PROTECTED_TITLE": "Защита на личните данни",
      "PRIVACY_PROTECTED_DESCRIPTION": "Вие сте единственият, който знае връзката към секретната информация, която сте създали, и с кого я споделяте. При създаване на тайна можете да добавите парола преди тя да бъде отключена. Също така е възможно да зададете време на изтичане. Независимо от всичко, една тайна ще бъде изтрита след 14 дни.",
      
      "END_TO_END_ENCRYPTED_TITLE": "Шифроване от край до край",
      "END_TO_END_ENCRYPTED_DESCRIPTION": "Всички връзки и съдържание се хешират на клиентската страна, което означава, че дори ние не знаем връзката и съдържанието. Всяка връзка има уникален идентификатор с дължина от 36, който е еднопосочно шифрован за достъп до Секретното съобщение и неговото съдържание, което е шифровано с AES-256.",
      
      "HOW_IT_WORKS_TITLE": "Как работи?",
      "STEP_1_TITLE": "Напишете съобщението си и/или генерирайте парола",
      "STEP_2_TITLE": "Създайте секретна връзка",
      "STEP_3_TITLE": "Споделете връзката",
      
      "COMPANY_LOGO_ALT": "Лого на компанията",
      
      "SHARE_TITLE": "Споделете секретно съобщение",
      "SHARE_DESCRIPTION_PART_1": "Напишете и изпратете съобщение, то ще бъде",
      "SHARE_DESCRIPTION_PART_2": "изтрито след прочитане.",
      
      "SHARE_BULLET_1": "Без следи.",
      "SHARE_BULLET_2": "Защита на личните данни",
      "SHARE_BULLET_3": "Еднократна видимост",
      
      "SHARE_ENCRYPTED_BY": "Шифровано, сигурно и защитено от Stellar Security",
      
      "SHARE_TEXTAREA_PLACEHOLDER": "Напишете вашето секретно съобщение, парола или чувствителна информация *",
      "SHARE_OPTIONS": "Опции",
      
      "SHARE_EMPTY": "Оставете празно, ако няма.",
      "SHARE_BUTTON": "Създайте секретна връзка",
      
      "CREATED_TITLE": "Вашата тайна беше създадена",
      "CREATED_SUBTITLE": "Тя ще бъде показана само веднъж",
      
      "CREATED_TITLE_SHARE": "Копирайте връзката или я споделете.",
      "CREATED_BUTTON": "КОПИРАЙ",
      "CREATED_CREATE_SECRET": "Създайте нова тайна",
      "CREATED_BURNSECRET": "Изпепелете тайната",
      "URL_COPIED": "URL адресът е копиран.",
      
      "VIEW_SECRET": "Вижте тайна"
    },
    "CREATEDPAGE": {
      "CREATEDPAGE": "Секретна Звезда",
      "HOW_IT_WORKS": "Как работи",
      "DOWNLOAD_APP": "Изтегли приложението",
      "CREATED_TITLE": "Вашата тайна беше създадена",
      "CREATED_SUBTITLE": "Тя ще бъде показана само веднъж",
      "CREATED_TITLE_SHARE": "Копирайте връзката или я споделете.",
      "CREATED_BUTTON": "КОПИРАЙ",
      "CREATED_CREATE_SECRET": "Създайте нова тайна",
      "CREATED_BURNSECRET": "Изпепелете тайната",
      "URL_COPIED": "URL адресът е копиран."
    },
    "CONFIRMATION": {
      "YOURE_GONNA_BURN_THIS_SECRET": "Ще изпепелите тази тайна",
      "SECRET_UNAVAILABLE_TEXT": "Тя няма да бъде налична повече",
      "BURN_FOREVER": "Изпепелете завинаги",
      "CANCEL": "Отказ"
    },
    "VIEW": {
      "LOGO_TEXT": "Секретна Звезда",
      "HOW_IT_WORKS": "Как работи",
      "DOWNLOAD_APP": "Изтегли приложението",
      "WELCOME_MESSAGE": "Здравейте, получихте секретно съобщение!",
      "INSTRUCTION": "Напишете и изпратете съобщение, то ще бъде изтрито след прочитане.",
      "SHOW_MESSAGE_ONCE": "Следващото съобщение ще бъде показано <strong>само веднъж</strong>",
      "OPEN_SECRET_MESSAGE": "Отворете секретното съобщение",
      "INPUT_PASSPHRASE": "Въведете парола",
      "PASS_PHRASE_PLACEHOLDER": "Парола",
      "OPEN_SECRET_BUTTON": "Отворете секретното съобщение",
      "YOUR_SECRET_MESSAGE": "Вашето секретно съобщение",
      "COPY": "Копирай",
      "MESSAGE_LABEL": "Съобщение",
      "REPLY": "Отговор",
      "DOWNLOAD_MESSAGE": "Изтеглете Stellar Secret на мобилното си устройство, създайте своите секретни съобщения",
      "WITHOUT_TRACE": "Без следи.",
      "PRIVACY_PROTECTED": "Защита на личните данни",
      "ONE_TIME_VIEWABLE": "Еднократна видимост",
      "SECURITY_TEXT": "Шифровано, сигурно и защитено от ",
      "SECURITY_TEXT2": "Stellar Security"
    }
  }
  