{
    "HOME": {
      "HEADER_TITLE": "स्टेलर सीक्रेट",
      "HOW_IT_WORKS": "कैसे काम करता है",
      "DOWNLOAD_APP": "एप डाउनलोड करें",
      
      "ONE_TIME_SECRET_MESSAGING_TITLE": "एक बार का सीक्रेट मैसेजिंग",
      "ONE_TIME_SECRET_MESSAGING_SUBTITLE": "सीक्रेट्स शेयर करें, और गायब हो जाएँ!",
      
      "ENCRYPTED_PROTECTED_BY": "एन्क्रिप्टेड, सुरक्षित और स्टेलर सुरक्षा द्वारा संरक्षित",
      "WITHOUT_TRACE_TITLE": "कोई निशान नहीं",
      "WITHOUT_TRACE_DESCRIPTION": "हम आपकी संवेदनशील जानकारी की मजबूत सुरक्षा सुनिश्चित करते हैं। सभी डेटा क्लाइंट-साइड पर एन्क्रिप्ट किया जाता है। हम आपका IP पता नहीं जानते, आप क्या शेयर करते हैं, या आप सीक्रेट लिंक किसके साथ शेयर करते हैं - और सबसे महत्वपूर्ण, सामग्री।",
      
      "PRIVACY_PROTECTED_TITLE": "गोपनीयता संरक्षित",
      "PRIVACY_PROTECTED_DESCRIPTION": "आप ही एकमात्र व्यक्ति हैं जो आपके द्वारा बनाए गए सीक्रेट जानकारी के लिंक और जिसे आप इसे शेयर करते हैं, को जानते हैं। सीक्रेट बनाने के दौरान, आप एक पासवर्ड जोड़ सकते हैं जिससे इसे खोला जा सके। आप एक बर्नर-टाइम भी सेट कर सकते हैं। कोई भी बात हो, एक सीक्रेट 14 दिनों के बाद हटा दिया जाएगा।",
      
      "END_TO_END_ENCRYPTED_TITLE": "एंड-टू-एंड एन्क्रिप्टेड",
      "END_TO_END_ENCRYPTED_DESCRIPTION": "सभी लिंक और सामग्री क्लाइंट-साइड पर हैश की गई हैं, जिसका अर्थ है कि यहां तक कि हम भी लिंक और सामग्री को नहीं जानते हैं। प्रत्येक लिंक की एक अद्वितीय आईडी होती है जिसकी लंबाई 36 होती है जो एक-तरफा एन्क्रिप्शन है जिससे सीक्रेट मैसेज और इसकी सामग्री को AES-256 से एन्क्रिप्ट किया जाता है।",
      
      "HOW_IT_WORKS_TITLE": "यह कैसे काम करता है?",
      "STEP_1_TITLE": "अपना मैसेज और/या पासवर्ड जनरेट करें",
      "STEP_2_TITLE": "सीक्रेट लिंक बनाएं",
      "STEP_3_TITLE": "लिंक शेयर करें",
      
      "COMPANY_LOGO_ALT": "कंपनी लोगो",
      
      "SHARE_TITLE": "एक सीक्रेट मैसेज शेयर करें",
      "SHARE_DESCRIPTION_PART_1": "लिखें और भेजें, यह",
      "SHARE_DESCRIPTION_PART_2": "पढ़े जाने के बाद हटा दिया जाएगा।",
      
      "SHARE_BULLET_1": "कोई निशान नहीं।",
      "SHARE_BULLET_2": "गोपनीयता संरक्षित",
      "SHARE_BULLET_3": "एक बार देखने योग्य",
      
      "SHARE_ENCRYPTED_BY": "एन्क्रिप्टेड, सुरक्षित और स्टेलर सुरक्षा द्वारा संरक्षित",
      
      "SHARE_TEXTAREA_PLACEHOLDER": "अपना सीक्रेट मैसेज, पासवर्ड या संवेदनशील जानकारी लिखें *",
      "SHARE_OPTIONS": "विकल्प",
      
      "SHARE_EMPTY": "कोई नहीं छोड़ें।",
      "SHARE_BUTTON": "सीक्रेट लिंक बनाएं",
      
      "CREATED_TITLE": "आपका सीक्रेट बन गया",
      "CREATED_SUBTITLE": "यह केवल एक बार दिखाया जाएगा",
      
      "CREATED_TITLE_SHARE": "लिंक कॉपी करें या शेयर करें।",
      "CREATED_BUTTON": "कॉपी करें",
      "CREATED_CREATE_SECRET": "नया सीक्रेट बनाएं",
      "CREATED_BURNSECRET": "सीक्रेट जलाएं",
      "URL_COPIED": "URL कॉपी कर लिया गया है।",
      "SHARE_BURNER_TIME": "जीवनकाल",
      "SHARE_PASS_PHRASE": "पासफ्रेज",
      "VIEW_SECRET": "सीक्रेट देखें"
    },
    "HOWITWORK": {
      "HEADER_TITLE": "स्टेलर सीक्रेट",
      "HOW_IT_WORKS": "कैसे काम करता है",
      "DOWNLOAD_APP": "एप डाउनलोड करें",
      
      "ONE_TIME_SECRET_MESSAGING_TITLE": "एक बार का सीक्रेट मैसेजिंग",
      "ONE_TIME_SECRET_MESSAGING_SUBTITLE": "सीक्रेट्स शेयर करें, और गायब हो जाएँ!",
      
      "ENCRYPTED_PROTECTED_BY": "एन्क्रिप्टेड, सुरक्षित और स्टेलर सुरक्षा द्वारा संरक्षित",
      "WITHOUT_TRACE_TITLE": "कोई निशान नहीं",
      "WITHOUT_TRACE_DESCRIPTION": "हम आपकी संवेदनशील जानकारी की मजबूत सुरक्षा सुनिश्चित करते हैं। सभी डेटा क्लाइंट-साइड पर एन्क्रिप्ट किया जाता है। हम आपका IP पता नहीं जानते, आप क्या शेयर करते हैं, या आप सीक्रेट लिंक किसके साथ शेयर करते हैं - और सबसे महत्वपूर्ण, सामग्री।",
      
      "PRIVACY_PROTECTED_TITLE": "गोपनीयता संरक्षित",
      "PRIVACY_PROTECTED_DESCRIPTION": "आप ही एकमात्र व्यक्ति हैं जो आपके द्वारा बनाए गए सीक्रेट जानकारी के लिंक और जिसे आप इसे शेयर करते हैं, को जानते हैं। सीक्रेट बनाने के दौरान, आप एक पासवर्ड जोड़ सकते हैं जिससे इसे खोला जा सके। आप एक बर्नर-टाइम भी सेट कर सकते हैं। कोई भी बात हो, एक सीक्रेट 14 दिनों के बाद हटा दिया जाएगा।",
      
      "END_TO_END_ENCRYPTED_TITLE": "एंड-टू-एंड एन्क्रिप्टेड",
      "END_TO_END_ENCRYPTED_DESCRIPTION": "सभी लिंक और सामग्री क्लाइंट-साइड पर हैश की गई हैं, जिसका अर्थ है कि यहां तक कि हम भी लिंक और सामग्री को नहीं जानते हैं। प्रत्येक लिंक की एक अद्वितीय आईडी होती है जिसकी लंबाई 36 होती है जो एक-तरफा एन्क्रिप्शन है जिससे सीक्रेट मैसेज और इसकी सामग्री को AES-256 से एन्क्रिप्ट किया जाता है।",
      
      "HOW_IT_WORKS_TITLE": "यह कैसे काम करता है?",
      "STEP_1_TITLE": "अपना मैसेज और/या पासवर्ड जनरेट करें",
      "STEP_2_TITLE": "सीक्रेट लिंक बनाएं",
      "STEP_3_TITLE": "लिंक शेयर करें",
      
      "COMPANY_LOGO_ALT": "कंपनी लोगो",
      
      "SHARE_TITLE": "एक सीक्रेट मैसेज शेयर करें",
      "SHARE_DESCRIPTION_PART_1": "लिखें और भेजें, यह",
      "SHARE_DESCRIPTION_PART_2": "पढ़े जाने के बाद हटा दिया जाएगा।",
      
      "SHARE_BULLET_1": "कोई निशान नहीं।",
      "SHARE_BULLET_2": "गोपनीयता संरक्षित",
      "SHARE_BULLET_3": "एक बार देखने योग्य",
      
      "SHARE_ENCRYPTED_BY": "एन्क्रिप्टेड, सुरक्षित और स्टेलर सुरक्षा द्वारा संरक्षित",
      
      "SHARE_TEXTAREA_PLACEHOLDER": "अपना सीक्रेट मैसेज, पासवर्ड या संवेदनशील जानकारी लिखें *",
      "SHARE_OPTIONS": "विकल्प",
      
      "SHARE_EMPTY": "कोई नहीं छोड़ें।",
      "SHARE_BUTTON": "सीक्रेट लिंक बनाएं",
      
      "CREATED_TITLE": "आपका सीक्रेट बन गया",
      "CREATED_SUBTITLE": "यह केवल एक बार दिखाया जाएगा",
      
      "CREATED_TITLE_SHARE": "लिंक कॉपी करें या शेयर करें।",
      "CREATED_BUTTON": "कॉपी करें",
      "CREATED_CREATE_SECRET": "नया सीक्रेट बनाएं",
      "CREATED_BURNSECRET": "सीक्रेट जलाएं",
      "URL_COPIED": "URL कॉपी कर लिया गया है।",
      
      "VIEW_SECRET": "सीक्रेट देखें"
    },
    "CREATEDPAGE": {
      "CREATEDPAGE": "स्टेलर सीक्रेट",
      "HOW_IT_WORKS": "कैसे काम करता है",
      "DOWNLOAD_APP": "एप डाउनलोड करें",
      "CREATED_TITLE": "आपका सीक्रेट बन गया",
      "CREATED_SUBTITLE": "यह केवल एक बार दिखाया जाएगा",
      "CREATED_TITLE_SHARE": "लिंक कॉपी करें या शेयर करें।",
      "CREATED_BUTTON": "कॉपी करें",
      "CREATED_CREATE_SECRET": "नया सीक्रेट बनाएं",
      "CREATED_BURNSECRET": "सीक्रेट जलाएं",
      "URL_COPIED": "URL कॉपी कर लिया गया है।"
    },
    "CONFIRMATION": {
      "YOURE_GONNA_BURN_THIS_SECRET": "आप इस सीक्रेट को जलाने वाले हैं",
      "SECRET_UNAVAILABLE_TEXT": "यह अब उपलब्ध नहीं रहेगा",
      "BURN_FOREVER": "सदैव जलाएं",
      "CANCEL": "रद्द करें"
    },
    "VIEW": {
      "LOGO_TEXT": "स्टेलर सीक्रेट",
      "HOW_IT_WORKS": "कैसे काम करता है",
      "DOWNLOAD_APP": "एप डाउनलोड करें",
      "WELCOME_MESSAGE": "नमस्ते, आपको एक सीक्रेट मैसेज मिला है!",
      "INSTRUCTION": "लिखें और भेजें, यह पढ़े जाने के बाद हटा दिया जाएगा।",
      "SHOW_MESSAGE_ONCE": "निम्नलिखित मैसेज केवल <strong>एक बार</strong> दिखाया जाएगा",
      "OPEN_SECRET_MESSAGE": "सीक्रेट मैसेज खोलें",
      "INPUT_PASSPHRASE": "पासफ्रेज दर्ज करें",
      "PASS_PHRASE_PLACEHOLDER": "पासफ्रेज",
      "OPEN_SECRET_BUTTON": "सीक्रेट मैसेज खोलें",
      "YOUR_SECRET_MESSAGE": "आपका सीक्रेट मैसेज",
      "COPY": "कॉपी करें",
      "MESSAGE_LABEL": "मैसेज",
      "REPLY": "जवाब दें",
      "DOWNLOAD_MESSAGE": "मोबाइल पर स्टेलर सीक्रेट डाउनलोड करें, अपने सीक्रेट मैसेज बनाएं",
      "WITHOUT_TRACE": "कोई निशान नहीं।",
      "PRIVACY_PROTECTED": "गोपनीयता संरक्षित",
      "ONE_TIME_VIEWABLE": "एक बार देखने योग्य",
      "SECURITY_TEXT": "एन्क्रिप्टेड, सुरक्षित और संरक्षित ",
      "SECURITY_TEXT2": "स्टेलर सुरक्षा द्वारा"
    }
  }
  