{
    "HOME": {
      "HEADER_TITLE": "Stellar Secret",
      "HOW_IT_WORKS": "Ka fɛ",
      "DOWNLOAD_APP": "Telecɛ app",
      
      "ONE_TIME_SECRET_MESSAGING_TITLE": "Kɛlɛ fɛrɛ kɛ nɛbɛ",
      "ONE_TIME_SECRET_MESSAGING_SUBTITLE": "Dɔɔnin kɛ nɛbɛ, a ka bɔ!",
      
      "ENCRYPTED_PROTECTED_BY": "Sukuran, alayen ye kɛnɛ ka Stellar Security",
      "WITHOUT_TRACE_TITLE": "Kɔrɔ yera",
      "WITHOUT_TRACE_DESCRIPTION": "N na ka fɛrɛsɛ bɔra kɛlɛya ka sigi. N bɔ min wɛrɛ, i bɔ kɛ nɛbɛ, an bɔ min nɛ fɛrɛsɛ ni bɔ kɛ i ka yɛlɛdɔ. - ka wɛrɛ bɛ bɛ.",
      
      "PRIVACY_PROTECTED_TITLE": "Siraba tɛrɛ",
      "PRIVACY_PROTECTED_DESCRIPTION": "I ni ka kɛ nɛbɛ kɛ siraba bɔ i ye ka sɛbɛ. Kɛnɛ bɛ yɛlɛ dɔɔni a nɛbɛ, i tɔrɔ a jɔgɔ sisan kɛ ka fɛrɛ. N bɛ tɛgɛ nɛ tɛkɛ 14 fɛ.",
      
      "END_TO_END_ENCRYPTED_TITLE": "Kɛlɛ fɛrɛ nyɔgɔ tɛ",
      "END_TO_END_ENCRYPTED_DESCRIPTION": "Kɔrɔ bɛ ni fɛrɛ kɛ baara ka sigi, nɛ kɔ ni i fɛrɛ tɛ. N bɛ yɛlɛ jɛdi 36 bɛ, ka kɔ fɛrɛ kɛlɛ nyɔgɔ ni AES-256.",
      
      "HOW_IT_WORKS_TITLE": "Ka fɛ?",
      "STEP_1_TITLE": "Kɛnɛ bɛ sɔgɔ fɛrɛ ni bɔ ka fɛrɛ",
      "STEP_2_TITLE": "Nɛbɛ kɛ fɛrɛ",
      "STEP_3_TITLE": "Sɛbɛ nɛbɛ",
      
      "COMPANY_LOGO_ALT": "Jankɛ Logo",
      
      "SHARE_TITLE": "Sɛbɛ nɛbɛ fɛrɛ",
      "SHARE_DESCRIPTION_PART_1": "Kɛnɛ bɛ ni sɔgɔ, i bɛ",
      "SHARE_DESCRIPTION_PART_2": "sigi kɛ tɛmɛ.",
      
      "SHARE_BULLET_1": "Kɔrɔ yera.",
      "SHARE_BULLET_2": "Siraba tɛrɛ",
      "SHARE_BULLET_3": "Kɛlɛ fɛrɛ nyɔgɔ",
      
      "SHARE_ENCRYPTED_BY": "Sukuran, alayen ye kɛnɛ ka Stellar Security",
      
      "SHARE_TEXTAREA_PLACEHOLDER": "Kɛnɛ bɛ fɛrɛ, bɔ ka sɛbɛ ni ni fɛrɛ *",
      "SHARE_OPTIONS": "Sikɔrɔ",
      
      "SHARE_EMPTY": "Bɛ fɔrɔ tɛ.",
      "SHARE_BUTTON": "Nɛbɛ kɛ fɛrɛ",
      
      "CREATED_TITLE": "I nɛbɛ bɛ kɛ",
      "CREATED_SUBTITLE": "A bɛ kɛ fɛrɛ sisan",
      
      "CREATED_TITLE_SHARE": "Bɔ nɛbɛ an bɔ.",
      "CREATED_BUTTON": "KOPI",
      "CREATED_CREATE_SECRET": "Nɛbɛ kɛ sisan",
      "CREATED_BURNSECRET": "Sɛbɛ kɛ nɛbɛ",
      "URL_COPIED": "Nɛbɛ URL bɛ kopii.",
      "SHARE_BURNER_TIME":"Bɔ fɛ",
      "SHARE_PASS_PHRASE":"Sɛbɛ",
      "VIEW_SECRET": "Sɛbɛ nɛbɛ"
    },
    "HOWITWORK": {
      "HEADER_TITLE": "Stellar Secret",
      "HOW_IT_WORKS": "Ka fɛ",
      "DOWNLOAD_APP": "Telecɛ app",
      
      "ONE_TIME_SECRET_MESSAGING_TITLE": "Kɛlɛ fɛrɛ kɛ nɛbɛ",
      "ONE_TIME_SECRET_MESSAGING_SUBTITLE": "Dɔɔnin kɛ nɛbɛ, a ka bɔ!",
      
      "ENCRYPTED_PROTECTED_BY": "Sukuran, alayen ye kɛnɛ ka Stellar Security",
      "WITHOUT_TRACE_TITLE": "Kɔrɔ yera",
      "WITHOUT_TRACE_DESCRIPTION": "N na ka fɛrɛsɛ bɔra kɛlɛya ka sigi. N bɔ min wɛrɛ, i bɔ kɛ nɛbɛ, an bɔ min nɛ fɛrɛsɛ ni bɔ kɛ i ka yɛlɛdɔ. - ka wɛrɛ bɛ bɛ.",
      
      "PRIVACY_PROTECTED_TITLE": "Siraba tɛrɛ",
      "PRIVACY_PROTECTED_DESCRIPTION": "I ni ka kɛ nɛbɛ kɛ siraba bɔ i ye ka sɛbɛ. Kɛnɛ bɛ yɛlɛ dɔɔni a nɛbɛ, i tɔrɔ a jɔgɔ sisan kɛ ka fɛrɛ. N bɛ tɛgɛ nɛ tɛkɛ 14 fɛ.",
      
      "END_TO_END_ENCRYPTED_TITLE": "Kɛlɛ fɛrɛ nyɔgɔ tɛ",
      "END_TO_END_ENCRYPTED_DESCRIPTION": "Kɔrɔ bɛ ni fɛrɛ kɛ baara ka sigi, nɛ kɔ ni i fɛrɛ tɛ. N bɛ yɛlɛ jɛdi 36 bɛ, ka kɔ fɛrɛ kɛlɛ nyɔgɔ ni AES-256.",
      
      "HOW_IT_WORKS_TITLE": "Ka fɛ?",
      "STEP_1_TITLE": "Kɛnɛ bɛ sɔgɔ fɛrɛ ni bɔ ka fɛrɛ",
      "STEP_2_TITLE": "Nɛbɛ kɛ fɛrɛ",
      "STEP_3_TITLE": "Sɛbɛ nɛbɛ",
      
      "COMPANY_LOGO_ALT": "Jankɛ Logo",
      
      "SHARE_TITLE": "Sɛbɛ nɛbɛ fɛrɛ",
      "SHARE_DESCRIPTION_PART_1": "Kɛnɛ bɛ ni sɔgɔ, i bɛ",
      "SHARE_DESCRIPTION_PART_2": "sigi kɛ tɛmɛ.",
      
      "SHARE_BULLET_1": "Kɔrɔ yera.",
      "SHARE_BULLET_2": "Siraba tɛrɛ",
      "SHARE_BULLET_3": "Kɛlɛ fɛrɛ nyɔgɔ",
      
      "SHARE_ENCRYPTED_BY": "Sukuran, alayen ye kɛnɛ ka Stellar Security",
      
      "SHARE_TEXTAREA_PLACEHOLDER": "Kɛnɛ bɛ fɛrɛ, bɔ ka sɛbɛ ni ni fɛrɛ *",
      "SHARE_OPTIONS": "Sikɔrɔ",
      
      "SHARE_EMPTY": "Bɛ fɔrɔ tɛ.",
      "SHARE_BUTTON": "Nɛbɛ kɛ fɛrɛ",
      
      "CREATED_TITLE": "I nɛbɛ bɛ kɛ",
      "CREATED_SUBTITLE": "A bɛ kɛ fɛrɛ sisan",
      
      "CREATED_TITLE_SHARE": "Bɔ nɛbɛ an bɔ.",
      "CREATED_BUTTON": "KOPI",
      "CREATED_CREATE_SECRET": "Nɛbɛ kɛ sisan",
      "CREATED_BURNSECRET": "Sɛbɛ kɛ nɛbɛ",
      "URL_COPIED": "Nɛbɛ URL bɛ kopii.",
      
      "VIEW_SECRET": "Sɛbɛ nɛbɛ"
    },
    "CREATEDPAGE": {
      "CREATEDPAGE": "Stellar Secret",
      "HOW_IT_WORKS": "Ka fɛ",
      "DOWNLOAD_APP": "Telecɛ app",
      "CREATED_TITLE": "I nɛbɛ bɛ kɛ",
      "CREATED_SUBTITLE": "A bɛ kɛ fɛrɛ sisan",
      "CREATED_TITLE_SHARE": "Bɔ nɛbɛ an bɔ.",
      "CREATED_BUTTON": "KOPI",
      "CREATED_CREATE_SECRET": "Nɛbɛ kɛ sisan",
      "CREATED_BURNSECRET": "Sɛbɛ kɛ nɛbɛ",
      "URL_COPIED": "Nɛbɛ URL bɛ kopii."
    },
    "CONFIRMATION": {
      "YOURE_GONNA_BURN_THIS_SECRET": "I bɛ fɛrɛ nɛbɛ yi",
      "SECRET_UNAVAILABLE_TEXT": "A bɛ tɛ nɛ",
      "BURN_FOREVER": "Fɛrɛ kɛ nɛbɛ",
      "CANCEL": "Tɛgɛ"
    },
    "VIEW": {
      "LOGO_TEXT": "Stellar Secret",
      "HOW_IT_WORKS": "Ka fɛ",
      "DOWNLOAD_APP": "Telecɛ app",
      "WELCOME_MESSAGE": "A ni fɔ, i bɛ nɛbɛ fɛrɛ!",
      "INSTRUCTION": "Kɛnɛ bɛ ni sɔgɔ, i bɛ sigi kɛ tɛmɛ.",
      "SHOW_MESSAGE_ONCE": "A bɛ fɛrɛ <strong>sisan</strong>",
      "OPEN_SECRET_MESSAGE": "Fɛrɛ nɛbɛ",
      "INPUT_PASSPHRASE": "Sɛbɛ",
      "PASS_PHRASE_PLACEHOLDER": "Sɛbɛ",
      "OPEN_SECRET_BUTTON": "Fɛrɛ nɛbɛ",
      "YOUR_SECRET_MESSAGE": "I nɛbɛ fɛrɛ",
      "COPY": "KOPI",
      "MESSAGE_LABEL": "Fɛrɛ",
      "REPLY": "Kɔ",
      "DOWNLOAD_MESSAGE": "Telecɛ Stellar Secret yɛlɛ, nɛbɛ kɛ fɛrɛ",
      "WITHOUT_TRACE": "Kɔrɔ yera.",
      "PRIVACY_PROTECTED": "Siraba tɛrɛ",
      "ONE_TIME_VIEWABLE": "Kɛlɛ fɛrɛ nyɔgɔ",
      "SECURITY_TEXT": "Sukuran, alayen ye kɛnɛ ka ",
      "SECURITY_TEXT2": "Stellar Security"
    }
  }
  