{
    "HOME": {
      "HEADER_TITLE": "স্টেলার সিক্রেট",
      "HOW_IT_WORKS": "কীভাবে কাজ করে",
      "DOWNLOAD_APP": "অ্যাপ ডাউনলোড করুন",
      
      "ONE_TIME_SECRET_MESSAGING_TITLE": "এককালীন গোপন বার্তা",
      "ONE_TIME_SECRET_MESSAGING_SUBTITLE": "গোপনীয়তা শেয়ার করুন, এবং ঝাপসা হয়ে যাবে!",
      
      "ENCRYPTED_PROTECTED_BY": "স্টেলার সিকিউরিটি দ্বারা এনক্রিপ্ট করা, সুরক্ষিত এবং সংরক্ষিত",
      "WITHOUT_TRACE_TITLE": "ট্রেস ছাড়া",
      "WITHOUT_TRACE_DESCRIPTION": "আমরা আপনার সংবেদনশীল তথ্যের শক্তিশালী সুরক্ষা নিশ্চিত করি। সমস্ত ডেটা ক্লায়েন্ট-সাইডে এনক্রিপ্ট করা হয়। আমরা আপনার আইপি ঠিকানা জানি না, আপনি কী শেয়ার করছেন বা আপনি গোপন লিঙ্কগুলি কার সাথে শেয়ার করছেন - এবং সবচেয়ে গুরুত্বপূর্ণ, বিষয়বস্তু।",
      
      "PRIVACY_PROTECTED_TITLE": "গোপনীয়তা সুরক্ষিত",
      "PRIVACY_PROTECTED_DESCRIPTION": "আপিই একমাত্র যিনি আপনি যে গোপন তথ্যের লিঙ্কটি তৈরি করেছেন এবং আপনি কার সাথে এটি শেয়ার করছেন তা জানেন। একটি গোপনীয়তা তৈরি করার সময়, আপনি এটি আনলক করার আগে একটি পাসওয়ার্ড যোগ করতে পারেন। এছাড়াও একটি বার্নার-টাইম সেট করার সম্ভাবনা রয়েছে। যাই হোক না কেন, একটি গোপনীয়তা ১৪ দিনের পরে মুছে ফেলা হবে।",
      
      "END_TO_END_ENCRYPTED_TITLE": "এন্ড-টু-এন্ড এনক্রিপ্টেড",
      "END_TO_END_ENCRYPTED_DESCRIPTION": "সকল লিঙ্ক এবং বিষয়বস্তু ক্লায়েন্ট-সাইডে হ্যাশ করা হয়, যার মানে এমনকি আমরা লিঙ্ক এবং বিষয়বস্তু জানি না। প্রতিটি লিঙ্কের একটি অনন্য আইডি থাকে যার দৈর্ঘ্য ৩৬ যা একটি একমুখী এনক্রিপশন যা Secret Message এবং এর বিষয়বস্তু অ্যাক্সেস করতে সক্ষম। এটি AES-256 দ্বারা এনক্রিপ্ট করা হয়েছে।",
      
      "HOW_IT_WORKS_TITLE": "কীভাবে কাজ করে?",
      "STEP_1_TITLE": "আপনার বার্তা লিখুন এবং/অথবা পাসওয়ার্ড তৈরি করুন",
      "STEP_2_TITLE": "গোপন লিঙ্ক তৈরি করুন",
      "STEP_3_TITLE": "লিঙ্ক শেয়ার করুন",
      
      "COMPANY_LOGO_ALT": "কোম্পানির লোগো",
      
      "SHARE_TITLE": "একটি গোপন বার্তা শেয়ার করুন",
      "SHARE_DESCRIPTION_PART_1": "লিখুন এবং বার্তা পাঠান, এটি",
      "SHARE_DESCRIPTION_PART_2": "পড়ার পরে মুছে যাবে।",
      
      "SHARE_BULLET_1": "ট্রেস ছাড়া।",
      "SHARE_BULLET_2": "গোপনীয়তা সুরক্ষিত",
      "SHARE_BULLET_3": "এককালীন দৃশ্যমান",
      
      "SHARE_ENCRYPTED_BY": "স্টেলার সিকিউরিটি দ্বারা এনক্রিপ্ট করা, সুরক্ষিত এবং সংরক্ষিত",
      
      "SHARE_TEXTAREA_PLACEHOLDER": "আপনার গোপন বার্তা, পাসওয়ার্ড বা সংবেদনশীল তথ্য লিখুন *",
      "SHARE_OPTIONS": "বিকল্প",
      
      "SHARE_EMPTY": "কোনও কিছু না রাখুন।",
      "SHARE_BUTTON": "গোপন লিঙ্ক তৈরি করুন",
      
      "CREATED_TITLE": "আপনার গোপনীয়তা তৈরি করা হয়েছে",
      "CREATED_SUBTITLE": "এটি একবারই প্রদর্শিত হবে",
      
      "CREATED_TITLE_SHARE": "লিঙ্ক কপি করুন অথবা শেয়ার করুন।",
      "CREATED_BUTTON": "কপি",
      "CREATED_CREATE_SECRET": "নতুন গোপনীয়তা তৈরি করুন",
      "CREATED_BURNSECRET": "গোপনীয়তা জ্বালান",
      "URL_COPIED": "ইউআরএল কপি করা হয়েছে।",
      "SHARE_BURNER_TIME":"লাইফটাইম",
      "SHARE_PASS_PHRASE":"পাসফ্রেজ",
      "VIEW_SECRET": "গোপনীয়তা দেখুন"
    },
    "HOWITWORK": {
      "HEADER_TITLE": "স্টেলার সিক্রেট",
      "HOW_IT_WORKS": "কীভাবে কাজ করে",
      "DOWNLOAD_APP": "অ্যাপ ডাউনলোড করুন",
      
      "ONE_TIME_SECRET_MESSAGING_TITLE": "এককালীন গোপন বার্তা",
      "ONE_TIME_SECRET_MESSAGING_SUBTITLE": "গোপনীয়তা শেয়ার করুন, এবং ঝাপসা হয়ে যাবে!",
      
      "ENCRYPTED_PROTECTED_BY": "স্টেলার সিকিউরিটি দ্বারা এনক্রিপ্ট করা, সুরক্ষিত এবং সংরক্ষিত",
      "WITHOUT_TRACE_TITLE": "ট্রেস ছাড়া",
      "WITHOUT_TRACE_DESCRIPTION": "আমরা আপনার সংবেদনশীল তথ্যের শক্তিশালী সুরক্ষা নিশ্চিত করি। সমস্ত ডেটা ক্লায়েন্ট-সাইডে এনক্রিপ্ট করা হয়। আমরা আপনার আইপি ঠিকানা জানি না, আপনি কী শেয়ার করছেন বা আপনি গোপন লিঙ্কগুলি কার সাথে শেয়ার করছেন - এবং সবচেয়ে গুরুত্বপূর্ণ, বিষয়বস্তু।",
      
      "PRIVACY_PROTECTED_TITLE": "গোপনীয়তা সুরক্ষিত",
      "PRIVACY_PROTECTED_DESCRIPTION": "আপিই একমাত্র যিনি আপনি যে গোপন তথ্যের লিঙ্কটি তৈরি করেছেন এবং আপনি কার সাথে এটি শেয়ার করছেন তা জানেন। একটি গোপনীয়তা তৈরি করার সময়, আপনি এটি আনলক করার আগে একটি পাসওয়ার্ড যোগ করতে পারেন। এছাড়াও একটি বার্নার-টাইম সেট করার সম্ভাবনা রয়েছে। যাই হোক না কেন, একটি গোপনীয়তা ১৪ দিনের পরে মুছে ফেলা হবে।",
      
      "END_TO_END_ENCRYPTED_TITLE": "এন্ড-টু-এন্ড এনক্রিপ্টেড",
      "END_TO_END_ENCRYPTED_DESCRIPTION": "সকল লিঙ্ক এবং বিষয়বস্তু ক্লায়েন্ট-সাইডে হ্যাশ করা হয়, যার মানে এমনকি আমরা লিঙ্ক এবং বিষয়বস্তু জানি না। প্রতিটি লিঙ্কের একটি অনন্য আইডি থাকে যার দৈর্ঘ্য ৩৬ যা একটি একমুখী এনক্রিপশন যা Secret Message এবং এর বিষয়বস্তু অ্যাক্সেস করতে সক্ষম। এটি AES-256 দ্বারা এনক্রিপ্ট করা হয়েছে।",
      
      "HOW_IT_WORKS_TITLE": "কীভাবে কাজ করে?",
      "STEP_1_TITLE": "আপনার বার্তা লিখুন এবং/অথবা পাসওয়ার্ড তৈরি করুন",
      "STEP_2_TITLE": "গোপন লিঙ্ক তৈরি করুন",
      "STEP_3_TITLE": "লিঙ্ক শেয়ার করুন",
      
      "COMPANY_LOGO_ALT": "কোম্পানির লোগো",
      
      "SHARE_TITLE": "একটি গোপন বার্তা শেয়ার করুন",
      "SHARE_DESCRIPTION_PART_1": "লিখুন এবং বার্তা পাঠান, এটি",
      "SHARE_DESCRIPTION_PART_2": "পড়ার পরে মুছে যাবে।",
      
      "SHARE_BULLET_1": "ট্রেস ছাড়া।",
      "SHARE_BULLET_2": "গোপনীয়তা সুরক্ষিত",
      "SHARE_BULLET_3": "এককালীন দৃশ্যমান",
      
      "SHARE_ENCRYPTED_BY": "স্টেলার সিকিউরিটি দ্বারা এনক্রিপ্ট করা, সুরক্ষিত এবং সংরক্ষিত",
      
      "SHARE_TEXTAREA_PLACEHOLDER": "আপনার গোপন বার্তা, পাসওয়ার্ড বা সংবেদনশীল তথ্য লিখুন *",
      "SHARE_OPTIONS": "বিকল্প",
      
      "SHARE_EMPTY": "কোনও কিছু না রাখুন।",
      "SHARE_BUTTON": "গোপন লিঙ্ক তৈরি করুন",
      
      "CREATED_TITLE": "আপনার গোপনীয়তা তৈরি করা হয়েছে",
      "CREATED_SUBTITLE": "এটি একবারই প্রদর্শিত হবে",
      
      "CREATED_TITLE_SHARE": "লিঙ্ক কপি করুন অথবা শেয়ার করুন।",
      "CREATED_BUTTON": "কপি",
      "CREATED_CREATE_SECRET": "নতুন গোপনীয়তা তৈরি করুন",
      "CREATED_BURNSECRET": "গোপনীয়তা জ্বালান",
      "URL_COPIED": "ইউআরএল কপি করা হয়েছে।",
      
      "VIEW_SECRET": "গোপনীয়তা দেখুন"
    },
    "CREATEDPAGE": {
      "CREATEDPAGE": "স্টেলার সিক্রেট",
      "HOW_IT_WORKS": "কীভাবে কাজ করে",
      "DOWNLOAD_APP": "অ্যাপ ডাউনলোড করুন",
      "CREATED_TITLE": "আপনার গোপনীয়তা তৈরি করা হয়েছে",
      "CREATED_SUBTITLE": "এটি একবারই প্রদর্শিত হবে",
      "CREATED_TITLE_SHARE": "লিঙ্ক কপি করুন অথবা শেয়ার করুন।",
      "CREATED_BUTTON": "কপি",
      "CREATED_CREATE_SECRET": "নতুন গোপনীয়তা তৈরি করুন",
      "CREATED_BURNSECRET": "গোপনীয়তা জ্বালান",
      "URL_COPIED": "ইউআরএল কপি করা হয়েছে।"
    },
    "CONFIRMATION": {
      "YOURE_GONNA_BURN_THIS_SECRET": "আপনি এই গোপনীয়তা জ্বালাতে যাচ্ছেন",
      "SECRET_UNAVAILABLE_TEXT": "এটি আর উপলব্ধ থাকবে না",
      "BURN_FOREVER": "চিরকাল জ্বালান",
      "CANCEL": "বাতিল"
    },
    "VIEW": {
      "LOGO_TEXT": "স্টেলার সিক্রেট",
      "HOW_IT_WORKS": "কীভাবে কাজ করে",
      "DOWNLOAD_APP": "অ্যাপ ডাউনলোড করুন",
      "WELCOME_MESSAGE": "হাই, আপনি একটি গোপন বার্তা পেয়েছেন!",
      "INSTRUCTION": "লিখুন এবং বার্তা পাঠান, এটি পড়ার পরে মুছে যাবে।",
      "SHOW_MESSAGE_ONCE": "নিচের বার্তাটি <strong>একবারই</strong> প্রদর্শিত হবে",
      "OPEN_SECRET_MESSAGE": "গোপন বার্তা খুলুন",
      "INPUT_PASSPHRASE": "পাসফ্রেজ ইনপুট করুন",
      "PASS_PHRASE_PLACEHOLDER": "পাসফ্রেজ",
      "OPEN_SECRET_BUTTON": "গোপন বার্তা খুলুন",
      "YOUR_SECRET_MESSAGE": "আপনার গোপন বার্তা",
      "COPY": "কপি",
      "MESSAGE_LABEL": "বার্তা",
      "REPLY": "উত্তর দিন",
      "DOWNLOAD_MESSAGE": "মোবাইলে স্টেলার সিক্রেট ডাউনলোড করুন, আপনার গোপন বার্তাগুলি তৈরি করুন",
      "WITHOUT_TRACE": "ট্রেস ছাড়া।",
      "PRIVACY_PROTECTED": "গোপনীয়তা সুরক্ষিত",
      "ONE_TIME_VIEWABLE": "এককালীন দৃশ্যমান",
      "SECURITY_TEXT": "এনক্রিপ্ট করা, সুরক্ষিত এবং দ্বারা সুরক্ষিত",
      "SECURITY_TEXT2": "স্টেলার সিকিউরিটি"
    }
  }
  