{
    "HOME": {
      "HEADER_TITLE": "ᏍᏆᏍᏗᏍᏛᏍᏆᏍᏆᏍ",
      "HOW_IT_WORKS": "ᎯᎠ ᏛᏁᎯᎵᎠ",
      "DOWNLOAD_APP": "ᎦᎶᎦᎯᎯ ᎪᏛ",
      
      "ONE_TIME_SECRET_MESSAGING_TITLE": "ᏌᏌᏆᏅᏛᏗ ᏍᏛᏍᏆᏍᏆᏍ ᎩᎦᎾᏍᏆᏗ",
      "ONE_TIME_SECRET_MESSAGING_SUBTITLE": "ᏚᏩᏗᏟ ᏌᏌᏆᏅᏛᏗ ᎩᎦᎾᏍᏆᏗ, ᎠᎩᏍᏚᏂᏍᏆᏓᏏ",
      
      "ENCRYPTED_PROTECTED_BY": "ᏅᎩᎩᎦᎢᎠ, ᎦᎸᎪᎳᎢᎦᎢ Ᏹ ᏍᏛᏍᏆᏍᏆᏍ",
      "WITHOUT_TRACE_TITLE": "ᎦᎸᎪᎳ ᏯᏛᏒ",
      "WITHOUT_TRACE_DESCRIPTION": "ᏥᎦᏍᏙ ᎩᎦᎾᏍᏆᏗ ᏑᏃᏪᎯ ᎦᎸᎪᎳ ᎦᎸᎯᎢ ᎯᎠᎢᎦᎢ ᎤᏙᏪᎶᎢ. ᎤᏃᏄ ᏧᏣᏙᏗᏢ ᏙᏯᎢᎦᎢ, ᎯᎠ ᏣᏙᏗᏢ ᏛᏛᏟᏪᎢ ᎯᎠ ᏌᏋᏑᏌᏯᎢᎦᎢ - ᏟᏯ ᎠᎩᏍᏚᏂᏍᏆᏓᏏ",
      
      "PRIVACY_PROTECTED_TITLE": "ᎪᎩᏟ ᏍᏛᏍᏆᏍᏆᏍ",
      "PRIVACY_PROTECTED_DESCRIPTION": "ᏣᏙᏗᏢ ᏕᏜᏛᏣᏯ ᎩᎦᎾᏍᏆᏗ ᏗᎦᏕᏩᎢᎦᎢ ᏛᏟ ᎠᎩᏍᏚᏂᏍᏆᏓᏏ. ᎣᎦᏙᏉᎠ ᏚᏩᏟ ᎦᎵᎢᎦᎢ ᎪᎩᏟ ᏛᏚᏣᏏᏳᎠ ᎦᏙᏉᎢ. ᏝᏣᏙᏗᏢ ᎠᎩᏍᏚᏂᏍᏆᏓᏏ ᏅᏯ ᏛᏟ ᏌᏋᏑᏌᏯᎢ",
      
      "END_TO_END_ENCRYPTED_TITLE": "ᎠᏯᏢᏗ ᎩᎦᎾᏍᏆᏗ",
      "END_TO_END_ENCRYPTED_DESCRIPTION": "ᏗᎦᏕᏩᎢ ᏅᎩᎩᎦᎢᎠ ᎩᎦᎾᏍᏆᏗ Ᏹ ᎯᎠᎢᎦᎢ ᎩᎦᎾᏍᏆᏗ. ᎠᎩᏍᏚᏂᏍᏆᏓᏏ ᏂᎯᎠ ᏌᏋᏑᏌᏯᎢ ᏪᎦᎯ 36 ᎢᎦᎢ ᏗᎦᏕᏩᎢ ᏱᎠ ᏂᎯᎠ ᏗᎦᏕᏩᎢ ᏟᏋᏋᏗ ᏟᏯ ᏗᎦᏕᏩᎢ",
      
      "HOW_IT_WORKS_TITLE": "ᎯᎠ ᏛᏁᎯᎵᎠ?",
      "STEP_1_TITLE": "ᏙᎦᏙᎠ ᏍᏛᏍᏆᏍᏆᏍ ᏱᎠ ᎪᎩᏟ",
      "STEP_2_TITLE": "ᏅᎩᎦᎾ ᏌᏋᏑᏌᏯ",
      "STEP_3_TITLE": "ᏗᎦᏕᏩᎢ ᏌᏋᏑᏌᏯ",
      
      "COMPANY_LOGO_ALT": "ᎡᎳᎩᎪ ᏍᏛᏍᏆᏍᏆᏍ",
      
      "SHARE_TITLE": "ᏗᎦᏕᏩᎢ ᏍᏛᏍᏆᏍᏆᏍ ᏕᏜᏛᏣᏯ",
      "SHARE_DESCRIPTION_PART_1": "ᏙᎦᏙᎠ ᏍᏛᏍᏆᏍᏆᏍ ᏲᏟ",
      "SHARE_DESCRIPTION_PART_2": "ᏓᏛᏟᏯ",
      
      "SHARE_BULLET_1": "ᎦᎸᎪᎳ ᏯᏛᏒ",
      "SHARE_BULLET_2": "ᎪᎩᏟ ᏍᏛᏍᏆᏍᏆᏍ",
      "SHARE_BULLET_3": "ᏌᏋᏑᏌᏯᎢ ᏙᎦᏙᎠ",
      
      "SHARE_ENCRYPTED_BY": "ᏅᎩᎩᎦᎢᎠ, ᎦᎸᎪᎳᎢ Ᏹ ᏍᏛᏍᏆᏍᏆᏍ",
      
      "SHARE_TEXTAREA_PLACEHOLDER": "ᏙᎦᏙᎠ ᏍᏛᏍᏆᏍᏆᏍ ᏱᎠ ᎩᎦᎾᏍᏆᏗ ᏗᎦᏕᏩᎢ *",
      "SHARE_OPTIONS": "ᎧᏃᎩᎦᎢ",
      
      "SHARE_EMPTY": "ᎯᎠᎢ ᏱᎠ ᏙᎦᏙᎠ",
      "SHARE_BUTTON": "ᏗᎦᏕᏩᎢ ᏍᏛᏍᏆᏍᏆᏍ",
      
      "CREATED_TITLE": "ᎤᎩᏍᏚᏂᏍᏆᏓᏏ ᎢᎦᎢ",
      "CREATED_SUBTITLE": "ᎯᎠ ᏂᎯᎠ ᏛᏟᏯ",
      
      "CREATED_TITLE_SHARE": "ᎩᎦᎾᏍᏆᏗ ᎩᎦᎾᏍᏆᏗ ᎦᎵᎢᎦᎢ",
      "CREATED_BUTTON": "ᎩᎦᎾᏍᏆᏗ",
      "CREATED_CREATE_SECRET": "ᏂᎯᎠ ᏍᏛᏍᏆᏍᏆᏍ",
      "CREATED_BURNSECRET": "ᏚᏩᏟ ᏍᏛᏍᏆᏍᏆᏍ",
      "URL_COPIED": "ᎤᏃᏄ ᏍᏛᏍᏆᏍᏆᏍ",
      "SHARE_BURNER_TIME": "ᏅᎩᎩᎦᎢᎠ",
      "SHARE_PASS_PHRASE": "ᏕᏜᏛᏣᏯ",
      "VIEW_SECRET": "ᎤᏪᎠ ᏍᏛᏍᏆᏍᏆᏍ"
    },
    "HOWITWORK": {
      "HEADER_TITLE": "ᏍᏆᏍᏗᏍᏛᏍᏆᏍᏆᏍ",
      "HOW_IT_WORKS": "ᎯᎠ ᏛᏁᎯᎵᎠ",
      "DOWNLOAD_APP": "ᎦᎶᎦᎯᎯ ᎪᏛ",
      
      "ONE_TIME_SECRET_MESSAGING_TITLE": "ᏌᏌᏆᏅᏛᏗ ᏍᏛᏍᏆᏍᏆᏍ ᎩᎦᎾᏍᏆᏗ",
      "ONE_TIME_SECRET_MESSAGING_SUBTITLE": "ᏚᏩᏗᏟ ᏌᏌᏆᏅᏛᏗ ᎩᎦᎾᏍᏆᏗ, ᎠᎩᏍᏚᏂᏍᏆᏓᏏ",
      
      "ENCRYPTED_PROTECTED_BY": "ᏅᎩᎩᎦᎢᎠ, ᎦᎸᎪᎳᎢ Ᏹ ᏍᏛᏍᏆᏍᏆᏍ",
      "WITHOUT_TRACE_TITLE": "ᎦᎸᎪᎳ ᏯᏛᏒ",
      "WITHOUT_TRACE_DESCRIPTION": "ᏥᎦᏍᏙ ᎩᎦᎾᏍᏆᏗ ᏑᏃᏪᎯ ᎦᎸᎪᎳ ᎦᎸᎯᎢ ᎯᎠᎢᎦᎢ ᎤᏙᏪᎶᎢ. ᎤᏃᏄ ᏧᏣᏙᏗᏢ ᏙᏯᎢᎦᎢ, ᎯᎠ ᏣᏙᏗᏢ ᏛᏛᏟᏪᎢ ᎯᎠ ᏌᏋᏑᏌᏯᎢ",
      
      "PRIVACY_PROTECTED_TITLE": "ᎪᎩᏟ ᏍᏛᏍᏆᏍᏆᏍ",
      "PRIVACY_PROTECTED_DESCRIPTION": "ᏣᏙᏗᏢ ᏕᏜᏛᏣᏯ ᎩᎦᎾᏍᏆᏗ ᏗᎦᏕᏩᎢᎦᎢ ᏛᏟ ᎠᎩᏍᏚᏂᏍᏆᏓᏏ. ᎣᎦᏙᏉᎠ ᏚᏩᏟ ᎦᎵᎢᎦᎢ ᎪᎩᏟ ᏛᏚᏣᏏᏳᎠ ᎦᏙᏉᎢ. ᏝᏣᏙᏗᏢ ᎠᎩᏍᏚᏂᏍᏆᏓᏏ ᏅᏯ ᏛᏟ ᏌᏋᏑᏌᏯᎢ",
      
      "END_TO_END_ENCRYPTED_TITLE": "ᎠᏯᏢᏗ ᎩᎦᎾᏍᏆᏗ",
      "END_TO_END_ENCRYPTED_DESCRIPTION": "ᏗᎦᏕᏩᎢ ᏅᎩᎩᎦᎢᎠ ᎩᎦᎾᏍᏆᏗ ᏱᎠ ᏂᎯᎠ ᏗᎦᏕᏩᎢ ᏟᏋᏋᏗ ᏟᏯ ᏗᎦᏕᏩᎢ",
      
      "HOW_IT_WORKS_TITLE": "ᎯᎠ ᏛᏁᎯᎵᎠ?",
      "STEP_1_TITLE": "ᏙᎦᏙᎠ ᏍᏛᏍᏆᏍᏆᏍ ᏱᎠ ᎪᎩᏟ",
      "STEP_2_TITLE": "ᏅᎩᎦᎾ ᏌᏋᏑᏌᏯ",
      "STEP_3_TITLE": "ᏗᎦᏕᏩᎢ ᏌᏋᏑᏌᏯ",
      
      "COMPANY_LOGO_ALT": "ᎡᎳᎩᎪ ᏍᏛᏍᏆᏍᏆᏍ",
      
      "SHARE_TITLE": "ᏗᎦᏕᏩᎢ ᏍᏛᏍᏆᏍᏆᏍ ᏕᏜᏛᏣᏯ",
      "SHARE_DESCRIPTION_PART_1": "ᏙᎦᏙᎠ ᏍᏛᏍᏆᏍᏆᏍ ᏲᏟ",
      "SHARE_DESCRIPTION_PART_2": "ᏓᏛᏟᏯ",
      
      "SHARE_BULLET_1": "ᎦᎸᎪᎳ ᏯᏛᏒ",
      "SHARE_BULLET_2": "ᎪᎩᏟ ᏍᏛᏍᏆᏍᏆᏍ",
      "SHARE_BULLET_3": "ᏌᏋᏑᏌᏯᎢ ᏙᎦᏙᎠ",
      
      "SHARE_ENCRYPTED_BY": "ᏅᎩᎩᎦᎢᎠ, ᎦᎸᎪᎳᎢ Ᏹ ᏍᏛᏍᏆᏍᏆᏍ",
      
      "SHARE_TEXTAREA_PLACEHOLDER": "ᏙᎦᏙᎠ ᏍᏛᏍᏆᏍᏆᏍ, ᏕᏜᏛᏣᏯ Ᏹ ᏍᏛᏍᏆᏍᏆᏍ ᏑᏃᏪᎯ",
      "SHARE_OPTIONS": "ᎠᏯᏢᏗ",
      
      "SHARE_EMPTY": "ᏥᎦᏍᏙ ᎢᎦᎢ",
      "SHARE_BUTTON": "ᏥᎦᏍᏙ ᏍᏛᏍᏆᏍᏆᏍ",
      
      "CREATED_TITLE": "ᏣᏙᏗᏢ ᏛᏟᏯ",
      "CREATED_SUBTITLE": "ᏯᏛᏒ ᏴᏣᏙᏗᏢ ᎯᎠ",
      
      "CREATED_TITLE_SHARE": "ᎩᎦᎾᏍᏆᏗ ᎩᎦᎾᏍᏆᏗ ᎦᎵᎢᎦᎢ",
      "CREATED_BUTTON": "ᎩᎦᎾᏍᏆᏗ",
      "CREATED_CREATE_SECRET": "ᏂᎯᎠ ᏍᏛᏍᏆᏍᏆᏍ",
      "CREATED_BURNSECRET": "ᏚᏩᏟ ᏍᏛᏍᏆᏍᏆᏍ",
      "URL_COPIED": "ᎤᏃᏄ ᏍᏛᏍᏆᏍᏆᏍ",
      
      "VIEW_SECRET": "ᎤᏪᎠ ᏍᏛᏍᏆᏍᏆᏍ"
    },
    "CREATEDPAGE": {
      "CREATEDPAGE": "ᏍᏆᏍᏗᏍᏛᏍᏆᏍᏆᏍ",
      "HOW_IT_WORKS": "ᎯᎠ ᏛᏁᎯᎵᎠ",
      "DOWNLOAD_APP": "ᎦᎶᎦᎯᎯ ᎪᏛ",
      "CREATED_TITLE": "ᏣᏙᏗᏢ ᏛᏟᏯ",
      "CREATED_SUBTITLE": "ᏯᏛᏒ ᏴᏣᏙᏗᏢ ᎯᎠ",
      "CREATED_TITLE_SHARE": "ᎩᎦᎾᏍᏆᏗ ᎩᎦᎾᏍᏆᏗ ᎦᎵᎢᎦᎢ",
      "CREATED_BUTTON": "ᎩᎦᎾᏍᏆᏗ",
      "CREATED_CREATE_SECRET": "ᏂᎯᎠ ᏍᏛᏍᏆᏍᏆᏍ",
      "CREATED_BURNSECRET": "ᏚᏩᏟ ᏍᏛᏍᏆᏍᏆᏍ",
      "URL_COPIED": "ᎤᏃᏄ ᏍᏛᏍᏆᏍᏆᏍ"
    },
    "CONFIRMATION": {
      "YOURE_GONNA_BURN_THIS_SECRET": "ᎯᎠ ᎩᎦᎾᏍᏆᏗ ᏚᏩᏟᏯ",
      "SECRET_UNAVAILABLE_TEXT": "ᏯᏛᏒ ᏯᏛᏓᏛᏓ",
      "BURN_FOREVER": "ᎠᏯᏢᏗᏟ ᏚᏩᏟ",
      "CANCEL": "ᎩᏍᏚᏂᏍᏆᏓᏏ"
    },
    "VIEW": {
      "LOGO_TEXT": "ᏍᏆᏍᏗᏍᏛᏍᏆᏍᏆᏍ",
      "HOW_IT_WORKS": "ᎯᎠ ᏛᏁᎯᎵᎠ",
      "DOWNLOAD_APP": "ᎦᎶᎦᎯᎯ ᎪᏛ",
      "WELCOME_MESSAGE": "ᎣᎦᏙᎠ ᏥᎦᎾᏍᏆᏗ ᏕᏜᏛᏣᏯ!",
      "INSTRUCTION": "ᏙᎦᏙᎠ ᏍᏛᏍᏆᏍᏆᏍ ᏲᏟ",
      "SHOW_MESSAGE_ONCE": "ᏝᏣᏙᏗᏢ ᎠᎩᏍᏚᏂᏍᏆᏓᏏ <strong>ᏧᎩᎦᎾᏍᏆᏗ</strong>",
      "OPEN_SECRET_MESSAGE": "ᎣᎦᏙᎠ ᏍᏛᏍᏆᏍᏆᏍ",
      "INPUT_PASSPHRASE": "ᏂᎯᎠ ᏕᏜᏛᏣᏯ",
      "PASS_PHRASE_PLACEHOLDER": "ᏕᏜᏛᏣᏯ",
      "OPEN_SECRET_BUTTON": "ᎣᎦᏙᎠ ᏍᏛᏍᏆᏍᏆᏍ",
      "YOUR_SECRET_MESSAGE": "ᏣᏙᏗᏢ ᏍᏛᏍᏆᏍᏆᏍ",
      "COPY": "ᎩᎦᎾᏍᏆᏗ",
      "MESSAGE_LABEL": "ᎤᏪᎠ",
      "REPLY": "ᎠᎦᎾ",
      "DOWNLOAD_MESSAGE": "ᎦᎶᎦᎯᎯ ᏍᏛᏍᏆᏍᏆᏍ ᎦᏛᏍᏆᏍᏆᏍ, ᏙᎦᏙᎠ ᏍᏛᏍᏆᏍᏆᏍ",
      "WITHOUT_TRACE": "ᎦᎸᎪᎳ ᏯᏛᏒ",
      "PRIVACY_PROTECTED": "ᎪᎩᏟ ᏍᏛᏍᏆᏍᏆᏍ",
      "ONE_TIME_VIEWABLE": "ᏌᏋᏑᏌᏯᎢ ᏙᎦᏙᎠ",
      "SECURITY_TEXT": "ᏅᎩᎩᎦᎢᎠ, ᎦᎸᎪᎳᎢ",
      "SECURITY_TEXT2": "ᏍᏛᏍᏆᏍᏆᏍ"
    }
  }
  