{
    "HOME": {
      "HEADER_TITLE": "رازە کەسەکان",
      "HOW_IT_WORKS": "چۆن کاردەکات",
      "DOWNLOAD_APP": "داگرتنی ئیشکراوە",
      
      "ONE_TIME_SECRET_MESSAGING_TITLE": "پەیامە تایبەتی کاتێک",
      "ONE_TIME_SECRET_MESSAGING_SUBTITLE": "ڕەزامەکانت پارێزەر، و پاشان نیشتمانن!",
      
      "ENCRYPTED_PROTECTED_BY": "پەیامەکان بە تەقینەوە پارێزراوی تۆ بەرەوپێش هەریمەکانە",
      "WITHOUT_TRACE_TITLE": "بە بەرگەیەکی نیشانی",
      "WITHOUT_TRACE_DESCRIPTION": "ئێمە تایبەتمەندیە تایبەتی زانیاریەکانت پارێزە. هەموو زانیاریەکان لە شێوەی کلاسی پەیامەکان بەرز دەکرێن. ئەمە بەرەوپێش زانیاریەکانت بەرز دەکرێن.",
      
      "PRIVACY_PROTECTED_TITLE": "پارێزگاری تایبەتی",
      "PRIVACY_PROTECTED_DESCRIPTION": "تۆ تەنها کەسە لەسەر لینکە تایبەتیەکانت و کەسە کە لەگەڵی بەشە. کاتێک دەستکاری تایبەتیەکانت لەسەر ئیشکراوەکان، تۆ دەتوانیت تێبینی پەسفەرەکان زیاد بکەیت. هەروەها دەتوانیت کاتێک پارێزگر بکەیت. بە کەسی کە تەواوە ئەم تایبەتیەکانی پارێزەرە.",
      
      "END_TO_END_ENCRYPTED_TITLE": "پارێزەر بەرەوپێش هەریمەکان",
      "END_TO_END_ENCRYPTED_DESCRIPTION": "هەموو پەیامەکان و ناوەرۆکەکان لە شێوەی کلاسی، ئەمە بە شێوەی نیشانیە بەرەوپێش هەریمەکانە. هەموو پەیامەکان نیشانی تایبەتی بەرەوپێش ٣٦ هەیە کە پارێزەرە بە شێوەی AES-256",
      
      "HOW_IT_WORKS_TITLE": "چۆن کاردەکات؟",
      "STEP_1_TITLE": "پەیامەکانت بنووسە و/یان پەسفەرەکان دروست بکە",
      "STEP_2_TITLE": "لینکی تایبەتی دروست بکە",
      "STEP_3_TITLE": "لینکەکە بەشە",
      
      "COMPANY_LOGO_ALT": "لوگوی کۆمپانیا",
      
      "SHARE_TITLE": "پەیامە تایبەتی شێر بکە",
      "SHARE_DESCRIPTION_PART_1": "پەیامەکان بنووسە و ناردن، ئەمە",
      "SHARE_DESCRIPTION_PART_2": "پاش خوێندن پارێزەرە.",
      
      "SHARE_BULLET_1": "بە بەرگەیەکی نیشانی.",
      "SHARE_BULLET_2": "پارێزگاری تایبەتی",
      "SHARE_BULLET_3": "پەیامە کاتێکی یەکەمەکانە",
      
      "SHARE_ENCRYPTED_BY": "پەیامەکان بە تەقینەوە پارێزراوی تۆ بەرەوپێش هەریمەکانە",
      
      "SHARE_TEXTAREA_PLACEHOLDER": "پەیامە تایبەتی، پەسفەرەکان یان زانیاری تایبەتی بنووسە *",
      "SHARE_OPTIONS": "هەڵبژاردنەکان",
      
      "SHARE_EMPTY": "بە بەرەوپێش نەبە، هیچە.",
      "SHARE_BUTTON": "لینکی تایبەتی دروست بکە",
      
      "CREATED_TITLE": "تایبەتیەکە دروست کرا",
      "CREATED_SUBTITLE": "فقط یەکجار نیشان دەدرێت",
      
      "CREATED_TITLE_SHARE": "لینکەکە کۆپی بکە یان شێر بکە.",
      "CREATED_BUTTON": "کۆپی",
      "CREATED_CREATE_SECRET": "تایبەتی نوێ دروست بکە",
      "CREATED_BURNSECRET": "تایبەتی پارێزەر",
      "URL_COPIED": "لینکەکە کۆپی کرا.",
      "SHARE_BURNER_TIME":"کاتی ژیانی",
      "SHARE_PASS_PHRASE":"پەسفەرە",
      "VIEW_SECRET": "بینین تایبەتی"
    },
    "HOWITWORK": {
      "HEADER_TITLE": "رازە کەسەکان",
      "HOW_IT_WORKS": "چۆن کاردەکات",
      "DOWNLOAD_APP": "داگرتنی ئیشکراوە",
    
      "ONE_TIME_SECRET_MESSAGING_TITLE": "پەیامە تایبەتی کاتێک",
      "ONE_TIME_SECRET_MESSAGING_SUBTITLE": "ڕەزامەکانت پارێزەر، و پاشان نیشتمانن!",
    
      "ENCRYPTED_PROTECTED_BY": "پەیامەکان بە تەقینەوە پارێزراوی تۆ بەرەوپێش هەریمەکانە",
      "WITHOUT_TRACE_TITLE": "بە بەرگەیەکی نیشانی",
      "WITHOUT_TRACE_DESCRIPTION": "ئێمە تایبەتمەندیە تایبەتی زانیاریەکانت پارێزە. هەموو زانیاریەکان لە شێوەی کلاسی پەیامەکان بەرز دەکرێن. ئەمە بەرەوپێش زانیاریەکانت بەرز دەکرێن.",
    
      "PRIVACY_PROTECTED_TITLE": "پارێزگاری تایبەتی",
      "PRIVACY_PROTECTED_DESCRIPTION": "تۆ تەنها کەسە لەسەر لینکە تایبەتیەکانت و کەسە کە لەگەڵی بەشە. کاتێک دەستکاری تایبەتیەکانت لەسەر ئیشکراوەکان، تۆ دەتوانیت تێبینی پەسفەرەکان زیاد بکەیت. هەروەها دەتوانیت کاتێک پارێزگر بکەیت. بە کەسی کە تەواوە ئەم تایبەتیەکانی پارێزەرە.",
    
      "END_TO_END_ENCRYPTED_TITLE": "پارێزەر بەرەوپێش هەریمەکان",
      "END_TO_END_ENCRYPTED_DESCRIPTION": "هەموو پەیامەکان و ناوەرۆکەکان لە شێوەی کلاسی، ئەمە بە شێوەی نیشانیە بەرەوپێش هەریمەکانە. هەموو پەیامەکان نیشانی تایبەتی بەرەوپێش ٣٦ هەیە کە پارێزەرە بە شێوەی AES-256",
    
      "HOW_IT_WORKS_TITLE": "چۆن کاردەکات؟",
      "STEP_1_TITLE": "پەیامەکانت بنووسە و/یان پەسفەرەکان دروست بکە",
      "STEP_2_TITLE": "لینکی تایبەتی دروست بکە",
      "STEP_3_TITLE": "لینکەکە بەشە",
    
      "COMPANY_LOGO_ALT": "لوگوی کۆمپانیا",
    
      "SHARE_TITLE": "پەیامە تایبەتی شێر بکە",
      "SHARE_DESCRIPTION_PART_1": "پەیامەکان بنووسە و ناردن، ئەمە",
      "SHARE_DESCRIPTION_PART_2": "پاش خوێندن پارێزەرە.",
    
      "SHARE_BULLET_1": "بە بەرگەیەکی نیشانی.",
      "SHARE_BULLET_2": "پارێزگاری تایبەتی",
      "SHARE_BULLET_3": "پەیامە کاتێکی یەکەمەکانە",
    
      "SHARE_ENCRYPTED_BY": "پەیامەکان بە تەقینەوە پارێزراوی تۆ بەرەوپێش هەریمەکانە",
    
      "SHARE_TEXTAREA_PLACEHOLDER": "پەیامە تایبەتی، پەسفەرەکان یان زانیاری تایبەتی بنووسە *",
      "SHARE_OPTIONS": "هەڵبژاردنەکان",
    
      "SHARE_EMPTY": "بە بەرەوپێش نەبە، هیچە.",
      "SHARE_BUTTON": "لینکی تایبەتی دروست بکە",
    
      "CREATED_TITLE": "تایبەتیەکە دروست کرا",
      "CREATED_SUBTITLE": "فقط یەکجار نیشان دەدرێت",
    
      "CREATED_TITLE_SHARE": "لینکەکە کۆپی بکە یان شێر بکە.",
      "CREATED_BUTTON": "کۆپی",
      "CREATED_CREATE_SECRET": "تایبەتی نوێ دروست بکە",
      "CREATED_BURNSECRET": "تایبەتی پارێزەر",
      "URL_COPIED": "لینکەکە کۆپی کرا.",
    
      "VIEW_SECRET": "بینین تایبەتی"
    },
    "CREATEDPAGE": {
      "CREATEDPAGE": "رازە کەسەکان",
      "HOW_IT_WORKS": "چۆن کاردەکات",
      "DOWNLOAD_APP": "داگرتنی ئیشکراوە",
      "CREATED_TITLE": "تایبەتیەکە دروست کرا",
      "CREATED_SUBTITLE": "فقط یەکجار نیشان دەدرێت",
      "CREATED_TITLE_SHARE": "لینکەکە کۆپی بکە یان شێر بکە.",
      "CREATED_BUTTON": "کۆپی",
      "CREATED_CREATE_SECRET": "تایبەتی نوێ دروست بکە",
      "CREATED_BURNSECRET": "تایبەتی پارێزەر",
      "URL_COPIED": "لینکەکە کۆپی کرا."
    },
    "CONFIRMATION": {
      "YOURE_GONNA_BURN_THIS_SECRET": "تۆ ئەم تایبەتیە پارێزەرە",
      "SECRET_UNAVAILABLE_TEXT": "ئەو تایبەتیە دابەزینی تێدا نابێت",
      "BURN_FOREVER": "پارێزەر بە مەشقی",
      "CANCEL": "کەنسل"
    },
    "VIEW": {
      "LOGO_TEXT": "رازە کەسەکان",
      "HOW_IT_WORKS": "چۆن کاردەکات",
      "DOWNLOAD_APP": "داگرتنی ئیشکراوە",
      "WELCOME_MESSAGE": "سڵاو، تۆ پەیامە تایبەتیەكەی پەیوەندیدە!",
      "INSTRUCTION": "پەیامەکان بنووسە و ناردن، ئەمە بەرەوپێش خوێندن پارێزەرە.",
      "SHOW_MESSAGE_ONCE": "پەیامەکە تەنها <strong>یەکجار</strong> نیشان دەدرێت",
      "OPEN_SECRET_MESSAGE": "پەیامە تایبەتی بەرز بکە",
      "INPUT_PASSPHRASE": "پەسفەرە بکە",
      "PASS_PHRASE_PLACEHOLDER": "پەسفەرە",
      "OPEN_SECRET_BUTTON": "پەیامە تایبەتی بەرز بکە",
      "YOUR_SECRET_MESSAGE": "پەیامە تایبەتیەکەت",
      "COPY": "کۆپی",
      "MESSAGE_LABEL": "پەیامە",
      "REPLY": "وەڵامی",
      "DOWNLOAD_MESSAGE": "داگرتنی رازە کەسەکان لە موبایل، تایبەتیەکانت دروست بکە",
      "WITHOUT_TRACE": "بە بەرگەیەکی نیشانی.",
      "PRIVACY_PROTECTED": "پارێزگاری تایبەتی",
      "ONE_TIME_VIEWABLE": "پەیامە کاتێکی یەکەمەکانە",
      "SECURITY_TEXT": "پەیامەکان بە تەقینەوە پارێزراوی",
      "SECURITY_TEXT2": "رازە کەسەکان"
    }
  }
  