{
    "HOME": {
      "HEADER_TITLE": "Μυστικό Αστέρι",
      "HOW_IT_WORKS": "Πώς λειτουργεί",
      "DOWNLOAD_APP": "Λήψη Εφαρμογής",
      
      "ONE_TIME_SECRET_MESSAGING_TITLE": "Μοναδική Μηνυμάτων Μυστικών",
      "ONE_TIME_SECRET_MESSAGING_SUBTITLE": "Μοιραστείτε μυστικά και, να, έχουν εξαφανιστεί!",
      
      "ENCRYPTED_PROTECTED_BY": "Κρυπτογραφημένο, ασφαλές και προστατευμένο από την Stellar Security",
      "WITHOUT_TRACE_TITLE": "Χωρίς ίχνη",
      "WITHOUT_TRACE_DESCRIPTION": "Εξασφαλίζουμε ισχυρή προστασία των ευαίσθητων πληροφοριών σας. Όλα τα δεδομένα κρυπτογραφούνται στην πλευρά του πελάτη. Δεν γνωρίζουμε τη διεύθυνση IP σας, τι μοιράζεστε ή με ποιον μοιράζεστε τους συνδέσμους μυστικών - και το πιο σημαντικό, το περιεχόμενο.",
      
      "PRIVACY_PROTECTED_TITLE": "Προστασία Ιδιωτικότητας",
      "PRIVACY_PROTECTED_DESCRIPTION": "Είστε ο μόνος που γνωρίζει τον σύνδεσμο προς τις μυστικές πληροφορίες που δημιουργήσατε και με ποιον τις μοιράζεστε. Όταν δημιουργείτε ένα μυστικό, μπορείτε να προσθέσετε έναν κωδικό πρόσβασης πριν ξεκλειδώσει. Επίσης, είναι δυνατή η ρύθμιση χρόνου καύσης. Όπως και να έχει, ένα μυστικό θα διαγραφεί μετά από 14 ημέρες.",
      
      "END_TO_END_ENCRYPTED_TITLE": "Κρυπτογραφημένο από άκρο σε άκρο",
      "END_TO_END_ENCRYPTED_DESCRIPTION": "Όλοι οι σύνδεσμοι και το περιεχόμενο είναι κωδικοποιημένα στην πλευρά του πελάτη, πράγμα που σημαίνει ότι ακόμα και εμείς δεν γνωρίζουμε τον σύνδεσμο και το περιεχόμενο. Κάθε σύνδεσμος έχει μια μοναδική ταυτότητα μήκους 36 που είναι μια κρυπτογράφηση μίας κατεύθυνσης για να μπορέσετε να έχετε πρόσβαση στο Μυστικό Μήνυμα και το περιεχόμενο του που είναι κρυπτογραφημένο με AES-256.",
      
      "HOW_IT_WORKS_TITLE": "Πώς λειτουργεί;",
      "STEP_1_TITLE": "Γράψτε το μήνυμά σας και/ή δημιουργήστε κωδικό πρόσβασης",
      "STEP_2_TITLE": "Δημιουργήστε Σύνδεσμο Μυστικού",
      "STEP_3_TITLE": "Μοιραστείτε τον σύνδεσμο",
      
      "COMPANY_LOGO_ALT": "Λογότυπο Εταιρείας",
      
      "SHARE_TITLE": "Μοιραστείτε ένα μυστικό μήνυμα",
      "SHARE_DESCRIPTION_PART_1": "Γράψτε και στείλτε το μήνυμα, θα",
      "SHARE_DESCRIPTION_PART_2": "διαγραφεί μόλις διαβαστεί.",
      
      "SHARE_BULLET_1": "Χωρίς ίχνη.",
      "SHARE_BULLET_2": "Προστασία Ιδιωτικότητας",
      "SHARE_BULLET_3": "Μοναδική θέαση",
      
      "SHARE_ENCRYPTED_BY": "Κρυπτογραφημένο, ασφαλές και προστατευμένο από την Stellar Security",
      
      "SHARE_TEXTAREA_PLACEHOLDER": "Γράψτε το Μυστικό μήνυμα, κωδικό πρόσβασης ή ευαίσθητες πληροφορίες *",
      "SHARE_OPTIONS": "Επιλογές",
      
      "SHARE_EMPTY": "Αφήστε κενό για κανένα.",
      "SHARE_BUTTON": "Δημιουργία Συνδέσμου Μυστικού",
      
      "CREATED_TITLE": "Το Μυστικό σας δημιουργήθηκε",
      "CREATED_SUBTITLE": "Θα εμφανιστεί μόνο μία φορά",
      
      "CREATED_TITLE_SHARE": "Αντιγράψτε τον σύνδεσμο ή μοιραστείτε τον.",
      "CREATED_BUTTON": "ΑΝΤΙΓΡΑΦΗ",
      "CREATED_CREATE_SECRET": "Δημιουργία Νέου Μυστικού",
      "CREATED_BURNSECRET": "Καύση Μυστικού",
      "URL_COPIED": "Η διεύθυνση URL έχει αντιγραφεί.",
      "SHARE_BURNER_TIME":"Διάρκεια ζωής",
      "SHARE_PASS_PHRASE":"Κωδικός πρόσβασης",
      "VIEW_SECRET": "Δείτε το Μυστικό"
    },
    "HOWITWORK": {
      "HEADER_TITLE": "Μυστικό Αστέρι",
      "HOW_IT_WORKS": "Πώς λειτουργεί",
      "DOWNLOAD_APP": "Λήψη Εφαρμογής",
      
      "ONE_TIME_SECRET_MESSAGING_TITLE": "Μοναδική Μηνυμάτων Μυστικών",
      "ONE_TIME_SECRET_MESSAGING_SUBTITLE": "Μοιραστείτε μυστικά και, να, έχουν εξαφανιστεί!",
      
      "ENCRYPTED_PROTECTED_BY": "Κρυπτογραφημένο, ασφαλές και προστατευμένο από την Stellar Security",
      "WITHOUT_TRACE_TITLE": "Χωρίς ίχνη",
      "WITHOUT_TRACE_DESCRIPTION": "Εξασφαλίζουμε ισχυρή προστασία των ευαίσθητων πληροφοριών σας. Όλα τα δεδομένα κρυπτογραφούνται στην πλευρά του πελάτη. Δεν γνωρίζουμε τη διεύθυνση IP σας, τι μοιράζεστε ή με ποιον μοιράζεστε τους συνδέσμους μυστικών - και το πιο σημαντικό, το περιεχόμενο.",
      
      "PRIVACY_PROTECTED_TITLE": "Προστασία Ιδιωτικότητας",
      "PRIVACY_PROTECTED_DESCRIPTION": "Είστε ο μόνος που γνωρίζει τον σύνδεσμο προς τις μυστικές πληροφορίες που δημιουργήσατε και με ποιον τις μοιράζεστε. Όταν δημιουργείτε ένα μυστικό, μπορείτε να προσθέσετε έναν κωδικό πρόσβασης πριν ξεκλειδώσει. Επίσης, είναι δυνατή η ρύθμιση χρόνου καύσης. Όπως και να έχει, ένα μυστικό θα διαγραφεί μετά από 14 ημέρες.",
      
      "END_TO_END_ENCRYPTED_TITLE": "Κρυπτογραφημένο από άκρο σε άκρο",
      "END_TO_END_ENCRYPTED_DESCRIPTION": "Όλοι οι σύνδεσμοι και το περιεχόμενο είναι κωδικοποιημένα στην πλευρά του πελάτη, πράγμα που σημαίνει ότι ακόμα και εμείς δεν γνωρίζουμε τον σύνδεσμο και το περιεχόμενο. Κάθε σύνδεσμος έχει μια μοναδική ταυτότητα μήκους 36 που είναι μια κρυπτογράφηση μίας κατεύθυνσης για να μπορέσετε να έχετε πρόσβαση στο Μυστικό Μήνυμα και το περιεχόμενο του που είναι κρυπτογραφημένο με AES-256.",
      
      "HOW_IT_WORKS_TITLE": "Πώς λειτουργεί;",
      "STEP_1_TITLE": "Γράψτε το μήνυμά σας και/ή δημιουργήστε κωδικό πρόσβασης",
      "STEP_2_TITLE": "Δημιουργήστε Σύνδεσμο Μυστικού",
      "STEP_3_TITLE": "Μοιραστείτε τον σύνδεσμο",
      
      "COMPANY_LOGO_ALT": "Λογότυπο Εταιρείας",
      
      "SHARE_TITLE": "Μοιραστείτε ένα μυστικό μήνυμα",
      "SHARE_DESCRIPTION_PART_1": "Γράψτε και στείλτε το μήνυμα, θα",
      "SHARE_DESCRIPTION_PART_2": "διαγραφεί μόλις διαβαστεί.",
      
      "SHARE_BULLET_1": "Χωρίς ίχνη.",
      "SHARE_BULLET_2": "Προστασία Ιδιωτικότητας",
      "SHARE_BULLET_3": "Μοναδική θέαση",
      
      "SHARE_ENCRYPTED_BY": "Κρυπτογραφημένο, ασφαλές και προστατευμένο από την Stellar Security",
      
      "SHARE_TEXTAREA_PLACEHOLDER": "Γράψτε το Μυστικό μήνυμα, κωδικό πρόσβασης ή ευαίσθητες πληροφορίες *",
      "SHARE_OPTIONS": "Επιλογές",
      
      "SHARE_EMPTY": "Αφήστε κενό για κανένα.",
      "SHARE_BUTTON": "Δημιουργία Συνδέσμου Μυστικού",
      
      "CREATED_TITLE": "Το Μυστικό σας δημιουργήθηκε",
      "CREATED_SUBTITLE": "Θα εμφανιστεί μόνο μία φορά",
      
      "CREATED_TITLE_SHARE": "Αντιγράψτε τον σύνδεσμο ή μοιραστείτε τον.",
      "CREATED_BUTTON": "ΑΝΤΙΓΡΑΦΗ",
      "CREATED_CREATE_SECRET": "Δημιουργία Νέου Μυστικού",
      "CREATED_BURNSECRET": "Καύση Μυστικού",
      "URL_COPIED": "Η διεύθυνση URL έχει αντιγραφεί.",
      
      "VIEW_SECRET": "Δείτε το Μυστικό"
    },
    "CREATEDPAGE": {
      "CREATEDPAGE": "Μυστικό Αστέρι",
      "HOW_IT_WORKS": "Πώς λειτουργεί",
      "DOWNLOAD_APP": "Λήψη Εφαρμογής",
      "CREATED_TITLE": "Το Μυστικό σας δημιουργήθηκε",
      "CREATED_SUBTITLE": "Θα εμφανιστεί μόνο μία φορά",
      "CREATED_TITLE_SHARE": "Αντιγράψτε τον σύνδεσμο ή μοιραστείτε τον.",
      "CREATED_BUTTON": "ΑΝΤΙΓΡΑΦΗ",
      "CREATED_CREATE_SECRET": "Δημιουργία Νέου Μυστικού",
      "CREATED_BURNSECRET": "Καύση Μυστικού",
      "URL_COPIED": "Η διεύθυνση URL έχει αντιγραφεί."
    },
    "CONFIRMATION": {
      "YOURE_GONNA_BURN_THIS_SECRET": "Θα κάψετε αυτό το μυστικό",
      "SECRET_UNAVAILABLE_TEXT": "Δεν θα είναι διαθέσιμο πια",
      "BURN_FOREVER": "Καύση για πάντα",
      "CANCEL": "Ακύρωση"
    },
    "VIEW": {
      "LOGO_TEXT": "Μυστικό Αστέρι",
      "HOW_IT_WORKS": "Πώς λειτουργεί",
      "DOWNLOAD_APP": "Λήψη Εφαρμογής",
      "WELCOME_MESSAGE": "Γειά σας, λάβατε ένα μυστικό μήνυμα!",
      "INSTRUCTION": "Γράψτε και στείλτε το μήνυμα, θα διαγραφεί μόλις διαβαστεί.",
      "SHOW_MESSAGE_ONCE": "Το παρακάτω μήνυμα θα εμφανιστεί <strong>μόνο μία φορά</strong>",
      "OPEN_SECRET_MESSAGE": "Άνοιγμα Μυστικού Μηνύματος",
      "INPUT_PASSPHRASE": "Εισάγετε Κωδικό Πρόσβασης",
      "PASS_PHRASE_PLACEHOLDER": "Κωδικός Πρόσβασης",
      "OPEN_SECRET_BUTTON": "Άνοιγμα Μυστικού Μηνύματος",
      "YOUR_SECRET_MESSAGE": "Το Μυστικό Μήνυμά σας",
      "COPY": "Αντιγραφή",
      "MESSAGE_LABEL": "Μήνυμα",
      "REPLY": "Απάντηση",
      "DOWNLOAD_MESSAGE": "Λήψη του Stellar Secret στο κινητό, δημιουργήστε τα μυστικά σας μηνύματα",
      "WITHOUT_TRACE": "Χωρίς ίχνη.",
      "PRIVACY_PROTECTED": "Προστασία Ιδιωτικότητας",
      "ONE_TIME_VIEWABLE": "Μοναδική θέαση",
      "SECURITY_TEXT": "Κρυπτογραφημένο, ασφαλές και προστατευμένο από ",
      "SECURITY_TEXT2": "Stellar Security"
    }
  }
  