{
    "HOME": {
      "HEADER_TITLE": "Stellar Secret",
      "HOW_IT_WORKS": "Kuidas see töötab",
      "DOWNLOAD_APP": "Laadi rakendus alla",
      
      "ONE_TIME_SECRET_MESSAGING_TITLE": "Üks kord kasutatav saladus",
      "ONE_TIME_SECRET_MESSAGING_SUBTITLE": "Jaga saladusi, ja puhk – need on kadunud!",
      
      "ENCRYPTED_PROTECTED_BY": "Krüptitud, turvatud ja kaitstud Stellar Security poolt",
      "WITHOUT_TRACE_TITLE": "Ilma jäljeta",
      "WITHOUT_TRACE_DESCRIPTION": "Tagame teie tundliku teabe tugev kaitse. Kõik andmed krüptitakse kliendipoolsel poolel. Me ei tea teie IP-aadressi, mida te jagate ega kellega te saladuse linke jagate - ja mis kõige tähtsam, sisu.",
      
      "PRIVACY_PROTECTED_TITLE": "Privaatsus kaitstud",
      "PRIVACY_PROTECTED_DESCRIPTION": "Teie ainus, kes teab saladuse linki, mida te lõite ja kellega te seda jagate. Saladuse loomisel saate lisada parooli, enne kui see avatakse. Samuti on võimalik seada põletusaeg. Saladus kustutatakse igal juhul pärast 14 päeva.",
      
      "END_TO_END_ENCRYPTED_TITLE": "Lõpust lõpuni krüptitud",
      "END_TO_END_ENCRYPTED_DESCRIPTION": "Kõik lingid ja sisu on kliendipoolsel poolel räsitud, mis tähendab, et isegi meie ei tea linki ja sisu. Igal lingil on ainulaadne ID, mille pikkus on 36, mis on ühesuunaline krüptimine saladuse sõnumi ja selle sisu juurdepääsuks, mis on krüptitud AES-256-ga.",
      
      "HOW_IT_WORKS_TITLE": "Kuidas see töötab?",
      "STEP_1_TITLE": "Kirjutage oma sõnum ja/või genereerige parool",
      "STEP_2_TITLE": "Looge saladuse link",
      "STEP_3_TITLE": "Jagage linki",
      
      "COMPANY_LOGO_ALT": "Ettevõtte logo",
      
      "SHARE_TITLE": "Jagage saladuse sõnumit",
      "SHARE_DESCRIPTION_PART_1": "Kirjutage ja saatke sõnum, see",
      "SHARE_DESCRIPTION_PART_2": "kustutatakse pärast lugemist.",
      
      "SHARE_BULLET_1": "Ilma jäljeta.",
      "SHARE_BULLET_2": "Privaatsus kaitstud",
      "SHARE_BULLET_3": "Korduv kasutamine ei ole lubatud",
      
      "SHARE_ENCRYPTED_BY": "Krüptitud, turvatud ja kaitstud Stellar Security poolt",
      
      "SHARE_TEXTAREA_PLACEHOLDER": "Kirjutage oma saladuse sõnum, parool või tundlik teave *",
      "SHARE_OPTIONS": "Valikud",
      
      "SHARE_EMPTY": "Jätke tühi, kui ei ole",
      "SHARE_BUTTON": "Looge saladuse link",
      
      "CREATED_TITLE": "Teie saladus on loodud",
      "CREATED_SUBTITLE": "See kuvatakse ainult üks kord",
      
      "CREATED_TITLE_SHARE": "Kopeerige link või jagage seda.",
      "CREATED_BUTTON": "KOPEERI",
      "CREATED_CREATE_SECRET": "Loo uus saladus",
      "CREATED_BURNSECRET": "Põleta saladus",
      "URL_COPIED": "URL on kopeeritud.",
      "SHARE_BURNER_TIME": "Eluaeg",
      "SHARE_PASS_PHRASE": "Parool",
      "VIEW_SECRET": "Vaata saladust"
    },
    "HOWITWORK": {
      "HEADER_TITLE": "Stellar Secret",
      "HOW_IT_WORKS": "Kuidas see töötab",
      "DOWNLOAD_APP": "Laadi rakendus alla",
      
      "ONE_TIME_SECRET_MESSAGING_TITLE": "Üks kord kasutatav saladus",
      "ONE_TIME_SECRET_MESSAGING_SUBTITLE": "Jaga saladusi, ja puhk – need on kadunud!",
      
      "ENCRYPTED_PROTECTED_BY": "Krüptitud, turvatud ja kaitstud Stellar Security poolt",
      "WITHOUT_TRACE_TITLE": "Ilma jäljeta",
      "WITHOUT_TRACE_DESCRIPTION": "Tagame teie tundliku teabe tugev kaitse. Kõik andmed krüptitakse kliendipoolsel poolel. Me ei tea teie IP-aadressi, mida te jagate ega kellega te saladuse linke jagate - ja mis kõige tähtsam, sisu.",
      
      "PRIVACY_PROTECTED_TITLE": "Privaatsus kaitstud",
      "PRIVACY_PROTECTED_DESCRIPTION": "Teie ainus, kes teab saladuse linki, mida te lõite ja kellega te seda jagate. Saladuse loomisel saate lisada parooli, enne kui see avatakse. Samuti on võimalik seada põletusaeg. Saladus kustutatakse igal juhul pärast 14 päeva.",
      
      "END_TO_END_ENCRYPTED_TITLE": "Lõpust lõpuni krüptitud",
      "END_TO_END_ENCRYPTED_DESCRIPTION": "Kõik lingid ja sisu on kliendipoolsel poolel räsitud, mis tähendab, et isegi meie ei tea linki ja sisu. Igal lingil on ainulaadne ID, mille pikkus on 36, mis on ühesuunaline krüptimine saladuse sõnumi ja selle sisu juurdepääsuks, mis on krüptitud AES-256-ga.",
      
      "HOW_IT_WORKS_TITLE": "Kuidas see töötab?",
      "STEP_1_TITLE": "Kirjutage oma sõnum ja/või genereerige parool",
      "STEP_2_TITLE": "Looge saladuse link",
      "STEP_3_TITLE": "Jagage linki",
      
      "COMPANY_LOGO_ALT": "Ettevõtte logo",
      
      "SHARE_TITLE": "Jagage saladuse sõnumit",
      "SHARE_DESCRIPTION_PART_1": "Kirjutage ja saatke sõnum, see",
      "SHARE_DESCRIPTION_PART_2": "kustutatakse pärast lugemist.",
      
      "SHARE_BULLET_1": "Ilma jäljeta.",
      "SHARE_BULLET_2": "Privaatsus kaitstud",
      "SHARE_BULLET_3": "Korduv kasutamine ei ole lubatud",
      
      "SHARE_ENCRYPTED_BY": "Krüptitud, turvatud ja kaitstud Stellar Security poolt",
      
      "SHARE_TEXTAREA_PLACEHOLDER": "Kirjutage oma saladuse sõnum, parool või tundlik teave *",
      "SHARE_OPTIONS": "Valikud",
      
      "SHARE_EMPTY": "Jätke tühi, kui ei ole",
      "SHARE_BUTTON": "Looge saladuse link",
      
      "CREATED_TITLE": "Teie saladus on loodud",
      "CREATED_SUBTITLE": "See kuvatakse ainult üks kord",
      
      "CREATED_TITLE_SHARE": "Kopeerige link või jagage seda.",
      "CREATED_BUTTON": "KOPEERI",
      "CREATED_CREATE_SECRET": "Loo uus saladus",
      "CREATED_BURNSECRET": "Põleta saladus",
      "URL_COPIED": "URL on kopeeritud.",
      
      "VIEW_SECRET": "Vaata saladust"
    },
    "CREATEDPAGE": {
      "CREATEDPAGE": "Stellar Secret",
      "HOW_IT_WORKS": "Kuidas see töötab",
      "DOWNLOAD_APP": "Laadi rakendus alla",
      "CREATED_TITLE": "Teie saladus on loodud",
      "CREATED_SUBTITLE": "See kuvatakse ainult üks kord",
      "CREATED_TITLE_SHARE": "Kopeerige link või jagage seda.",
      "CREATED_BUTTON": "KOPEERI",
      "CREATED_CREATE_SECRET": "Loo uus saladus",
      "CREATED_BURNSECRET": "Põleta saladus",
      "URL_COPIED": "URL on kopeeritud."
    },
    "CONFIRMATION": {
      "YOURE_GONNA_BURN_THIS_SECRET": "Te kavatsete selle saladuse põletada",
      "SECRET_UNAVAILABLE_TEXT": "See ei ole enam saadaval",
      "BURN_FOREVER": "Põleta igaveseks",
      "CANCEL": "Tühista"
    },
    "VIEW": {
      "LOGO_TEXT": "Stellar Secret",
      "HOW_IT_WORKS": "Kuidas see töötab",
      "DOWNLOAD_APP": "Laadi rakendus alla",
      "WELCOME_MESSAGE": "Tere, sa said saladuse sõnumi!",
      "INSTRUCTION": "Kirjutage ja saatke sõnum, see kustutatakse pärast lugemist.",
      "SHOW_MESSAGE_ONCE": "Järgmine sõnum kuvatakse <strong>ainult üks kord</strong>",
      "OPEN_SECRET_MESSAGE": "Ava saladuse sõnum",
      "INPUT_PASSPHRASE": "Sisestage parool",
      "PASS_PHRASE_PLACEHOLDER": "Parool",
      "OPEN_SECRET_BUTTON": "Ava saladuse sõnum",
      "YOUR_SECRET_MESSAGE": "Teie saladuse sõnum",
      "COPY": "Kopeeri",
      "MESSAGE_LABEL": "Sõnum",
      "REPLY": "Vasta",
      "DOWNLOAD_MESSAGE": "Laadi Stellar Secret mobiiltelefonil alla, loo oma saladuse sõnumid",
      "WITHOUT_TRACE": "Ilma jäljeta.",
      "PRIVACY_PROTECTED": "Privaatsus kaitstud",
      "ONE_TIME_VIEWABLE": "Korduv kasutamine ei ole lubatud",
      "SECURITY_TEXT": "Krüptitud, turvatud ja kaitstud ",
      "SECURITY_TEXT2": "Stellar Security poolt"
    }
  }
  