{
    "HOME": {
      "HEADER_TITLE": "راز ستاره‌ای",
      "HOW_IT_WORKS": "چگونه کار می‌کند",
      "DOWNLOAD_APP": "دانلود اپلیکیشن",
      
      "ONE_TIME_SECRET_MESSAGING_TITLE": "پیام‌رسانی یک‌بار مصرف",
      "ONE_TIME_SECRET_MESSAGING_SUBTITLE": "رازها را به اشتراک بگذارید و ناپدید شوند!",
      
      "ENCRYPTED_PROTECTED_BY": "رمزگذاری شده، امن و محافظت شده توسط امنیت ستاره‌ای",
      "WITHOUT_TRACE_TITLE": "بدون ردپا",
      "WITHOUT_TRACE_DESCRIPTION": "ما حفاظت قوی از اطلاعات حساس شما را تضمین می‌کنیم. تمام داده‌ها در سمت کاربر رمزگذاری می‌شود. ما نمی‌دانیم که شما چه چیزی را به اشتراک می‌گذارید یا با چه کسی به اشتراک می‌گذارید - و مهم‌تر از همه، محتوا را نمی‌دانیم.",
      
      "PRIVACY_PROTECTED_TITLE": "حفاظت از حریم خصوصی",
      "PRIVACY_PROTECTED_DESCRIPTION": "تنها کسی که لینک اطلاعات مخفی را که ایجاد کرده‌اید و با چه کسی به اشتراک می‌گذارید، شما هستید. هنگام ایجاد یک راز، می‌توانید یک رمز عبور اضافه کنید تا قفل آن باز شود. همچنین امکان تنظیم زمان حذف نیز وجود دارد. به هر حال، یک راز بعد از 14 روز حذف خواهد شد.",
      
      "END_TO_END_ENCRYPTED_TITLE": "رمزگذاری انتها به انتها",
      "END_TO_END_ENCRYPTED_DESCRIPTION": "تمام لینک‌ها و محتواها در سمت کاربر هش می‌شوند، به این معنی که حتی ما نیز لینک و محتوا را نمی‌دانیم. هر لینک یک شناسه منحصر به فرد به طول 36 دارد که رمزگذاری یک‌طرفه است تا بتوانید به پیام مخفی و محتوای آن که با AES-256 رمزگذاری شده دسترسی پیدا کنید.",
      
      "HOW_IT_WORKS_TITLE": "چگونه کار می‌کند؟",
      "STEP_1_TITLE": "پیام خود را بنویسید و/یا رمز عبور تولید کنید",
      "STEP_2_TITLE": "لینک مخفی را ایجاد کنید",
      "STEP_3_TITLE": "لینک را به اشتراک بگذارید",
      
      "COMPANY_LOGO_ALT": "لوگوی شرکت",
      
      "SHARE_TITLE": "به اشتراک گذاری پیام مخفی",
      "SHARE_DESCRIPTION_PART_1": "پیام را بنویسید و ارسال کنید، آن حذف خواهد شد",
      "SHARE_DESCRIPTION_PART_2": "پس از خواندن.",
      
      "SHARE_BULLET_1": "بدون ردپا.",
      "SHARE_BULLET_2": "حفاظت از حریم خصوصی",
      "SHARE_BULLET_3": "قابل مشاهده فقط یک‌بار",
      
      "SHARE_ENCRYPTED_BY": "رمزگذاری شده، امن و محافظت شده توسط امنیت ستاره‌ای",
      
      "SHARE_TEXTAREA_PLACEHOLDER": "پیام مخفی، رمز عبور یا اطلاعات حساس خود را بنویسید *",
      "SHARE_OPTIONS": "گزینه‌ها",
      
      "SHARE_EMPTY": "برای هیچ کدام خالی بگذارید.",
      "SHARE_BUTTON": "ایجاد لینک مخفی",
      
      "CREATED_TITLE": "راز شما ایجاد شد",
      "CREATED_SUBTITLE": "فقط یک بار نمایش داده می‌شود",
      
      "CREATED_TITLE_SHARE": "لینک را کپی کنید یا به اشتراک بگذارید.",
      "CREATED_BUTTON": "کپی",
      "CREATED_CREATE_SECRET": "ایجاد راز جدید",
      "CREATED_BURNSECRET": "سوزاندن راز",
      "URL_COPIED": "آدرس URL کپی شد.",
      "SHARE_BURNER_TIME": "عمر",
      "SHARE_PASS_PHRASE": "عبارت عبور",
      "VIEW_SECRET": "مشاهده راز"
    },
    "HOWITWORK": {
      "HEADER_TITLE": "راز ستاره‌ای",
      "HOW_IT_WORKS": "چگونه کار می‌کند",
      "DOWNLOAD_APP": "دانلود اپلیکیشن",
      
      "ONE_TIME_SECRET_MESSAGING_TITLE": "پیام‌رسانی یک‌بار مصرف",
      "ONE_TIME_SECRET_MESSAGING_SUBTITLE": "رازها را به اشتراک بگذارید و ناپدید شوند!",
      
      "ENCRYPTED_PROTECTED_BY": "رمزگذاری شده، امن و محافظت شده توسط امنیت ستاره‌ای",
      "WITHOUT_TRACE_TITLE": "بدون ردپا",
      "WITHOUT_TRACE_DESCRIPTION": "ما حفاظت قوی از اطلاعات حساس شما را تضمین می‌کنیم. تمام داده‌ها در سمت کاربر رمزگذاری می‌شود. ما نمی‌دانیم که شما چه چیزی را به اشتراک می‌گذارید یا با چه کسی به اشتراک می‌گذارید - و مهم‌تر از همه، محتوا را نمی‌دانیم.",
      
      "PRIVACY_PROTECTED_TITLE": "حفاظت از حریم خصوصی",
      "PRIVACY_PROTECTED_DESCRIPTION": "تنها کسی که لینک اطلاعات مخفی را که ایجاد کرده‌اید و با چه کسی به اشتراک می‌گذارید، شما هستید. هنگام ایجاد یک راز، می‌توانید یک رمز عبور اضافه کنید تا قفل آن باز شود. همچنین امکان تنظیم زمان حذف نیز وجود دارد. به هر حال، یک راز بعد از 14 روز حذف خواهد شد.",
      
      "END_TO_END_ENCRYPTED_TITLE": "رمزگذاری انتها به انتها",
      "END_TO_END_ENCRYPTED_DESCRIPTION": "تمام لینک‌ها و محتواها در سمت کاربر هش می‌شوند، به این معنی که حتی ما نیز لینک و محتوا را نمی‌دانیم. هر لینک یک شناسه منحصر به فرد به طول 36 دارد که رمزگذاری یک‌طرفه است تا بتوانید به پیام مخفی و محتوای آن که با AES-256 رمزگذاری شده دسترسی پیدا کنید.",
      
      "HOW_IT_WORKS_TITLE": "چگونه کار می‌کند؟",
      "STEP_1_TITLE": "پیام خود را بنویسید و/یا رمز عبور تولید کنید",
      "STEP_2_TITLE": "لینک مخفی را ایجاد کنید",
      "STEP_3_TITLE": "لینک را به اشتراک بگذارید",
      
      "COMPANY_LOGO_ALT": "لوگوی شرکت",
      
      "SHARE_TITLE": "به اشتراک گذاری پیام مخفی",
      "SHARE_DESCRIPTION_PART_1": "پیام را بنویسید و ارسال کنید، آن حذف خواهد شد",
      "SHARE_DESCRIPTION_PART_2": "پس از خواندن.",
      
      "SHARE_BULLET_1": "بدون ردپا.",
      "SHARE_BULLET_2": "حفاظت از حریم خصوصی",
      "SHARE_BULLET_3": "قابل مشاهده فقط یک‌بار",
      
      "SHARE_ENCRYPTED_BY": "رمزگذاری شده، امن و محافظت شده توسط امنیت ستاره‌ای",
      
      "SHARE_TEXTAREA_PLACEHOLDER": "پیام مخفی، رمز عبور یا اطلاعات حساس خود را بنویسید *",
      "SHARE_OPTIONS": "گزینه‌ها",
      
      "SHARE_EMPTY": "برای هیچ کدام خالی بگذارید.",
      "SHARE_BUTTON": "ایجاد لینک مخفی",
      
      "CREATED_TITLE": "راز شما ایجاد شد",
      "CREATED_SUBTITLE": "فقط یک بار نمایش داده می‌شود",
      
      "CREATED_TITLE_SHARE": "لینک را کپی کنید یا به اشتراک بگذارید.",
      "CREATED_BUTTON": "کپی",
      "CREATED_CREATE_SECRET": "ایجاد راز جدید",
      "CREATED_BURNSECRET": "سوزاندن راز",
      "URL_COPIED": "آدرس URL کپی شد.",
      
      "VIEW_SECRET": "مشاهده راز"
    },
    "CREATEDPAGE": {
      "CREATEDPAGE": "راز ستاره‌ای",
      "HOW_IT_WORKS": "چگونه کار می‌کند",
      "DOWNLOAD_APP": "دانلود اپلیکیشن",
      "CREATED_TITLE": "راز شما ایجاد شد",
      "CREATED_SUBTITLE": "فقط یک بار نمایش داده می‌شود",
      "CREATED_TITLE_SHARE": "لینک را کپی کنید یا به اشتراک بگذارید.",
      "CREATED_BUTTON": "کپی",
      "CREATED_CREATE_SECRET": "ایجاد راز جدید",
      "CREATED_BURNSECRET": "سوزاندن راز",
      "URL_COPIED": "آدرس URL کپی شد."
    },
    "CONFIRMATION": {
      "YOURE_GONNA_BURN_THIS_SECRET": "شما قصد دارید این راز را بسوزانید",
      "SECRET_UNAVAILABLE_TEXT": "دیگر قابل دسترسی نخواهد بود",
      "BURN_FOREVER": "سوزاندن برای همیشه",
      "CANCEL": "لغو"
    },
    "VIEW": {
      "LOGO_TEXT": "راز ستاره‌ای",
      "HOW_IT_WORKS": "چگونه کار می‌کند",
      "DOWNLOAD_APP": "دانلود اپلیکیشن",
      "WELCOME_MESSAGE": "سلام، شما یک پیام مخفی دریافت کردید!",
      "INSTRUCTION": "پیام را بنویسید و ارسال کنید، آن حذف خواهد شد پس از خواندن.",
      "SHOW_MESSAGE_ONCE": "پیام زیر <strong>فقط یک بار</strong> نمایش داده می‌شود",
      "OPEN_SECRET_MESSAGE": "باز کردن پیام مخفی",
      "INPUT_PASSPHRASE": "عبارت عبور را وارد کنید",
      "PASS_PHRASE_PLACEHOLDER": "عبارت عبور",
      "OPEN_SECRET_BUTTON": "باز کردن پیام مخفی",
      "YOUR_SECRET_MESSAGE": "پیام مخفی شما",
      "COPY": "کپی",
      "MESSAGE_LABEL": "پیام",
      "REPLY": "پاسخ",
      "DOWNLOAD_MESSAGE": "اپلیکیشن راز ستاره‌ای را در موبایل دانلود کنید، پیام‌های مخفی خود را ایجاد کنید",
      "WITHOUT_TRACE": "بدون ردپا.",
      "PRIVACY_PROTECTED": "حفاظت از حریم خصوصی",
      "ONE_TIME_VIEWABLE": "قابل مشاهده فقط یک‌بار",
      "SECURITY_TEXT": "رمزگذاری شده، امن و محافظت شده توسط ",
      "SECURITY_TEXT2": "امنیت ستاره‌ای"
    }
  }
  