{
    "HOME": {
      "HEADER_TITLE": "Segredo Estelar",
      "HOW_IT_WORKS": "Como funciona",
      "DOWNLOAD_APP": "Descargar App",
      
      "ONE_TIME_SECRET_MESSAGING_TITLE": "Mensaxe Secreta de Única Uso",
      "ONE_TIME_SECRET_MESSAGING_SUBTITLE": "Comparte segredos e, poof—desaparecen!",
      
      "ENCRYPTED_PROTECTED_BY": "Encriptado, asegurado e protexido por Seguridade Estelar",
      "WITHOUT_TRACE_TITLE": "Sen rastro",
      "WITHOUT_TRACE_DESCRIPTION": "Garantimos unha robusta protección da túa información sensible. Todos os datos están encriptados no lado do cliente. Non sabemos a túa dirección IP, o que compartes, ou con quen compartes os enlaces secretos - e o máis importante, o contido.",
      
      "PRIVACY_PROTECTED_TITLE": "Privacidade Protegida",
      "PRIVACY_PROTECTED_DESCRIPTION": "Só ti sabes o enlace á información secreta que creaches e con quen a compartes. Ao crear un segredo, podes engadir unha contrasinal antes de que poida ser desbloqueado. Tamén é posible establecer un tempo de destrución. Sexa como sexa, un segredo será borrado despois de 14 días.",
      
      "END_TO_END_ENCRYPTED_TITLE": "Encriptado de principio a fin",
      "END_TO_END_ENCRYPTED_DESCRIPTION": "Todos os enlaces e contidos están hashados no lado do cliente, o que significa que nin sequera nós sabemos o enlace e o contido. Cada enlace ten un ID único de 36 que é unha encriptación unidireccional para acceder ao Mensaxe Secreta e ao seu contido que está encriptado con AES-256.",
      
      "HOW_IT_WORKS_TITLE": "Como funciona?",
      "STEP_1_TITLE": "Escribe a túa mensaxe e/ou xera contrasinal",
      "STEP_2_TITLE": "Crea Enlace Secreto",
      "STEP_3_TITLE": "Comparte enlace",
      
      "COMPANY_LOGO_ALT": "Logotipo da Empresa",
      
      "SHARE_TITLE": "Comparte unha mensaxe secreta",
      "SHARE_DESCRIPTION_PART_1": "Escribe e envía a mensaxe, será",
      "SHARE_DESCRIPTION_PART_2": "eliminada unha vez lida.",
      
      "SHARE_BULLET_1": "Sen rastro.",
      "SHARE_BULLET_2": "Privacidade Protegida",
      "SHARE_BULLET_3": "De visualización única",
      
      "SHARE_ENCRYPTED_BY": "Encriptado, asegurado e protexido por Seguridade Estelar",
      
      "SHARE_TEXTAREA_PLACEHOLDER": "Escribe a túa mensaxe secreta, contrasinal ou información sensible *",
      "SHARE_OPTIONS": "Opciós",
      
      "SHARE_EMPTY": "Déixao baleiro para ningunha.",
      "SHARE_BUTTON": "Crear Enlace Secreto",
      
      "CREATED_TITLE": "O teu segredo foi creado",
      "CREATED_SUBTITLE": "Só se mostrará unha vez",
      
      "CREATED_TITLE_SHARE": "Copia o enlace ou compártelo.",
      "CREATED_BUTTON": "COPIAR",
      "CREATED_CREATE_SECRET": "Crear Novo Segredo",
      "CREATED_BURNSECRET": "Queimar Segredo",
      "URL_COPIED": "O URL foi copiado.",
      "SHARE_BURNER_TIME":"Duración de vida",
      "SHARE_PASS_PHRASE":"Contrasinal",
      "VIEW_SECRET": "Ver Segredo"
    },
    "HOWITWORK": {
      "HEADER_TITLE": "Segredo Estelar",
      "HOW_IT_WORKS": "Como funciona",
      "DOWNLOAD_APP": "Descargar App",
      
      "ONE_TIME_SECRET_MESSAGING_TITLE": "Mensaxe Secreta de Única Uso",
      "ONE_TIME_SECRET_MESSAGING_SUBTITLE": "Comparte segredos e, poof—desaparecen!",
      
      "ENCRYPTED_PROTECTED_BY": "Encriptado, asegurado e protexido por Seguridade Estelar",
      "WITHOUT_TRACE_TITLE": "Sen rastro",
      "WITHOUT_TRACE_DESCRIPTION": "Garantimos unha robusta protección da túa información sensible. Todos os datos están encriptados no lado do cliente. Non sabemos a túa dirección IP, o que compartes, ou con quen compartes os enlaces secretos - e o máis importante, o contido.",
      
      "PRIVACY_PROTECTED_TITLE": "Privacidade Protegida",
      "PRIVACY_PROTECTED_DESCRIPTION": "Só ti sabes o enlace á información secreta que creaches e con quen a compartes. Ao crear un segredo, podes engadir unha contrasinal antes de que poida ser desbloqueado. Tamén é posible establecer un tempo de destrución. Sexa como sexa, un segredo será borrado despois de 14 días.",
      
      "END_TO_END_ENCRYPTED_TITLE": "Encriptado de principio a fin",
      "END_TO_END_ENCRYPTED_DESCRIPTION": "Todos os enlaces e contidos están hashados no lado do cliente, o que significa que nin sequera nós sabemos o enlace e o contido. Cada enlace ten un ID único de 36 que é unha encriptación unidireccional para acceder ao Mensaxe Secreta e ao seu contido que está encriptado con AES-256.",
      
      "HOW_IT_WORKS_TITLE": "Como funciona?",
      "STEP_1_TITLE": "Escribe a túa mensaxe e/ou xera contrasinal",
      "STEP_2_TITLE": "Crea Enlace Secreto",
      "STEP_3_TITLE": "Comparte enlace",
      
      "COMPANY_LOGO_ALT": "Logotipo da Empresa",
      
      "SHARE_TITLE": "Comparte unha mensaxe secreta",
      "SHARE_DESCRIPTION_PART_1": "Escribe e envía a mensaxe, será",
      "SHARE_DESCRIPTION_PART_2": "eliminada unha vez lida.",
      
      "SHARE_BULLET_1": "Sen rastro.",
      "SHARE_BULLET_2": "Privacidade Protegida",
      "SHARE_BULLET_3": "De visualización única",
      
      "SHARE_ENCRYPTED_BY": "Encriptado, asegurado e protexido por Seguridade Estelar",
      
      "SHARE_TEXTAREA_PLACEHOLDER": "Escribe a túa mensaxe secreta, contrasinal ou información sensible *",
      "SHARE_OPTIONS": "Opciós",
      
      "SHARE_EMPTY": "Déixao baleiro para ningunha.",
      "SHARE_BUTTON": "Crear Enlace Secreto",
      
      "CREATED_TITLE": "O teu segredo foi creado",
      "CREATED_SUBTITLE": "Só se mostrará unha vez",
      
      "CREATED_TITLE_SHARE": "Copia o enlace ou compártelo.",
      "CREATED_BUTTON": "COPIAR",
      "CREATED_CREATE_SECRET": "Crear Novo Segredo",
      "CREATED_BURNSECRET": "Queimar Segredo",
      "URL_COPIED": "O URL foi copiado.",
      
      "VIEW_SECRET": "Ver Segredo"
    },
    "CREATEDPAGE": {
      "CREATEDPAGE": "Segredo Estelar",
      "HOW_IT_WORKS": "Como funciona",
      "DOWNLOAD_APP": "Descargar App",
      "CREATED_TITLE": "O teu segredo foi creado",
      "CREATED_SUBTITLE": "Só se mostrará unha vez",
      "CREATED_TITLE_SHARE": "Copia o enlace ou compártelo.",
      "CREATED_BUTTON": "COPIAR",
      "CREATED_CREATE_SECRET": "Crear Novo Segredo",
      "CREATED_BURNSECRET": "Queimar Segredo",
      "URL_COPIED": "O URL foi copiado."
    },
    "CONFIRMATION": {
      "YOURE_GONNA_BURN_THIS_SECRET": "Vas a queimar este segredo",
      "SECRET_UNAVAILABLE_TEXT": "Non estará dispoñible máis",
      "BURN_FOREVER": "Queimar para sempre",
      "CANCEL": "Cancelar"
    },
    "VIEW": {
      "LOGO_TEXT": "Segredo Estelar",
      "HOW_IT_WORKS": "Como funciona",
      "DOWNLOAD_APP": "Descargar App",
      "WELCOME_MESSAGE": "Ola, recibiches unha mensaxe secreta!",
      "INSTRUCTION": "Escribe e envía a mensaxe, será eliminada unha vez lida.",
      "SHOW_MESSAGE_ONCE": "A seguinte mensaxe só se mostrará <strong>unha vez</strong>",
      "OPEN_SECRET_MESSAGE": "Abrir Mensaxe Secreta",
      "INPUT_PASSPHRASE": "Introduce a Contrasinal",
      "PASS_PHRASE_PLACEHOLDER": "Contrasinal",
      "OPEN_SECRET_BUTTON": "Abrir Mensaxe Secreta",
      "YOUR_SECRET_MESSAGE": "A Túa Mensaxe Secreta",
      "COPY": "Copiar",
      "MESSAGE_LABEL": "Mensaxe",
      "REPLY": "Responder",
      "DOWNLOAD_MESSAGE": "Descarga Segredo Estelar en móbil, crea as túas mensaxes secretas",
      "WITHOUT_TRACE": "Sen rastro.",
      "PRIVACY_PROTECTED": "Privacidade Protegida",
      "ONE_TIME_VIEWABLE": "De visualización única",
      "SECURITY_TEXT": "Encriptado, asegurado e protexido por ",
      "SECURITY_TEXT2": "Seguridade Estelar"
    }
  }
  