{
    "HOME": {
      "HEADER_TITLE": "સ્ટેલર સિક્રેટ",
      "HOW_IT_WORKS": "તે કેવી રીતે કામ કરે છે",
      "DOWNLOAD_APP": "એપ્લિકેશન ડાઉનલોડ કરો",
      
      "ONE_TIME_SECRET_MESSAGING_TITLE": "એક વખતનો સિક્રેટ મેસેજિંગ",
      "ONE_TIME_SECRET_MESSAGING_SUBTITLE": "રસ secrets શેર કરો, અને પફ—તે ગાયબ છે!",
      
      "ENCRYPTED_PROTECTED_BY": "સ્ટેલર સિક્યુરિટી દ્વારા એન્ક્રિપ્ટેડ, સુરક્ષિત અને રક્ષિત",
      "WITHOUT_TRACE_TITLE": "કોઈ છાપ વગર",
      "WITHOUT_TRACE_DESCRIPTION": "અમે તમારા સંવેદનશીલ માહિતીનું મજબૂત રક્ષણ સુનિશ્ચિત કરીએ છીએ. તમામ ડેટા ક્લાયન્ટ-સાઇડ પર એન્ક્રિપ્ટેડ છે. અમે તમારું IP સરનામું, તમે શું શેર કરો છો, કે તમે સિક્રેટ લિંક્સ કોના સાથે શેર કરો છો તે જાણતા નથી - અને મહત્વપૂર્ણ, સામગ્રી.",
      
      "PRIVACY_PROTECTED_TITLE": "ગોપનીયતા સુરક્ષિત",
      "PRIVACY_PROTECTED_DESCRIPTION": "તમે જ જાણો છો કે તમે createdિત સિક્રેટ માહિતીનો લિંક અને જેમને તમે તેને શેર કરો છો. સિક્રેટ બનાવતી વખતે, તમે તેને અનલોક કરવા માટે પાસવર્ડ ઉમરી શકો છો. પણ બર્નર-ટાઇમ સેટ કરવી શક્ય છે. કંઇક નહિ હોય, સિક્રેટ 14 દિવસ પછી હટાવવામાં આવશે.",
      
      "END_TO_END_ENCRYPTED_TITLE": "અંત સુધી એન્ક્રિપ્ટેડ",
      "END_TO_END_ENCRYPTED_DESCRIPTION": "સૌ કડીઓ અને સામગ્રી ક્લાયન્ટ-સાઇડ પર હેશ કરેલ છે, અર્થ કે અમને પણ લિંક અને સામગ્રી નથી જાણતી. દરેક લિંકમાં 36 ની લંબાઇનું અનન્ય ID હોય છે, જે એક-માર્ગીય એન્ક્રિપ્શન છે જેથી સિક્રેટ મેસેજ અને તેની સામગ્રીને AES-256 સાથે એન્ક્રિપ્ટ કરી શકાય.",
      
      "HOW_IT_WORKS_TITLE": "તે કેવી રીતે કામ કરે છે?",
      "STEP_1_TITLE": "તમારો સંદેશ લખો અને/અથવા પાસવર્ડ બનાવો",
      "STEP_2_TITLE": "સિક્રેટ લિંક બનાવો",
      "STEP_3_TITLE": "લિંક શેર કરો",
      
      "COMPANY_LOGO_ALT": "કંપની લોગો",
      
      "SHARE_TITLE": "એક સિક્રેટ મેસેજ શેર કરો",
      "SHARE_DESCRIPTION_PART_1": "લખો અને મેસેજ મોકલો, તે",
      "SHARE_DESCRIPTION_PART_2": "વાંચી લેવાના પછી હટાવવામાં આવશે.",
      
      "SHARE_BULLET_1": "કોઈ છાપ વગર.",
      "SHARE_BULLET_2": "ગોપનીયતા સુરક્ષિત",
      "SHARE_BULLET_3": "એકવાર જુઓ",
      
      "SHARE_ENCRYPTED_BY": "સ્ટેલર સિક્યુરિટી દ્વારા એન્ક્રિપ્ટેડ, સુરક્ષિત અને રક્ષિત",
      
      "SHARE_TEXTAREA_PLACEHOLDER": "તમારો સિક્રેટ મેસેજ, પાસફ્રેઝ અથવા સંવેદનશીલ માહિતી લખો *",
      "SHARE_OPTIONS": "વિકલ્પો",
      
      "SHARE_EMPTY": "કોઈ માટે ખાલી છોડી દો.",
      "SHARE_BUTTON": "સિક્રેટ લિંક બનાવો",
      
      "CREATED_TITLE": "તમારું સિક્રેટ બનાવવામાં આવ્યું",
      "CREATED_SUBTITLE": "તે માત્ર એક જ વખતે બતાવવામાં આવશે",
      
      "CREATED_TITLE_SHARE": "લિંક નકલ કરો અથવા શેર કરો.",
      "CREATED_BUTTON": "નકલ કરો",
      "CREATED_CREATE_SECRET": "નવી સિક્રેટ બનાવો",
      "CREATED_BURNSECRET": "સિક્રેટ બર્ન કરો",
      "URL_COPIED": "URL નકલ કરવામાં આવ્યું છે.",
      "SHARE_BURNER_TIME": "જીવનકાળ",
      "SHARE_PASS_PHRASE": "પાસફ્રેઝ",
      "VIEW_SECRET": "સિક્રેટ જુઓ"
    },
    "HOWITWORK": {
      "HEADER_TITLE": "સ્ટેલર સિક્રેટ",
      "HOW_IT_WORKS": "તે કેવી રીતે કામ કરે છે",
      "DOWNLOAD_APP": "એપ્લિકેશન ડાઉનલોડ કરો",
      
      "ONE_TIME_SECRET_MESSAGING_TITLE": "એક વખતનો સિક્રેટ મેસેજિંગ",
      "ONE_TIME_SECRET_MESSAGING_SUBTITLE": "રસ secrets શેર કરો, અને પફ—તે ગાયબ છે!",
      
      "ENCRYPTED_PROTECTED_BY": "સ્ટેલર સિક્યુરિટી દ્વારા એન્ક્રિપ્ટેડ, સુરક્ષિત અને રક્ષિત",
      "WITHOUT_TRACE_TITLE": "કોઈ છાપ વગર",
      "WITHOUT_TRACE_DESCRIPTION": "અમે તમારા સંવેદનશીલ માહિતીનું મજબૂત રક્ષણ સુનિશ્ચિત કરીએ છીએ. તમામ ડેટા ક્લાયન્ટ-સાઇડ પર એન્ક્રિપ્ટેડ છે. અમે તમારું IP સરનામું, તમે શું શેર કરો છો, કે તમે સિક્રેટ લિંક્સ કોના સાથે શેર કરો છો તે જાણતા નથી - અને મહત્વપૂર્ણ, સામગ્રી.",
      
      "PRIVACY_PROTECTED_TITLE": "ગોપનીયતા સુરક્ષિત",
      "PRIVACY_PROTECTED_DESCRIPTION": "તમે જ જાણો છો કે તમે createdિત સિક્રેટ માહિતીનો લિંક અને જેમને તમે તેને શેર કરો છો. સિક્રેટ બનાવતી વખતે, તમે તેને અનલોક કરવા માટે પાસવર્ડ ઉમરી શકો છો. પણ બર્નર-ટાઇમ સેટ કરવી શક્ય છે. કંઇક નહિ હોય, સિક્રેટ 14 દિવસ પછી હટાવવામાં આવશે.",
      
      "END_TO_END_ENCRYPTED_TITLE": "અંત સુધી એન્ક્રિપ્ટેડ",
      "END_TO_END_ENCRYPTED_DESCRIPTION": "સૌ કડીઓ અને સામગ્રી ક્લાયન્ટ-સાઇડ પર હેશ કરેલ છે, અર્થ કે અમને પણ લિંક અને સામગ્રી નથી જાણતી. દરેક લિંકમાં 36 ની લંબાઇનું અનન્ય ID હોય છે, જે એક-માર્ગીય એન્ક્રિપ્શન છે જેથી સિક્રેટ મેસેજ અને તેની સામગ્રીને AES-256 સાથે એન્ક્રિપ્ટ કરી શકાય.",
      
      "HOW_IT_WORKS_TITLE": "તે કેવી રીતે કામ કરે છે?",
      "STEP_1_TITLE": "તમારા સંદેશને લખો અને/અથવા પાસવર્ડ બનાવો",
      "STEP_2_TITLE": "સિક્રેટ લિંક બનાવો",
      "STEP_3_TITLE": "લિંક શેર કરો",
      
      "COMPANY_LOGO_ALT": "કંપની લોગો",
      
      "SHARE_TITLE": "એક સિક્રેટ મેસેજ શેર કરો",
      "SHARE_DESCRIPTION_PART_1": "લખો અને મેસેજ મોકલો, તે",
      "SHARE_DESCRIPTION_PART_2": "વાંચી લેવાના પછી હટાવવામાં આવશે.",
      
      "SHARE_BULLET_1": "કોઈ છાપ વગર.",
      "SHARE_BULLET_2": "ગોપનીયતા સુરક્ષિત",
      "SHARE_BULLET_3": "એકવાર જુઓ",
      
      "SHARE_ENCRYPTED_BY": "સ્ટેલર સિક્યુરિટી દ્વારા એન્ક્રિપ્ટેડ, સુરક્ષિત અને રક્ષિત",
      
      "SHARE_TEXTAREA_PLACEHOLDER": "તમારો સિક્રેટ મેસેજ, પાસફ્રેઝ અથવા સંવેદનશીલ માહિતી લખો *",
      "SHARE_OPTIONS": "વિકલ્પો",
      
      "SHARE_EMPTY": "કોઈ માટે ખાલી છોડી દો.",
      "SHARE_BUTTON": "સિક્રેટ લિંક બનાવો",
      
      "CREATED_TITLE": "તમારું સિક્રેટ બનાવવામાં આવ્યું",
      "CREATED_SUBTITLE": "તે માત્ર એક જ વખતે બતાવવામાં આવશે",
      
      "CREATED_TITLE_SHARE": "લિંક નકલ કરો અથવા શેર કરો.",
      "CREATED_BUTTON": "નકલ કરો",
      "CREATED_CREATE_SECRET": "નવી સિક્રેટ બનાવો",
      "CREATED_BURNSECRET": "સિક્રેટ બર્ન કરો",
      "URL_COPIED": "URL નકલ કરવામાં આવ્યું છે.",
      
      "VIEW_SECRET": "સિક્રેટ જુઓ"
    },
    "CREATEDPAGE": {
      "CREATEDPAGE": "સ્ટેલર સિક્રેટ",
      "HOW_IT_WORKS": "તે કેવી રીતે કામ કરે છે",
      "DOWNLOAD_APP": "એપ્લિકેશન ડાઉનલોડ કરો",
      "CREATED_TITLE": "તમારું સિક્રેટ બનાવવામાં આવ્યું",
      "CREATED_SUBTITLE": "તે માત્ર એક જ વખત બતાવવામાં આવશે",
      "CREATED_TITLE_SHARE": "લિંક નકલ કરો અથવા શેર કરો.",
      "CREATED_BUTTON": "નકલ કરો",
      "CREATED_CREATE_SECRET": "નવી સિક્રેટ બનાવો",
      "CREATED_BURNSECRET": "સિક્રેટ બર્ન કરો",
      "URL_COPIED": "URL નકલ કરવામાં આવ્યું છે."
    },
    "CONFIRMATION": {
      "YOURE_GONNA_BURN_THIS_SECRET": "તમે આ સિક્રેટ બર્ન કરવા જઈ રહ્યા છો",
      "SECRET_UNAVAILABLE_TEXT": "આ ઉપલબ્ધ નહીં રહે",
      "BURN_FOREVER": "હંમેશા માટે બર્ન કરો",
      "CANCEL": "રદ કરો"
    },
    "VIEW": {
      "LOGO_TEXT": "સ્ટેલર સિક્રેટ",
      "HOW_IT_WORKS": "તે કેવી રીતે કામ કરે છે",
      "DOWNLOAD_APP": "એપ્લિકેશન ડાઉનલોડ કરો",
      "WELCOME_MESSAGE": "હાય, તમે એક સિક્રેટ મેસેજ પ્રાપ્ત કર્યો છે!",
      "INSTRUCTION": "લખો અને મેસેજ મોકલો, તે વાંચી લેવાના પછી હટાવવામાં આવશે.",
      "SHOW_MESSAGE_ONCE": "ખાલી એક જ વખત બતાવવામાં આવનાર મેસેજ",
      "OPEN_SECRET_MESSAGE": "સિક્રેટ મેસેજ ખોલો",
      "INPUT_PASSPHRASE": "પાસફ્રેઝ દાખલ કરો",
      "PASS_PHRASE_PLACEHOLDER": "પાસફ્રેઝ",
      "OPEN_SECRET_BUTTON": "સિક્રેટ મેસેજ ખોલો",
      "YOUR_SECRET_MESSAGE": "તમારું સિક્રેટ મેસેજ",
      "COPY": "નકલ કરો",
      "MESSAGE_LABEL": "મેસેજ",
      "REPLY": "જવાબ આપો",
      "DOWNLOAD_MESSAGE": "મોબાઇલ પર સ્ટેલર સિક્રેટ ડાઉનલોડ કરો, તમારા સિક્રેટ મેસેજ બનાવો",
      "WITHOUT_TRACE": "કોઈ છાપ વગર.",
      "PRIVACY_PROTECTED": "ગોપનીયતા સુરક્ષિત",
      "ONE_TIME_VIEWABLE": "એકવાર જુઓ",
      "SECURITY_TEXT": "એન્ક્રિપ્ટેડ, સુરક્ષિત અને રક્ષિત",
      "SECURITY_TEXT2": "સ્ટેલર સિક્યુરિટી દ્વારા"
    }
  }
  