{
    "HOME": {
      "HEADER_TITLE": "Keʻena Nani",
      "HOW_IT_WORKS": "Pehea e hana ai",
      "DOWNLOAD_APP": "Hoʻoiho i ka Pūnaewele",
      
      "ONE_TIME_SECRET_MESSAGING_TITLE": "Nā Kī Mōʻaukala ʻAha ʻole",
      "ONE_TIME_SECRET_MESSAGING_SUBTITLE": "Kāhea i nā kī, a pēlā—ʻo ia hoʻi, ʻaʻole ia e noho!",
      
      "ENCRYPTED_PROTECTED_BY": "Encrypted, secured and protected by Keʻena Nani",
      "WITHOUT_TRACE_TITLE": "Mea ʻole nā traces",
      "WITHOUT_TRACE_DESCRIPTION": "Hāʻawi mākou i ka mālama ikaika o kāu ʻike ʻike. Hoʻopaʻa ʻia nā ʻike a pau ma ka ʻaoʻao mea hoʻohana. ʻAʻole mākou e ʻike i kāu IP helu, nā mea āu e kīʻai ai, a pehea ʻoe e kīʻai ai i nā kī huna - a ʻo ka mea nui, nā ʻano kālā.",
      
      "PRIVACY_PROTECTED_TITLE": "Nā manaʻo ma nā ʻano",
      "PRIVACY_PROTECTED_DESCRIPTION": "ʻO ʻoe ke koho wale nō e ʻike i ka kī o nā ʻike huna āu i hoʻokumu ai a koho e kīʻai ai. Ke koho i ka huna, hiki iā ʻoe ke hoʻohui i ka ʻōlelo huna ma mua o ka hiki ke wehe. Hiki ke koho i ka manawa hoʻopaʻa. Ma laila, e hōʻole ʻia ka huna ma hope o nā lā 14.",
      
      "END_TO_END_ENCRYPTED_TITLE": "Hoʻohālike ʻia ma waena o ka ʻaoʻao",
      "END_TO_END_ENCRYPTED_DESCRIPTION": "ʻO nā kī a me nā ʻike i hoʻopaʻa ʻia ma ka ʻaoʻao mea hoʻohana, e hāʻawi iā mākou i ka ʻike i nā kī a me nā ʻike. He ID nui ka kī o 36 nā kūlana ʻehā i hoʻokumu ʻia ma mua o ka hiki ke komo i ka Kī Huna a me nā ʻike i hoʻopaʻa ʻia me AES-256.",
      
      "HOW_IT_WORKS_TITLE": "Pehea e hana ai?",
      "STEP_1_TITLE": "Kākau i kāu leka a me/ʻa i hoʻokumu i ka ʻōlelo huna",
      "STEP_2_TITLE": "Hana i ka Kī Huna",
      "STEP_3_TITLE": "Kāhea i ka kī",
      
      "COMPANY_LOGO_ALT": "Kelea Pākīpika",
      
      "SHARE_TITLE": "Kāhea i ka leka huna",
      "SHARE_DESCRIPTION_PART_1": "Kākau a hoʻouna i ka leka, e",
      "SHARE_DESCRIPTION_PART_2": "hōʻole ʻia ma hope o ka helu.",
      
      "SHARE_BULLET_1": "Mea ʻole nā traces.",
      "SHARE_BULLET_2": "Nā manaʻo ma nā ʻano",
      "SHARE_BULLET_3": "E ʻike i hoʻokahi manawa",
      
      "SHARE_ENCRYPTED_BY": "Encrypted, secured and protected by Keʻena Nani",
      
      "SHARE_TEXTAREA_PLACEHOLDER": "Kākau i kāu leka Huna, ʻōlelo huna a me nā ʻike pilikino *",
      "SHARE_OPTIONS": "Nā koho",
      
      "SHARE_EMPTY": "Hoʻokuʻu ʻia no ka ʻole.",
      "SHARE_BUTTON": "Hana i ka Kī Huna",
      
      "CREATED_TITLE": "Ua hoʻokumu ʻia kāu Huna",
      "CREATED_SUBTITLE": "E hōʻike ʻia ʻo ia i hoʻokahi manawa wale nō",
      
      "CREATED_TITLE_SHARE": "Kāpī i ka kī a kāhea iā ia.",
      "CREATED_BUTTON": "KĀPĪ",
      "CREATED_CREATE_SECRET": "Hana i ka Huna Hou",
      "CREATED_BURNSECRET": "Hōʻole i ka Huna",
      "URL_COPIED": "Ua kāpī ʻia ka URL.",
      "SHARE_BURNER_TIME":"Lōʻihi",
      "SHARE_PASS_PHRASE":"ʻŌlelo Huna",
      "VIEW_SECRET": "Nānā i ka Huna"
    },
    "HOWITWORK": {
      "HEADER_TITLE": "Keʻena Nani",
      "HOW_IT_WORKS": "Pehea e hana ai",
      "DOWNLOAD_APP": "Hoʻoiho i ka Pūnaewele",
      
      "ONE_TIME_SECRET_MESSAGING_TITLE": "Nā Kī Mōʻaukala ʻAha ʻole",
      "ONE_TIME_SECRET_MESSAGING_SUBTITLE": "Kāhea i nā kī, a pēlā—ʻo ia hoʻi, ʻaʻole ia e noho!",
      
      "ENCRYPTED_PROTECTED_BY": "Encrypted, secured and protected by Keʻena Nani",
      "WITHOUT_TRACE_TITLE": "Mea ʻole nā traces",
      "WITHOUT_TRACE_DESCRIPTION": "Hāʻawi mākou i ka mālama ikaika o kāu ʻike ʻike. Hoʻopaʻa ʻia nā ʻike a pau ma ka ʻaoʻao mea hoʻohana. ʻAʻole mākou e ʻike i kāu IP helu, nā mea āu e kīʻai ai, a pehea ʻoe e kīʻai ai i nā kī huna - a ʻo ka mea nui, nā ʻano kālā.",
      
      "PRIVACY_PROTECTED_TITLE": "Nā manaʻo ma nā ʻano",
      "PRIVACY_PROTECTED_DESCRIPTION": "ʻO ʻoe ke koho wale nō e ʻike i ka kī o nā ʻike huna āu i hoʻokumu ai a koho e kīʻai ai. Ke koho i ka huna, hiki iā ʻoe ke hoʻohui i ka ʻōlelo huna ma mua o ka hiki ke wehe. Hiki ke koho i ka manawa hoʻopaʻa. Ma laila, e hōʻole ʻia ka huna ma hope o nā lā 14.",
      
      "END_TO_END_ENCRYPTED_TITLE": "Hoʻohālike ʻia ma waena o ka ʻaoʻao",
      "END_TO_END_ENCRYPTED_DESCRIPTION": "ʻO nā kī a me nā ʻike i hoʻopaʻa ʻia ma ka ʻaoʻao mea hoʻohana, e hāʻawi iā mākou i ka ʻike i nā kī a me nā ʻike. He ID nui ka kī o 36 nā kūlana ʻehā i hoʻokumu ʻia ma mua o ka hiki ke komo i ka Kī Huna a me nā ʻike i hoʻopaʻa ʻia me AES-256.",
      
      "HOW_IT_WORKS_TITLE": "Pehea e hana ai?",
      "STEP_1_TITLE": "Kākau i kāu leka a me/ʻa i hoʻokumu i ka ʻōlelo huna",
      "STEP_2_TITLE": "Hana i ka Kī Huna",
      "STEP_3_TITLE": "Kāhea i ka kī",
      
      "COMPANY_LOGO_ALT": "Kelea Pākīpika",
      
      "SHARE_TITLE": "Kāhea i ka leka huna",
      "SHARE_DESCRIPTION_PART_1": "Kākau a hoʻouna i ka leka, e",
      "SHARE_DESCRIPTION_PART_2": "hōʻole ʻia ma hope o ka helu.",
      
      "SHARE_BULLET_1": "Mea ʻole nā traces.",
      "SHARE_BULLET_2": "Nā manaʻo ma nā ʻano",
      "SHARE_BULLET_3": "E ʻike i hoʻokahi manawa",
      
      "SHARE_ENCRYPTED_BY": "Encrypted, secured and protected by Keʻena Nani",
      
      "SHARE_TEXTAREA_PLACEHOLDER": "Kākau i kāu leka Huna, ʻōlelo huna a me nā ʻike pilikino *",
      "SHARE_OPTIONS": "Nā koho",
      
      "SHARE_EMPTY": "Hoʻokuʻu ʻia no ka ʻole.",
      "SHARE_BUTTON": "Hana i ka Kī Huna",
      
      "CREATED_TITLE": "Ua hoʻokumu ʻia kāu Huna",
      "CREATED_SUBTITLE": "E hōʻike ʻia ʻo ia i hoʻokahi manawa wale nō",
      
      "CREATED_TITLE_SHARE": "Kāpī i ka kī a kāhea iā ia.",
      "CREATED_BUTTON": "KĀPĪ",
      "CREATED_CREATE_SECRET": "Hana i ka Huna Hou",
      "CREATED_BURNSECRET": "Hōʻole i ka Huna",
      "URL_COPIED": "Ua kāpī ʻia ka URL.",
      
      "VIEW_SECRET": "Nānā i ka Huna"
    },
    "CREATEDPAGE": {
      "CREATEDPAGE": "Keʻena Nani",
      "HOW_IT_WORKS": "Pehea e hana ai",
      "DOWNLOAD_APP": "Hoʻoiho i ka Pūnaewele",
      "CREATED_TITLE": "Ua hoʻokumu ʻia kāu Huna",
      "CREATED_SUBTITLE": "E hōʻike ʻia ʻo ia i hoʻokahi manawa wale nō",
      "CREATED_TITLE_SHARE": "Kāpī i ka kī a kāhea iā ia.",
      "CREATED_BUTTON": "KĀPĪ",
      "CREATED_CREATE_SECRET": "Hana i ka Huna Hou",
      "CREATED_BURNSECRET": "Hōʻole i ka Huna",
      "URL_COPIED": "Ua kāpī ʻia ka URL."
    },
    "CONFIRMATION": {
      "YOURE_GONNA_BURN_THIS_SECRET": "ʻAʻole ʻoe e hoʻākau i kēia huna",
      "SECRET_UNAVAILABLE_TEXT": "ʻAʻole e loaʻa iā ia hou",
      "BURN_FOREVER": "Hōʻole Mau",
      "CANCEL": "Hōʻole"
    },
    "VIEW": {
      "LOGO_TEXT": "Keʻena Nani",
      "HOW_IT_WORKS": "Pehea e hana ai",
      "DOWNLOAD_APP": "Hoʻoiho i ka Pūnaewele",
      "WELCOME_MESSAGE": "Aloha, ua loaʻa iā ʻoe i ka leka huna!",
      "INSTRUCTION": "Kākau a hoʻouna i ka leka, e hoʻoluʻu ʻia ma hope o ka helu.",
      "SHOW_MESSAGE_ONCE": "E hōʻike ʻia kēia leka <strong>i hoʻokahi manawa wale nō</strong>",
      "OPEN_SECRET_MESSAGE": "Wehe i ka Leka Huna",
      "INPUT_PASSPHRASE": "Nā ʻōlelo huna",
      "PASS_PHRASE_PLACEHOLDER": "Nā ʻōlelo huna",
      "OPEN_SECRET_BUTTON": "Wehe i ka Leka Huna",
      "YOUR_SECRET_MESSAGE": "Kā mākou Leka Huna",
      "COPY": "Kāpī",
      "MESSAGE_LABEL": "Leka",
      "REPLY": "Pane",
      "DOWNLOAD_MESSAGE": "Hoʻoiho i Keʻena Nani ma nā hāmeʻa mobi, hoʻokumu i kāu leka huna",
      "WITHOUT_TRACE": "Mea ʻole nā traces.",
      "PRIVACY_PROTECTED": "Nā manaʻo ma nā ʻano",
      "ONE_TIME_VIEWABLE": "E ʻike i hoʻokahi manawa",
      "SECURITY_TEXT": "Encrypted, secured and protected by ",
      "SECURITY_TEXT2": "Keʻena Nani"
    }
  }
  