{
  "HOME": {
    "HEADER_TITLE": "स्टेलर सीक्रेट",
    "HOW_IT_WORKS": "यह कैसे काम करता है",
    "DOWNLOAD_APP": "ऐप डाउनलोड करें",
    
    "ONE_TIME_SECRET_MESSAGING_TITLE": "एक बार का सीक्रेट मैसेजिंग",
    "ONE_TIME_SECRET_MESSAGING_SUBTITLE": "गोपनीयता साझा करें, और झटपट—वे गायब हो जाते हैं!",
    
    "ENCRYPTED_PROTECTED_BY": "एन्क्रिप्टेड, सुरक्षित और स्टेलर सुरक्षा द्वारा संरक्षित",
    "WITHOUT_TRACE_TITLE": "कोई निशान नहीं",
    "WITHOUT_TRACE_DESCRIPTION": "हम आपकी संवेदनशील जानकारी की मजबूत सुरक्षा सुनिश्चित करते हैं। सभी डेटा को क्लाइंट-साइड पर एन्क्रिप्ट किया जा रहा है। हम आपका आईपी पता, आप क्या साझा करते हैं, या आपने सीक्रेट लिंक किसके साथ साझा किया है, नहीं जानते - और सबसे महत्वपूर्ण, सामग्री।",
    
    "PRIVACY_PROTECTED_TITLE": "गोपनीयता संरक्षित",
    "PRIVACY_PROTECTED_DESCRIPTION": "आपके पास केवल वही लिंक है जो आपने बनाई है और जिसे आप साझा करते हैं। एक सीक्रेट बनाने के दौरान, आप इसे अनलॉक करने से पहले एक पासवर्ड जोड़ सकते हैं। साथ ही, बर्नर-समय सेट करना भी संभव है। कोई भी मामला हो, एक सीक्रेट 14 दिनों के बाद हटा दिया जाएगा।",
    
    "END_TO_END_ENCRYPTED_TITLE": "एंड-टू-एंड एन्क्रिप्टेड",
    "END_TO_END_ENCRYPTED_DESCRIPTION": "सभी लिंक और सामग्री क्लाइंट-साइड पर हैश की जाती है, जिसका मतलब है कि यहां तक कि हम भी लिंक और सामग्री को नहीं जानते। प्रत्येक लिंक में 36 की लंबाई का एक अद्वितीय आईडी होता है जो एक-तरफा एन्क्रिप्शन है ताकि आप सीक्रेट मैसेज और इसकी सामग्री को एईएस-256 से एन्क्रिप्टेड एक्सेस कर सकें।",
    
    "HOW_IT_WORKS_TITLE": "यह कैसे काम करता है?",
    "STEP_1_TITLE": "अपना संदेश लिखें और/या पासवर्ड जनरेट करें",
    "STEP_2_TITLE": "सीक्रेट लिंक बनाएं",
    "STEP_3_TITLE": "लिंक साझा करें",
    
    "COMPANY_LOGO_ALT": "कंपनी का लोगो",
    
    "SHARE_TITLE": "एक सीक्रेट संदेश साझा करें",
    "SHARE_DESCRIPTION_PART_1": "लिखें और भेजें संदेश, यह",
    "SHARE_DESCRIPTION_PART_2": "पढ़ने के बाद हटा दिया जाएगा।",
    
    "SHARE_BULLET_1": "कोई निशान नहीं।",
    "SHARE_BULLET_2": "गोपनीयता संरक्षित",
    "SHARE_BULLET_3": "एक बार देखा जा सकता है",
    
    "SHARE_ENCRYPTED_BY": "एन्क्रिप्टेड, सुरक्षित और स्टेलर सुरक्षा द्वारा संरक्षित",
    
    "SHARE_TEXTAREA_PLACEHOLDER": "अपना सीक्रेट संदेश, पासवर्ड या संवेदनशील जानकारी लिखें *",
    "SHARE_OPTIONS": "विकल्प",
    
    "SHARE_EMPTY": "कोई नहीं के लिए खाली छोड़ दें।",
    "SHARE_BUTTON": "सीक्रेट लिंक बनाएं",
    
    "CREATED_TITLE": "आपका सीक्रेट बन गया है",
    "CREATED_SUBTITLE": "यह केवल एक बार ही दिखाया जाएगा",
    
    "CREATED_TITLE_SHARE": "लिंक कॉपी करें या साझा करें।",
    "CREATED_BUTTON": "कॉपी",
    "CREATED_CREATE_SECRET": "नया सीक्रेट बनाएं",
    "CREATED_BURNSECRET": "सीक्रेट बर्न करें",
    "URL_COPIED": "URL कॉपी हो गया है।",
    "SHARE_BURNER_TIME":"जीवनकाल",
    "SHARE_PASS_PHRASE":"पासफ्रेज़",
    "VIEW_SECRET": "सीक्रेट देखें"
  },
  "HOWITWORK": {
    "HEADER_TITLE": "स्टेलर सीक्रेट",
    "HOW_IT_WORKS": "यह कैसे काम करता है",
    "DOWNLOAD_APP": "ऐप डाउनलोड करें",
    
    "ONE_TIME_SECRET_MESSAGING_TITLE": "एक बार का सीक्रेट मैसेजिंग",
    "ONE_TIME_SECRET_MESSAGING_SUBTITLE": "गोपनीयता साझा करें, और झटपट—वे गायब हो जाते हैं!",
    
    "ENCRYPTED_PROTECTED_BY": "एन्क्रिप्टेड, सुरक्षित और स्टेलर सुरक्षा द्वारा संरक्षित",
    "WITHOUT_TRACE_TITLE": "कोई निशान नहीं",
    "WITHOUT_TRACE_DESCRIPTION": "हम आपकी संवेदनशील जानकारी की मजबूत सुरक्षा सुनिश्चित करते हैं। सभी डेटा को क्लाइंट-साइड पर एन्क्रिप्ट किया जा रहा है। हम आपका आईपी पता, आप क्या साझा करते हैं, या आपने सीक्रेट लिंक किसके साथ साझा किया है, नहीं जानते - और सबसे महत्वपूर्ण, सामग्री।",
    
    "PRIVACY_PROTECTED_TITLE": "गोपनीयता संरक्षित",
    "PRIVACY_PROTECTED_DESCRIPTION": "आपके पास केवल वही लिंक है जो आपने बनाई है और जिसे आप साझा करते हैं। एक सीक्रेट बनाने के दौरान, आप इसे अनलॉक करने से पहले एक पासवर्ड जोड़ सकते हैं। साथ ही, बर्नर-समय सेट करना भी संभव है। कोई भी मामला हो, एक सीक्रेट 14 दिनों के बाद हटा दिया जाएगा।",
    
    "END_TO_END_ENCRYPTED_TITLE": "एंड-टू-एंड एन्क्रिप्टेड",
    "END_TO_END_ENCRYPTED_DESCRIPTION": "सभी लिंक और सामग्री क्लाइंट-साइड पर हैश की जाती है, जिसका मतलब है कि यहां तक कि हम भी लिंक और सामग्री को नहीं जानते। प्रत्येक लिंक में 36 की लंबाई का एक अद्वितीय आईडी होता है जो एक-तरफा एन्क्रिप्शन है ताकि आप सीक्रेट मैसेज और इसकी सामग्री को एईएस-256 से एन्क्रिप्टेड एक्सेस कर सकें।",
    
    "HOW_IT_WORKS_TITLE": "यह कैसे काम करता है?",
    "STEP_1_TITLE": "अपना संदेश लिखें और/या पासवर्ड जनरेट करें",
    "STEP_2_TITLE": "सीक्रेट लिंक बनाएं",
    "STEP_3_TITLE": "लिंक साझा करें",
    
    "COMPANY_LOGO_ALT": "कंपनी का लोगो",
    
    "SHARE_TITLE": "एक सीक्रेट संदेश साझा करें",
    "SHARE_DESCRIPTION_PART_1": "लिखें और भेजें संदेश, यह",
    "SHARE_DESCRIPTION_PART_2": "पढ़ने के बाद हटा दिया जाएगा।",
    
    "SHARE_BULLET_1": "कोई निशान नहीं।",
    "SHARE_BULLET_2": "गोपनीयता संरक्षित",
    "SHARE_BULLET_3": "एक बार देखा जा सकता है",
    
    "SHARE_ENCRYPTED_BY": "एन्क्रिप्टेड, सुरक्षित और स्टेलर सुरक्षा द्वारा संरक्षित",
    
    "SHARE_TEXTAREA_PLACEHOLDER": "अपना सीक्रेट संदेश, पासवर्ड या संवेदनशील जानकारी लिखें *",
    "SHARE_OPTIONS": "विकल्प",
    
    "SHARE_EMPTY": "कोई नहीं के लिए खाली छोड़ दें।",
    "SHARE_BUTTON": "सीक्रेट लिंक बनाएं",
    
    "CREATED_TITLE": "आपका सीक्रेट बन गया है",
    "CREATED_SUBTITLE": "यह केवल एक बार ही दिखाया जाएगा",
    
    "CREATED_TITLE_SHARE": "लिंक कॉपी करें या साझा करें।",
    "CREATED_BUTTON": "कॉपी",
    "CREATED_CREATE_SECRET": "नया सीक्रेट बनाएं",
    "CREATED_BURNSECRET": "सीक्रेट बर्न करें",
    "URL_COPIED": "URL कॉपी हो गया है।",
    
    "VIEW_SECRET": "सीक्रेट देखें"
  },
  "CREATEDPAGE": {
    "CREATEDPAGE": "स्टेलर सीक्रेट",
    "HOW_IT_WORKS": "यह कैसे काम करता है",
    "DOWNLOAD_APP": "ऐप डाउनलोड करें",
    "CREATED_TITLE": "आपका सीक्रेट बन गया है",
    "CREATED_SUBTITLE": "यह केवल एक बार ही दिखाया जाएगा",
    "CREATED_TITLE_SHARE": "लिंक कॉपी करें या साझा करें।",
    "CREATED_BUTTON": "कॉपी",
    "CREATED_CREATE_SECRET": "नया सीक्रेट बनाएं",
    "CREATED_BURNSECRET": "सीक्रेट बर्न करें",
    "URL_COPIED": "URL कॉपी हो गया है।"
  },
  "CONFIRMATION": {
    "YOURE_GONNA_BURN_THIS_SECRET": "आप इस सीक्रेट को बर्न करने जा रहे हैं",
    "SECRET_UNAVAILABLE_TEXT": "यह अब उपलब्ध नहीं होगा",
    "BURN_FOREVER": "सदाके लिए बर्न करें",
    "CANCEL": "रद्द करें"
  },
  "VIEW": {
    "LOGO_TEXT": "स्टेलर सीक्रेट",
    "HOW_IT_WORKS": "यह कैसे काम करता है",
    "DOWNLOAD_APP": "ऐप डाउनलोड करें",
    "WELCOME_MESSAGE": "नमस्ते, आपको एक सीक्रेट संदेश प्राप्त हुआ है!",
    "INSTRUCTION": "लिखें और भेजें संदेश, यह पढ़ने के बाद हटा दिया जाएगा।",
    "SHOW_MESSAGE_ONCE": "निम्नलिखित संदेश <strong>केवल एक बार</strong> दिखाया जाएगा",
    "OPEN_SECRET_MESSAGE": "सीक्रेट संदेश खोलें",
    "INPUT_PASSPHRASE": "पासफ्रेज़ दर्ज करें",
    "PASS_PHRASE_PLACEHOLDER": "पासफ्रेज़",
    "OPEN_SECRET_BUTTON": "सीक्रेट संदेश खोलें",
    "YOUR_SECRET_MESSAGE": "आपका सीक्रेट संदेश",
    "COPY": "कॉपी",
    "MESSAGE_LABEL": "संदेश",
    "REPLY": "उत्तर दें",
    "DOWNLOAD_MESSAGE": "स्टेलर सीक्रेट को मोबाइल पर डाउनलोड करें, अपने सीक्रेट संदेश बनाएं",
    "WITHOUT_TRACE": "कोई निशान नहीं।",
    "PRIVACY_PROTECTED": "गोपनीयता संरक्षित",
    "ONE_TIME_VIEWABLE": "एक बार देखा जा सकता है",
    "SECURITY_TEXT": "एन्क्रिप्टेड, सुरक्षित और संरक्षित द्वारा ",
    "SECURITY_TEXT2": "स्टेलर सुरक्षा"
  }
}
