{
    "HOME": {
      "HEADER_TITLE": "Sekrè Stellè",
      "HOW_IT_WORKS": "Kijan sa mache",
      "DOWNLOAD_APP": "Telechaje Aplikasyon an",
      
      "ONE_TIME_SECRET_MESSAGING_TITLE": "Mesaj Sekrè Yon Fwa",
      "ONE_TIME_SECRET_MESSAGING_SUBTITLE": "Pataje sekrè, epi pafwa—yo disparèt!",
      
      "ENCRYPTED_PROTECTED_BY": "Enkripte, sekirize e pwoteje pa Sekirite Stellè",
      "WITHOUT_TRACE_TITLE": "San tras",
      "WITHOUT_TRACE_DESCRIPTION": "Nou garanti pwoteksyon solid pou enfòmasyon sansib ou yo. Tout done yo ankripte sou bò kliyan an. Nou pa konnen adrès IP ou, sa w ap pataje, ni ak kiyès ou pataje lyen sekrè yo - e pi enpòtan, kontni an.",
      
      "PRIVACY_PROTECTED_TITLE": "Pwoteksyon Prive",
      "PRIVACY_PROTECTED_DESCRIPTION": "Ou se sèl moun ki konnen lyen an pou enfòmasyon sekrè ou kreye a ak ak kiyès ou pataje li. Lè w ap kreye yon sekrè, ou ka ajoute yon modpas anvan li ka debloke. Ou kapab tou mete yon tan boure. Kèlkeswa sa, yon sekrè ap efase apre 14 jou.",
      
      "END_TO_END_ENCRYPTED_TITLE": "Ankripte soti nan kòmansman rive nan fen",
      "END_TO_END_ENCRYPTED_DESCRIPTION": "Tout lyen ak kontni yo ankripte sou bò kliyan an, sa vle di menm nou pa konnen lyen an ak kontni an. Chak lyen gen yon ID inik ki gen yon longè 36 ki se yon ankripte yon sèl fason pou aksede Mesaj Sekrè a ak kontni li yo ki ankripte ak AES-256.",
      
      "HOW_IT_WORKS_TITLE": "Kijan sa mache?",
      "STEP_1_TITLE": "Ekri mesaj ou ak/oswa jenere modpas",
      "STEP_2_TITLE": "Kreye Lyen Sekrè",
      "STEP_3_TITLE": "Pataje lyen an",
      
      "COMPANY_LOGO_ALT": "Logo Konpayi",
      
      "SHARE_TITLE": "Pataje yon mesaj sekrè",
      "SHARE_DESCRIPTION_PART_1": "Ekri ak voye mesaj, li pral",
      "SHARE_DESCRIPTION_PART_2": "efase apre li li.",
      
      "SHARE_BULLET_1": "San tras.",
      "SHARE_BULLET_2": "Pwoteksyon Prive",
      "SHARE_BULLET_3": "Vizib yon fwa sèlman",
      
      "SHARE_ENCRYPTED_BY": "Enkripte, sekirize e pwoteje pa Sekirite Stellè",
      
      "SHARE_TEXTAREA_PLACEHOLDER": "Ekri mesaj Sekrè ou, modpas oswa enfòmasyon sansib *",
      "SHARE_OPTIONS": "Opsyon",
      
      "SHARE_EMPTY": "Kite vid pou okenn.",
      "SHARE_BUTTON": "Kreye Lyen Sekrè",
      
      "CREATED_TITLE": "Sekrè ou te kreye",
      "CREATED_SUBTITLE": "Li pral montre sèlman yon fwa",
      
      "CREATED_TITLE_SHARE": "Kopye lyen an oswa pataje li.",
      "CREATED_BUTTON": "KOPYE",
      "CREATED_CREATE_SECRET": "Kreye Nouvo Sekrè",
      "CREATED_BURNSECRET": "Bouke Sekrè",
      "URL_COPIED": "URL a kopye.",
      "SHARE_BURNER_TIME": "Dire",
      "SHARE_PASS_PHRASE": "Modpas",
      "VIEW_SECRET": "Wè Sekrè"
    },
    "HOWITWORK": {
      "HEADER_TITLE": "Sekrè Stellè",
      "HOW_IT_WORKS": "Kijan sa mache",
      "DOWNLOAD_APP": "Telechaje Aplikasyon an",
      
      "ONE_TIME_SECRET_MESSAGING_TITLE": "Mesaj Sekrè Yon Fwa",
      "ONE_TIME_SECRET_MESSAGING_SUBTITLE": "Pataje sekrè, epi pafwa—yo disparèt!",
      
      "ENCRYPTED_PROTECTED_BY": "Enkripte, sekirize e pwoteje pa Sekirite Stellè",
      "WITHOUT_TRACE_TITLE": "San tras",
      "WITHOUT_TRACE_DESCRIPTION": "Nou garanti pwoteksyon solid pou enfòmasyon sansib ou yo. Tout done yo ankripte sou bò kliyan an. Nou pa konnen adrès IP ou, sa w ap pataje, ni ak kiyès ou pataje lyen sekrè yo - e pi enpòtan, kontni an.",
      
      "PRIVACY_PROTECTED_TITLE": "Pwoteksyon Prive",
      "PRIVACY_PROTECTED_DESCRIPTION": "Ou se sèl moun ki konnen lyen an pou enfòmasyon sekrè ou kreye a ak ak kiyès ou pataje li. Lè w ap kreye yon sekrè, ou ka ajoute yon modpas anvan li ka debloke. Ou kapab tou mete yon tan boure. Kèlkeswa sa, yon sekrè ap efase apre 14 jou.",
      
      "END_TO_END_ENCRYPTED_TITLE": "Ankripte soti nan kòmansman rive nan fen",
      "END_TO_END_ENCRYPTED_DESCRIPTION": "Tout lyen ak kontni yo ankripte sou bò kliyan an, sa vle di menm nou pa konnen lyen an ak kontni an. Chak lyen gen yon ID inik ki gen yon longè 36 ki se yon ankripte yon sèl fason pou aksede Mesaj Sekrè a ak kontni li yo ki ankripte ak AES-256.",
      
      "HOW_IT_WORKS_TITLE": "Kijan sa mache?",
      "STEP_1_TITLE": "Ekri mesaj ou ak/oswa jenere modpas",
      "STEP_2_TITLE": "Kreye Lyen Sekrè",
      "STEP_3_TITLE": "Pataje lyen an",
      
      "COMPANY_LOGO_ALT": "Logo Konpayi",
      
      "SHARE_TITLE": "Pataje yon mesaj sekrè",
      "SHARE_DESCRIPTION_PART_1": "Ekri ak voye mesaj, li pral",
      "SHARE_DESCRIPTION_PART_2": "efase apre li li.",
      
      "SHARE_BULLET_1": "San tras.",
      "SHARE_BULLET_2": "Pwoteksyon Prive",
      "SHARE_BULLET_3": "Vizib yon fwa sèlman",
      
      "SHARE_ENCRYPTED_BY": "Enkripte, sekirize e pwoteje pa Sekirite Stellè",
      
      "SHARE_TEXTAREA_PLACEHOLDER": "Ekri mesaj Sekrè ou, modpas oswa enfòmasyon sansib *",
      "SHARE_OPTIONS": "Opsyon",
      
      "SHARE_EMPTY": "Kite vid pou okenn.",
      "SHARE_BUTTON": "Kreye Lyen Sekrè",
      
      "CREATED_TITLE": "Sekrè ou te kreye",
      "CREATED_SUBTITLE": "Li pral montre sèlman yon fwa",
      
      "CREATED_TITLE_SHARE": "Kopye lyen an oswa pataje li.",
      "CREATED_BUTTON": "KOPYE",
      "CREATED_CREATE_SECRET": "Kreye Nouvo Sekrè",
      "CREATED_BURNSECRET": "Bouke Sekrè",
      "URL_COPIED": "URL a kopye.",
      
      "VIEW_SECRET": "Wè Sekrè"
    },
    "CREATEDPAGE": {
      "CREATEDPAGE": "Sekrè Stellè",
      "HOW_IT_WORKS": "Kijan sa mache",
      "DOWNLOAD_APP": "Telechaje Aplikasyon an",
      "CREATED_TITLE": "Sekrè ou te kreye",
      "CREATED_SUBTITLE": "Li pral montre sèlman yon fwa",
      "CREATED_TITLE_SHARE": "Kopye lyen an oswa pataje li.",
      "CREATED_BUTTON": "KOPYE",
      "CREATED_CREATE_SECRET": "Kreye Nouvo Sekrè",
      "CREATED_BURNSECRET": "Bouke Sekrè",
      "URL_COPIED": "URL a kopye."
    },
    "CONFIRMATION": {
      "YOURE_GONNA_BURN_THIS_SECRET": "W ap boule sekrè sa a",
      "SECRET_UNAVAILABLE_TEXT": "Li pap disponib ankò",
      "BURN_FOREVER": "Bouke pou toutan",
      "CANCEL": "Anile"
    },
    "VIEW": {
      "LOGO_TEXT": "Sekrè Stellè",
      "HOW_IT_WORKS": "Kijan sa mache",
      "DOWNLOAD_APP": "Telechaje Aplikasyon an",
      "WELCOME_MESSAGE": "Bonjou, ou te resevwa yon mesaj sekrè!",
      "INSTRUCTION": "Ekri ak voye mesaj, li pral efase apre li li.",
      "SHOW_MESSAGE_ONCE": "Mesaj sa a ap montre <strong>yon fwa sèlman</strong>",
      "OPEN_SECRET_MESSAGE": "Louvri Mesaj Sekrè",
      "INPUT_PASSPHRASE": "Antre Modpas",
      "PASS_PHRASE_PLACEHOLDER": "Modpas",
      "OPEN_SECRET_BUTTON": "Louvri Mesaj Sekrè",
      "YOUR_SECRET_MESSAGE": "Mesaj Sekrè Ou",
      "COPY": "Kopye",
      "MESSAGE_LABEL": "Mesaj",
      "REPLY": "Reponn",
      "DOWNLOAD_MESSAGE": "Telechaje Sekrè Stellè sou mobil, kreye mesaj sekrè ou yo",
      "WITHOUT_TRACE": "San tras.",
      "PRIVACY_PROTECTED": "Pwoteksyon Prive",
      "ONE_TIME_VIEWABLE": "Vizib yon fwa sèlman",
      "SECURITY_TEXT": "Enkripte, sekirize e pwoteje pa ",
      "SECURITY_TEXT2": "Sekirite Stellè"
    }
  }
  