{
    "HOME": {
      "HEADER_TITLE": "Սթելլար Սեկրետ",
      "HOW_IT_WORKS": "Ինչպես է աշխատում",
      "DOWNLOAD_APP": "Բեռնել հավելվածը",
      
      "ONE_TIME_SECRET_MESSAGING_TITLE": "Միաժամանակյա գաղտնի հաղորդագրություններ",
      "ONE_TIME_SECRET_MESSAGING_SUBTITLE": "Կիսվեք գաղտնիքներով, և պրծեք՝ նրանք անհետանում են!",
      
      "ENCRYPTED_PROTECTED_BY": "Էնկրիպտված, ապահովված և պաշտպանված է Սթելլար Սեկյուրիթի կողմից",
      "WITHOUT_TRACE_TITLE": "Ոչ մի հետքերով",
      "WITHOUT_TRACE_DESCRIPTION": "Մենք ապահովում ենք ձեր զգայուն տեղեկությունների ամուր պաշտպանություն: Բոլոր տվյալները էնկրիպտվում են հաճախորդի կողմից: Մենք չգիտենք ձեր IP հասցեն, ինչ եք կիսում, կամ ում հետ եք կիսում գաղտնի կապերը՝ և ամենակարևորը, բովանդակությունը:",
      
      "PRIVACY_PROTECTED_TITLE": "Գաղտնիությունը պաշտպանված է",
      "PRIVACY_PROTECTED_DESCRIPTION": "Դուք եք միակ մարդը, ով գիտի գաղտնի տեղեկությունների հղումը, որ ստեղծել եք և ում հետ եք այն կիսում: Գաղտնիք ստեղծելիս կարող եք ավելացնել գաղտնաբառ, որը պետք է մուտքագրվի նախքան այն բացելու համար: Կանխագուշակված է նաև վառիչ ժամանակը: Ինչ էլ որ լինի, գաղտնիքը կջնջվի 14 օրվա հետո:",
      
      "END_TO_END_ENCRYPTED_TITLE": "Ամենավերջին էնկրիպտված",
      "END_TO_END_ENCRYPTED_DESCRIPTION": "Բոլոր հղումները և բովանդակությունը էնկրիպտված են հաճախորդի կողմից, ինչը նշանակում է, որ նույնիսկ մենք չգիտենք հղումը և բովանդակությունը: Յուրաքանչյուր հղումը ունի 36 երկարության եզակի ID, որը մեկուղղի էնկրիպտում է՝ թույլ տալով մուտք գործել Գաղտնի Հաղորդագրությանը և նրա բովանդակությանը, որը էնկրիպտված է AES-256-ի միջոցով:",
      
      "HOW_IT_WORKS_TITLE": "Ինչպես է աշխատում?",
      "STEP_1_TITLE": "Գրել ձեր հաղորդագրությունը և/կամ ստեղծել գաղտնաբառ",
      "STEP_2_TITLE": "Ստեղծել գաղտնի հղում",
      "STEP_3_TITLE": "Կիսվել հղումով",
      
      "COMPANY_LOGO_ALT": "Կայքի լոգոն",
      
      "SHARE_TITLE": "Կիսվել գաղտնի հաղորդագրությամբ",
      "SHARE_DESCRIPTION_PART_1": "Գրել և ուղարկել հաղորդագրությունը, այն կլինի",
      "SHARE_DESCRIPTION_PART_2": "ջնջված մեկ անգամ կարդալով.",
      
      "SHARE_BULLET_1": "Ոչ մի հետքերով.",
      "SHARE_BULLET_2": "Գաղտնիությունը պաշտպանված է",
      "SHARE_BULLET_3": "Միաժամանակյա դիտելի",
      
      "SHARE_ENCRYPTED_BY": "Էնկրիպտված, ապահովված և պաշտպանված է Սթելլար Սեկյուրիթի կողմից",
      
      "SHARE_TEXTAREA_PLACEHOLDER": "Գրեք ձեր Գաղտնի հաղորդագրությունը, գաղտնաբառը կամ զգայուն տեղեկությունները *",
      "SHARE_OPTIONS": "Ներդրումներ",
      
      "SHARE_EMPTY": "Թողնել դատարկ՝ ոչ մի դեպքում.",
      "SHARE_BUTTON": "Ստեղծել Գաղտնի Հղում",
      
      "CREATED_TITLE": "Ձեր Գաղտնիքը ստեղծված է",
      "CREATED_SUBTITLE": "Այն կցուցադրվի միայն մեկ անգամ",
      
      "CREATED_TITLE_SHARE": "Պատճենեք հղումը կամ կիսվեք այն.",
      "CREATED_BUTTON": "ՊԱՏՃԵՆԵԼ",
      "CREATED_CREATE_SECRET": "Ստեղծել Նոր Գաղտնիք",
      "CREATED_BURNSECRET": "Վառել Գաղտնիքը",
      "URL_COPIED": "Հղումը պատճենվել է.",
      "SHARE_BURNER_TIME": "Կյանքի տևողությունը",
      "SHARE_PASS_PHRASE": "Գաղտնաբառ",
      "VIEW_SECRET": "Դիտել Գաղտնիքը"
    },
    "HOWITWORK": {
      "HEADER_TITLE": "Սթելլար Սեկրետ",
      "HOW_IT_WORKS": "Ինչպես է աշխատում",
      "DOWNLOAD_APP": "Բեռնել հավելվածը",
      
      "ONE_TIME_SECRET_MESSAGING_TITLE": "Միաժամանակյա գաղտնի հաղորդագրություններ",
      "ONE_TIME_SECRET_MESSAGING_SUBTITLE": "Կիսվեք գաղտնիքներով, և պրծեք՝ նրանք անհետանում են!",
      
      "ENCRYPTED_PROTECTED_BY": "Էնկրիպտված, ապահովված և պաշտպանված է Սթելլար Սեկյուրիթի կողմից",
      "WITHOUT_TRACE_TITLE": "Ոչ մի հետքերով",
      "WITHOUT_TRACE_DESCRIPTION": "Մենք ապահովում ենք ձեր զգայուն տեղեկությունների ամուր պաշտպանություն: Բոլոր տվյալները էնկրիպտվում են հաճախորդի կողմից: Մենք չգիտենք ձեր IP հասցեն, ինչ եք կիսում, կամ ում հետ եք կիսում գաղտնի կապերը՝ և ամենակարևորը, բովանդակությունը:",
      
      "PRIVACY_PROTECTED_TITLE": "Գաղտնիությունը պաշտպանված է",
      "PRIVACY_PROTECTED_DESCRIPTION": "Դուք եք միակ մարդը, ով գիտի գաղտնի տեղեկությունների հղումը, որ ստեղծել եք և ում հետ եք այն կիսում: Գաղտնիք ստեղծելիս կարող եք ավելացնել գաղտնաբառ, որը պետք է մուտքագրվի նախքան այն բացելու համար: Կանխագուշակված է նաև վառիչ ժամանակը: Ինչ էլ որ լինի, գաղտնիքը կջնջվի 14 օրվա հետո:",
      
      "END_TO_END_ENCRYPTED_TITLE": "Ամենավերջին էնկրիպտված",
      "END_TO_END_ENCRYPTED_DESCRIPTION": "Բոլոր հղումները և բովանդակությունը էնկրիպտված են հաճախորդի կողմից, ինչը նշանակում է, որ նույնիսկ մենք չգիտենք հղումը և բովանդակությունը: Յուրաքանչյուր հղումը ունի 36 երկարության եզակի ID, որը մեկուղղի էնկրիպտում է՝ թույլ տալով մուտք գործել Գաղտնի Հաղորդագրությանը և նրա բովանդակությանը, որը էնկրիպտված է AES-256-ի միջոցով:",
      
      "HOW_IT_WORKS_TITLE": "Ինչպես է աշխատում?",
      "STEP_1_TITLE": "Գրել ձեր հաղորդագրությունը և/կամ ստեղծել գաղտնաբառ",
      "STEP_2_TITLE": "Ստեղծել գաղտնի հղում",
      "STEP_3_TITLE": "Կիսվել հղումով",
      
      "COMPANY_LOGO_ALT": "Կայքի լոգոն",
      
      "SHARE_TITLE": "Կիսվել գաղտնի հաղորդագրությամբ",
      "SHARE_DESCRIPTION_PART_1": "Գրել և ուղարկել հաղորդագրությունը, այն կլինի",
      "SHARE_DESCRIPTION_PART_2": "ջնջված մեկ անգամ կարդալով.",
      
      "SHARE_BULLET_1": "Ոչ մի հետքերով.",
      "SHARE_BULLET_2": "Գաղտնիությունը պաշտպանված է",
      "SHARE_BULLET_3": "Միաժամանակյա դիտելի",
      
      "SHARE_ENCRYPTED_BY": "Էնկրիպտված, ապահովված և պաշտպանված է Սթելլար Սեկյուրիթի կողմից",
      
      "SHARE_TEXTAREA_PLACEHOLDER": "Գրեք ձեր Գաղտնի հաղորդագրությունը, գաղտնաբառը կամ զգայուն տեղեկությունները *",
      "SHARE_OPTIONS": "Ներդրումներ",
      
      "SHARE_EMPTY": "Թողնել դատարկ՝ ոչ մի դեպքում.",
      "SHARE_BUTTON": "Ստեղծել Գաղտնի Հղում",
      
      "CREATED_TITLE": "Ձեր Գաղտնիքը ստեղծված է",
      "CREATED_SUBTITLE": "Այն կցուցադրվի միայն մեկ անգամ",
      
      "CREATED_TITLE_SHARE": "Պատճենեք հղումը կամ կիսվեք այն.",
      "CREATED_BUTTON": "ՊԱՏՃԵՆԵԼ",
      "CREATED_CREATE_SECRET": "Ստեղծել Նոր Գաղտնիք",
      "CREATED_BURNSECRET": "Վառել Գաղտնիքը",
      "URL_COPIED": "Հղումը պատճենվել է.",
      
      "VIEW_SECRET": "Դիտել Գաղտնիքը"
    },
    "CREATEDPAGE": {
      "CREATEDPAGE": "Սթելլար Սեկրետ",
      "HOW_IT_WORKS": "Ինչպես է աշխատում",
      "DOWNLOAD_APP": "Բեռնել հավելվածը",
      "CREATED_TITLE": "Ձեր Գաղտնիքը ստեղծված է",
      "CREATED_SUBTITLE": "Այն կցուցադրվի միայն մեկ անգամ",
      "CREATED_TITLE_SHARE": "Պատճենեք հղումը կամ կիսվեք այն.",
      "CREATED_BUTTON": "ՊԱՏՃԵՆԵԼ",
      "CREATED_CREATE_SECRET": "Ստեղծել Նոր Գաղտնիք",
      "CREATED_BURNSECRET": "Վառել Գաղտնիքը",
      "URL_COPIED": "Հղումը պատճենվել է."
    },
    "CONFIRMATION": {
      "YOURE_GONNA_BURN_THIS_SECRET": "Դուք պատրաստվում եք վառել այս գաղտնիքը",
      "SECRET_UNAVAILABLE_TEXT": "Այն այլևս հասանելի չի լինի",
      "BURN_FOREVER": "Վառել Անվերադարձ",
      "CANCEL": "Չեղարկել"
    },
    "VIEW": {
      "LOGO_TEXT": "Սթելլար Սեկրետ",
      "HOW_IT_WORKS": "Ինչպես է աշխատում",
      "DOWNLOAD_APP": "Բեռնել հավելվածը",
      "WELCOME_MESSAGE": "Բարև, դուք ստացել եք գաղտնի հաղորդագրություն!",
      "INSTRUCTION": "Գրել և ուղարկել հաղորդագրությունը, այն կլինի ջնջված մեկ անգամ կարդալով.",
      "SHOW_MESSAGE_ONCE": "Հաջորդ հաղորդագրությունը կցուցադրվի <strong>միայն մեկ անգամ</strong>",
      "OPEN_SECRET_MESSAGE": "Բացել Գաղտնի Հաղորդագրությունը",
      "INPUT_PASSPHRASE": "Մուտքագրեք Գաղտնաբառը",
      "PASS_PHRASE_PLACEHOLDER": "Գաղտնաբառ",
      "OPEN_SECRET_BUTTON": "Բացել Գաղտնի Հաղորդագրությունը",
      "YOUR_SECRET_MESSAGE": "Ձեր Գաղտնի Հաղորդագրությունը",
      "COPY": "Պատճենել",
      "MESSAGE_LABEL": "Հաղորդագրություն",
      "REPLY": "Պատասխանել",
      "DOWNLOAD_MESSAGE": "Բեռնել Սթելլար Սեկրետ-ն мобильում, ստեղծեք ձեր գաղտնի հաղորդագրությունները",
      "WITHOUT_TRACE": "Ոչ մի հետքերով.",
      "PRIVACY_PROTECTED": "Գաղտնիությունը պաշտպանված է",
      "ONE_TIME_VIEWABLE": "Միաժամանակյա դիտելի",
      "SECURITY_TEXT": "Էնկրիպտված, ապահովված և պաշտպանված է ",
      "SECURITY_TEXT2": "Սթելլար Սեկյուրիթի կողմից"
    }
  }
  