{
    "HOME": {
      "HEADER_TITLE": "Secret Stellar",
      "HOW_IT_WORKS": "Como funciona",
      "DOWNLOAD_APP": "Discar App",
      
      "ONE_TIME_SECRET_MESSAGING_TITLE": "Messaging Secret de Unica Vez",
      "ONE_TIME_SECRET_MESSAGING_SUBTITLE": "Compartir secretes, e puff—ils dispare!",
      
      "ENCRYPTED_PROTECTED_BY": "Encryptate, securitate e protegite per Secret Stellar",
      "WITHOUT_TRACE_TITLE": "Sine traccia",
      "WITHOUT_TRACE_DESCRIPTION": "Nos garante robuste protection de tu information sensible. Tot datos es encryptate a lato cliente. Nos non cognosce tu IP adresse, lo que tu comparte, o con qui tu comparte le links secret - e le plus importante, le contento.",
      
      "PRIVACY_PROTECTED_TITLE": "Privacitate Protegite",
      "PRIVACY_PROTECTED_DESCRIPTION": "Tu es le sol qui cognosce le link al information secret que tu creava e con qui tu lo comparte. Quando creante un secret, tu pote agregar un parola de passphrase ante que lo pote esser desvelate. Oltre, es possibile establecer un tempore de destruction. No matter le causa, un secret essera eliminate post 14 dies.",
      
      "END_TO_END_ENCRYPTED_TITLE": "Encryptate de capite a calce",
      "END_TO_END_ENCRYPTED_DESCRIPTION": "Omne links e contento es hashe a lato cliente, significante que mesmo nos non cognosce le link e le contento. Omne link ha un ID unique de longitud 36 que es un encryptation a un solo via pro acceder al Secret Message e su contento que es encryptate con AES-256.",
      
      "HOW_IT_WORKS_TITLE": "Como funciona?",
      "STEP_1_TITLE": "Scribe tu message e/o genera parola de passphrase",
      "STEP_2_TITLE": "Crea Link Secret",
      "STEP_3_TITLE": "Compartir link",
      
      "COMPANY_LOGO_ALT": "Logo de Societate",
      
      "SHARE_TITLE": "Compartir un message secret",
      "SHARE_DESCRIPTION_PART_1": "Scribe e manda message, il essera",
      "SHARE_DESCRIPTION_PART_2": "eliminate post lege.",
      
      "SHARE_BULLET_1": "Sine traccia.",
      "SHARE_BULLET_2": "Privacitate Protegite",
      "SHARE_BULLET_3": "Visibile unicamente",
      
      "SHARE_ENCRYPTED_BY": "Encryptate, securitate e protegite per Secret Stellar",
      
      "SHARE_TEXTAREA_PLACEHOLDER": "Scribe tu message Secret, parola de passphrase o information sensible *",
      "SHARE_OPTIONS": "Options",
      
      "SHARE_EMPTY": "Lassa vacue pro nulla.",
      "SHARE_BUTTON": "Crea Link Secret",
      
      "CREATED_TITLE": "Tu Secret essera create",
      "CREATED_SUBTITLE": "Il essera monstrate solmente un vice",
      
      "CREATED_TITLE_SHARE": "Copia link o comparte lo.",
      "CREATED_BUTTON": "COPIA",
      "CREATED_CREATE_SECRET": "Crea Nov Secret",
      "CREATED_BURNSECRET": "Destruir Secret",
      "URL_COPIED": "Le URL ha essite copiate.",
      "SHARE_BURNER_TIME":"Durata",
      "SHARE_PASS_PHRASE":"Passphrase",
      "VIEW_SECRET": "Vider Secret"
    },
    "HOWITWORK": {
      "HEADER_TITLE": "Secret Stellar",
      "HOW_IT_WORKS": "Como funciona",
      "DOWNLOAD_APP": "Discar App",
    
      "ONE_TIME_SECRET_MESSAGING_TITLE": "Messaging Secret de Unica Vez",
      "ONE_TIME_SECRET_MESSAGING_SUBTITLE": "Compartir secretes, e puff—ils dispare!",
    
      "ENCRYPTED_PROTECTED_BY": "Encryptate, securitate e protegite per Secret Stellar",
      "WITHOUT_TRACE_TITLE": "Sine traccia",
      "WITHOUT_TRACE_DESCRIPTION": "Nos garante robuste protection de tu information sensible. Tot datos es encryptate a lato cliente. Nos non cognosce tu IP adresse, lo que tu comparte, o con qui tu comparte le links secret - e le plus importante, le contento.",
    
      "PRIVACY_PROTECTED_TITLE": "Privacitate Protegite",
      "PRIVACY_PROTECTED_DESCRIPTION": "Tu es le sol qui cognosce le link al information secret que tu creava e con qui tu lo comparte. Quando creante un secret, tu pote agregar un parola de passphrase ante que lo pote esser desvelate. Oltre, es possibile establecer un tempore de destruction. No matter le causa, un secret essera eliminate post 14 dies.",
    
      "END_TO_END_ENCRYPTED_TITLE": "Encryptate de capite a calce",
      "END_TO_END_ENCRYPTED_DESCRIPTION": "Omne links e contento es hashe a lato cliente, significante que mesmo nos non cognosce le link e le contento. Omne link ha un ID unique de longitud 36 que es un encryptation a un solo via pro acceder al Secret Message e su contento que es encryptate con AES-256.",
    
      "HOW_IT_WORKS_TITLE": "Como funciona?",
      "STEP_1_TITLE": "Scribe tu message e/o genera parola de passphrase",
      "STEP_2_TITLE": "Crea Link Secret",
      "STEP_3_TITLE": "Compartir link",
    
      "COMPANY_LOGO_ALT": "Logo de Societate",
    
      "SHARE_TITLE": "Compartir un message secret",
      "SHARE_DESCRIPTION_PART_1": "Scribe e manda message, il essera",
      "SHARE_DESCRIPTION_PART_2": "eliminate post lege.",
    
      "SHARE_BULLET_1": "Sine traccia.",
      "SHARE_BULLET_2": "Privacitate Protegite",
      "SHARE_BULLET_3": "Visibile unicamente",
    
      "SHARE_ENCRYPTED_BY": "Encryptate, securitate e protegite per Secret Stellar",
    
      "SHARE_TEXTAREA_PLACEHOLDER": "Scribe tu message Secret, parola de passphrase o information sensible *",
      "SHARE_OPTIONS": "Options",
    
      "SHARE_EMPTY": "Lassa vacue pro nulla.",
      "SHARE_BUTTON": "Crea Link Secret",
    
      "CREATED_TITLE": "Tu Secret essera create",
      "CREATED_SUBTITLE": "Il essera monstrate solmente un vice",
    
      "CREATED_TITLE_SHARE": "Copia link o comparte lo.",
      "CREATED_BUTTON": "COPIA",
      "CREATED_CREATE_SECRET": "Crea Nov Secret",
      "CREATED_BURNSECRET": "Destruir Secret",
      "URL_COPIED": "Le URL ha essite copiate.",
    
      "VIEW_SECRET": "Vider Secret"
    },
    "CREATEDPAGE": {
      "CREATEDPAGE": "Secret Stellar",
      "HOW_IT_WORKS": "Como funciona",
      "DOWNLOAD_APP": "Discar App",
      "CREATED_TITLE": "Tu Secret essera create",
      "CREATED_SUBTITLE": "Il essera monstrate solmente un vice",
      "CREATED_TITLE_SHARE": "Copia link o comparte lo.",
      "CREATED_BUTTON": "COPIA",
      "CREATED_CREATE_SECRET": "Crea Nov Secret",
      "CREATED_BURNSECRET": "Destruir Secret",
      "URL_COPIED": "Le URL ha essite copiate."
    },
    "CONFIRMATION": {
      "YOURE_GONNA_BURN_THIS_SECRET": "Tu va destruir iste secret",
      "SECRET_UNAVAILABLE_TEXT": "Il non essera plus disponibile",
      "BURN_FOREVER": "Destruir Pro Sempre",
      "CANCEL": "Cancelar"
    },
    "VIEW": {
      "LOGO_TEXT": "Secret Stellar",
      "HOW_IT_WORKS": "Como funciona",
      "DOWNLOAD_APP": "Discar App",
      "WELCOME_MESSAGE": "Salve, tu ha recepite un message secret!",
      "INSTRUCTION": "Scribe e manda message, il essera eliminate post lege.",
      "SHOW_MESSAGE_ONCE": "Le sequente message essera monstrate <strong>solmente un vice</strong>",
      "OPEN_SECRET_MESSAGE": "Aperir Secret Message",
      "INPUT_PASSPHRASE": "Inserer Passphrase",
      "PASS_PHRASE_PLACEHOLDER": "Passphrase",
      "OPEN_SECRET_BUTTON": "Aperir Secret Message",
      "YOUR_SECRET_MESSAGE": "Tu Secret Message",
      "COPY": "Copia",
      "MESSAGE_LABEL": "Message",
      "REPLY": "Responder",
      "DOWNLOAD_MESSAGE": "Discar Secret Stellar on mobile, crea tu messages secrets",
      "WITHOUT_TRACE": "Sine traccia.",
      "PRIVACY_PROTECTED": "Privacitate Protegite",
      "ONE_TIME_VIEWABLE": "Visibile unicamente",
      "SECURITY_TEXT": "Encryptate, securitate e protegite per ",
      "SECURITY_TEXT2": "Secret Stellar"
    }
  }
  