{
    "HOME": {
      "HEADER_TITLE": "Stellar Secret",
      "HOW_IT_WORKS": "Come funziona",
      "DOWNLOAD_APP": "Scarica l'App",
      
      "ONE_TIME_SECRET_MESSAGING_TITLE": "Messaggi segreti a uso unico",
      "ONE_TIME_SECRET_MESSAGING_SUBTITLE": "Condividi segreti, e puff—sono spariti!",
      
      "ENCRYPTED_PROTECTED_BY": "Crittografato, sicuro e protetto da Stellar Security",
      "WITHOUT_TRACE_TITLE": "Senza traccia",
      "WITHOUT_TRACE_DESCRIPTION": "Garantiamo una protezione robusta delle tue informazioni sensibili. Tutti i dati vengono crittografati sul lato client. Non conosciamo il tuo indirizzo IP, cosa condividi o con chi condividi i link segreti - e soprattutto, il contenuto.",
      
      "PRIVACY_PROTECTED_TITLE": "Privacy Protetta",
      "PRIVACY_PROTECTED_DESCRIPTION": "Sei l'unico a conoscere il link alle informazioni segrete che hai creato e con chi lo condividi. Quando crei un segreto, puoi aggiungere una password prima che possa essere sbloccato. È anche possibile impostare un tempo di scadenza. Qualunque cosa accada, un segreto verrà eliminato dopo 14 giorni.",
      
      "END_TO_END_ENCRYPTED_TITLE": "Crittografia end-to-end",
      "END_TO_END_ENCRYPTED_DESCRIPTION": "Tutti i link e i contenuti sono hashati sul lato client, il che significa che nemmeno noi conosciamo il link e il contenuto. Ogni link ha un ID unico di lunghezza 36 che è una crittografia unidirezionale per accedere al Messaggio Segreto e al suo contenuto che è crittografato con AES-256.",
      
      "HOW_IT_WORKS_TITLE": "Come funziona?",
      "STEP_1_TITLE": "Scrivi il tuo messaggio e/o genera una password",
      "STEP_2_TITLE": "Crea Link Segreto",
      "STEP_3_TITLE": "Condividi link",
      
      "COMPANY_LOGO_ALT": "Logo dell'Azienda",
      
      "SHARE_TITLE": "Condividi un messaggio segreto",
      "SHARE_DESCRIPTION_PART_1": "Scrivi e invia il messaggio, verrà",
      "SHARE_DESCRIPTION_PART_2": "eliminato una volta letto.",
      
      "SHARE_BULLET_1": "Senza traccia.",
      "SHARE_BULLET_2": "Privacy Protetta",
      "SHARE_BULLET_3": "Visualizzazione a uso unico",
      
      "SHARE_ENCRYPTED_BY": "Crittografato, sicuro e protetto da Stellar Security",
      
      "SHARE_TEXTAREA_PLACEHOLDER": "Scrivi il tuo messaggio segreto, password o informazioni sensibili *",
      "SHARE_OPTIONS": "Opzioni",
      
      "SHARE_EMPTY": "Lascia vuoto se non necessario.",
      "SHARE_BUTTON": "Crea Link Segreto",
      
      "CREATED_TITLE": "Il tuo segreto è stato creato",
      "CREATED_SUBTITLE": "Sarà mostrato solo una volta",
      
      "CREATED_TITLE_SHARE": "Copia il link o condividilo.",
      "CREATED_BUTTON": "COPIA",
      "CREATED_CREATE_SECRET": "Crea Nuovo Segreto",
      "CREATED_BURNSECRET": "Elimina Segreto",
      "URL_COPIED": "L'URL è stato copiato.",
      "SHARE_BURNER_TIME":"Durata",
      "SHARE_PASS_PHRASE":"Frase d'accesso",
      "VIEW_SECRET": "Visualizza Segreto"
    },
    "HOWITWORK": {
      "HEADER_TITLE": "Stellar Secret",
      "HOW_IT_WORKS": "Come funziona",
      "DOWNLOAD_APP": "Scarica l'App",
      
      "ONE_TIME_SECRET_MESSAGING_TITLE": "Messaggi segreti a uso unico",
      "ONE_TIME_SECRET_MESSAGING_SUBTITLE": "Condividi segreti, e puff—sono spariti!",
      
      "ENCRYPTED_PROTECTED_BY": "Crittografato, sicuro e protetto da Stellar Security",
      "WITHOUT_TRACE_TITLE": "Senza traccia",
      "WITHOUT_TRACE_DESCRIPTION": "Garantiamo una protezione robusta delle tue informazioni sensibili. Tutti i dati vengono crittografati sul lato client. Non conosciamo il tuo indirizzo IP, cosa condividi o con chi condividi i link segreti - e soprattutto, il contenuto.",
      
      "PRIVACY_PROTECTED_TITLE": "Privacy Protetta",
      "PRIVACY_PROTECTED_DESCRIPTION": "Sei l'unico a conoscere il link alle informazioni segrete che hai creato e con chi lo condividi. Quando crei un segreto, puoi aggiungere una password prima che possa essere sbloccato. È anche possibile impostare un tempo di scadenza. Qualunque cosa accada, un segreto verrà eliminato dopo 14 giorni.",
      
      "END_TO_END_ENCRYPTED_TITLE": "Crittografia end-to-end",
      "END_TO_END_ENCRYPTED_DESCRIPTION": "Tutti i link e i contenuti sono hashati sul lato client, il che significa che nemmeno noi conosciamo il link e il contenuto. Ogni link ha un ID unico di lunghezza 36 che è una crittografia unidirezionale per accedere al Messaggio Segreto e al suo contenuto che è crittografato con AES-256.",
      
      "HOW_IT_WORKS_TITLE": "Come funziona?",
      "STEP_1_TITLE": "Scrivi il tuo messaggio e/o genera una password",
      "STEP_2_TITLE": "Crea Link Segreto",
      "STEP_3_TITLE": "Condividi link",
      
      "COMPANY_LOGO_ALT": "Logo dell'Azienda",
      
      "SHARE_TITLE": "Condividi un messaggio segreto",
      "SHARE_DESCRIPTION_PART_1": "Scrivi e invia il messaggio, verrà",
      "SHARE_DESCRIPTION_PART_2": "eliminato una volta letto.",
      
      "SHARE_BULLET_1": "Senza traccia.",
      "SHARE_BULLET_2": "Privacy Protetta",
      "SHARE_BULLET_3": "Visualizzazione a uso unico",
      
      "SHARE_ENCRYPTED_BY": "Crittografato, sicuro e protetto da Stellar Security",
      
      "SHARE_TEXTAREA_PLACEHOLDER": "Scrivi il tuo messaggio segreto, password o informazioni sensibili *",
      "SHARE_OPTIONS": "Opzioni",
      
      "SHARE_EMPTY": "Lascia vuoto se non necessario.",
      "SHARE_BUTTON": "Crea Link Segreto",
      
      "CREATED_TITLE": "Il tuo segreto è stato creato",
      "CREATED_SUBTITLE": "Sarà mostrato solo una volta",
      
      "CREATED_TITLE_SHARE": "Copia il link o condividilo.",
      "CREATED_BUTTON": "COPIA",
      "CREATED_CREATE_SECRET": "Crea Nuovo Segreto",
      "CREATED_BURNSECRET": "Elimina Segreto",
      "URL_COPIED": "L'URL è stato copiato.",
      
      "VIEW_SECRET": "Visualizza Segreto"
    },
    "CREATEDPAGE": {
      "CREATEDPAGE": "Stellar Secret",
      "HOW_IT_WORKS": "Come funziona",
      "DOWNLOAD_APP": "Scarica l'App",
      "CREATED_TITLE": "Il tuo segreto è stato creato",
      "CREATED_SUBTITLE": "Sarà mostrato solo una volta",
      "CREATED_TITLE_SHARE": "Copia il link o condividilo.",
      "CREATED_BUTTON": "COPIA",
      "CREATED_CREATE_SECRET": "Crea Nuovo Segreto",
      "CREATED_BURNSECRET": "Elimina Segreto",
      "URL_COPIED": "L'URL è stato copiato."
    },
    "CONFIRMATION": {
      "YOURE_GONNA_BURN_THIS_SECRET": "Stai per eliminare questo segreto",
      "SECRET_UNAVAILABLE_TEXT": "Non sarà più disponibile",
      "BURN_FOREVER": "Elimina per Sempre",
      "CANCEL": "Annulla"
    },
    "VIEW": {
      "LOGO_TEXT": "Stellar Secret",
      "HOW_IT_WORKS": "Come funziona",
      "DOWNLOAD_APP": "Scarica l'App",
      "WELCOME_MESSAGE": "Ciao, hai ricevuto un messaggio segreto!",
      "INSTRUCTION": "Scrivi e invia il messaggio, verrà eliminato una volta letto.",
      "SHOW_MESSAGE_ONCE": "Il seguente messaggio sarà mostrato <strong>solo una volta</strong>",
      "OPEN_SECRET_MESSAGE": "Apri Messaggio Segreto",
      "INPUT_PASSPHRASE": "Inserisci la Frase d'Accesso",
      "PASS_PHRASE_PLACEHOLDER": "Frase d'accesso",
      "OPEN_SECRET_BUTTON": "Apri Messaggio Segreto",
      "YOUR_SECRET_MESSAGE": "Il Tuo Messaggio Segreto",
      "COPY": "Copia",
      "MESSAGE_LABEL": "Messaggio",
      "REPLY": "Rispondi",
      "DOWNLOAD_MESSAGE": "Scarica Stellar Secret sul mobile, crea i tuoi messaggi segreti",
      "WITHOUT_TRACE": "Senza traccia.",
      "PRIVACY_PROTECTED": "Privacy Protetta",
      "ONE_TIME_VIEWABLE": "Visualizzazione a uso unico",
      "SECURITY_TEXT": "Crittografato, sicuro e protetto da ",
      "SECURITY_TEXT2": "Stellar Security"
    }
  }
  