{
    "HOME": {
      "HEADER_TITLE": "ステラ・シークレット",
      "HOW_IT_WORKS": "使い方",
      "DOWNLOAD_APP": "アプリをダウンロード",
      
      "ONE_TIME_SECRET_MESSAGING_TITLE": "一度限りの秘密メッセージ",
      "ONE_TIME_SECRET_MESSAGING_SUBTITLE": "秘密を共有し、さようなら！",
      
      "ENCRYPTED_PROTECTED_BY": "ステラ・セキュリティによって暗号化、保護されています",
      "WITHOUT_TRACE_TITLE": "痕跡なし",
      "WITHOUT_TRACE_DESCRIPTION": "私たちは、あなたの敏感な情報をしっかり保護します。すべてのデータはクライアント側で暗号化されます。私たちはあなたのIPアドレス、あなたが何を共有しているか、また誰と共有しているかを知りません - そして最も重要なのは、コンテンツです。",
      
      "PRIVACY_PROTECTED_TITLE": "プライバシー保護",
      "PRIVACY_PROTECTED_DESCRIPTION": "あなたが作成した秘密情報のリンクと、それを誰と共有するかを知っているのはあなた一人です。秘密を作成する際には、アンロックするためにパスワードを追加することができます。また、バーナータイムを設定することも可能です。どんな場合でも、秘密は14日後に削除されます。",
      
      "END_TO_END_ENCRYPTED_TITLE": "エンドツーエンドの暗号化",
      "END_TO_END_ENCRYPTED_DESCRIPTION": "すべてのリンクとコンテンツはクライアント側でハッシュ化されており、私たちさえもリンクやコンテンツを知ることはありません。すべてのリンクには、秘密メッセージとそのコンテンツにアクセスするための一方向の暗号化ID（長さ36）があり、AES-256で暗号化されています。",
      
      "HOW_IT_WORKS_TITLE": "使い方",
      "STEP_1_TITLE": "メッセージを入力し、またはパスワードを生成",
      "STEP_2_TITLE": "秘密のリンクを作成",
      "STEP_3_TITLE": "リンクを共有",
      
      "COMPANY_LOGO_ALT": "会社のロゴ",
      
      "SHARE_TITLE": "秘密のメッセージを共有",
      "SHARE_DESCRIPTION_PART_1": "メッセージを作成し送信すると、それは",
      "SHARE_DESCRIPTION_PART_2": "読まれた後に削除されます。",
      
      "SHARE_BULLET_1": "痕跡なし。",
      "SHARE_BULLET_2": "プライバシー保護",
      "SHARE_BULLET_3": "一度だけ表示可能",
      
      "SHARE_ENCRYPTED_BY": "ステラ・セキュリティによって暗号化、保護されています",
      
      "SHARE_TEXTAREA_PLACEHOLDER": "秘密のメッセージ、パスワード、または敏感な情報を入力してください *",
      "SHARE_OPTIONS": "オプション",
      
      "SHARE_EMPTY": "なしの場合は空白にしてください。",
      "SHARE_BUTTON": "秘密のリンクを作成",
      
      "CREATED_TITLE": "秘密が作成されました",
      "CREATED_SUBTITLE": "一度だけ表示されます",
      
      "CREATED_TITLE_SHARE": "リンクをコピーまたは共有してください。",
      "CREATED_BUTTON": "コピー",
      "CREATED_CREATE_SECRET": "新しい秘密を作成",
      "CREATED_BURNSECRET": "秘密を消去",
      "URL_COPIED": "URLがコピーされました。",
      "SHARE_BURNER_TIME":"有効期限",
      "SHARE_PASS_PHRASE":"パスフレーズ",
      "VIEW_SECRET": "秘密を表示"
    },
    "HOWITWORK": {
      "HEADER_TITLE": "ステラ・シークレット",
      "HOW_IT_WORKS": "使い方",
      "DOWNLOAD_APP": "アプリをダウンロード",
      
      "ONE_TIME_SECRET_MESSAGING_TITLE": "一度限りの秘密メッセージ",
      "ONE_TIME_SECRET_MESSAGING_SUBTITLE": "秘密を共有し、さようなら！",
      
      "ENCRYPTED_PROTECTED_BY": "ステラ・セキュリティによって暗号化、保護されています",
      "WITHOUT_TRACE_TITLE": "痕跡なし",
      "WITHOUT_TRACE_DESCRIPTION": "私たちは、あなたの敏感な情報をしっかり保護します。すべてのデータはクライアント側で暗号化されます。私たちはあなたのIPアドレス、あなたが何を共有しているか、また誰と共有しているかを知りません - そして最も重要なのは、コンテンツです。",
      
      "PRIVACY_PROTECTED_TITLE": "プライバシー保護",
      "PRIVACY_PROTECTED_DESCRIPTION": "あなたが作成した秘密情報のリンクと、それを誰と共有するかを知っているのはあなた一人です。秘密を作成する際には、アンロックするためにパスワードを追加することができます。また、バーナータイムを設定することも可能です。どんな場合でも、秘密は14日後に削除されます。",
      
      "END_TO_END_ENCRYPTED_TITLE": "エンドツーエンドの暗号化",
      "END_TO_END_ENCRYPTED_DESCRIPTION": "すべてのリンクとコンテンツはクライアント側でハッシュ化されており、私たちさえもリンクやコンテンツを知ることはありません。すべてのリンクには、秘密メッセージとそのコンテンツにアクセスするための一方向の暗号化ID（長さ36）があり、AES-256で暗号化されています。",
      
      "HOW_IT_WORKS_TITLE": "使い方",
      "STEP_1_TITLE": "メッセージを入力し、またはパスワードを生成",
      "STEP_2_TITLE": "秘密のリンクを作成",
      "STEP_3_TITLE": "リンクを共有",
      
      "COMPANY_LOGO_ALT": "会社のロゴ",
      
      "SHARE_TITLE": "秘密のメッセージを共有",
      "SHARE_DESCRIPTION_PART_1": "メッセージを作成し送信すると、それは",
      "SHARE_DESCRIPTION_PART_2": "読まれた後に削除されます。",
      
      "SHARE_BULLET_1": "痕跡なし。",
      "SHARE_BULLET_2": "プライバシー保護",
      "SHARE_BULLET_3": "一度だけ表示可能",
      
      "SHARE_ENCRYPTED_BY": "ステラ・セキュリティによって暗号化、保護されています",
      
      "SHARE_TEXTAREA_PLACEHOLDER": "秘密のメッセージ、パスワード、または敏感な情報を入力してください *",
      "SHARE_OPTIONS": "オプション",
      
      "SHARE_EMPTY": "なしの場合は空白にしてください。",
      "SHARE_BUTTON": "秘密のリンクを作成",
      
      "CREATED_TITLE": "秘密が作成されました",
      "CREATED_SUBTITLE": "一度だけ表示されます",
      
      "CREATED_TITLE_SHARE": "リンクをコピーまたは共有してください。",
      "CREATED_BUTTON": "コピー",
      "CREATED_CREATE_SECRET": "新しい秘密を作成",
      "CREATED_BURNSECRET": "秘密を消去",
      "URL_COPIED": "URLがコピーされました。",
      
      "VIEW_SECRET": "秘密を表示"
    },
    "CREATEDPAGE": {
      "CREATEDPAGE": "ステラ・シークレット",
      "HOW_IT_WORKS": "使い方",
      "DOWNLOAD_APP": "アプリをダウンロード",
      "CREATED_TITLE": "秘密が作成されました",
      "CREATED_SUBTITLE": "一度だけ表示されます",
      "CREATED_TITLE_SHARE": "リンクをコピーまたは共有してください。",
      "CREATED_BUTTON": "コピー",
      "CREATED_CREATE_SECRET": "新しい秘密を作成",
      "CREATED_BURNSECRET": "秘密を消去",
      "URL_COPIED": "URLがコピーされました。"
    },
    "CONFIRMATION": {
      "YOURE_GONNA_BURN_THIS_SECRET": "この秘密を消去しますか",
      "SECRET_UNAVAILABLE_TEXT": "もう利用できなくなります",
      "BURN_FOREVER": "永久に消去",
      "CANCEL": "キャンセル"
    },
    "VIEW": {
      "LOGO_TEXT": "ステラ・シークレット",
      "HOW_IT_WORKS": "使い方",
      "DOWNLOAD_APP": "アプリをダウンロード",
      "WELCOME_MESSAGE": "こんにちは、秘密のメッセージを受け取りました！",
      "INSTRUCTION": "メッセージを書いて送信すると、それは読まれた後に削除されます。",
      "SHOW_MESSAGE_ONCE": "以下のメッセージは<strong>一度だけ表示</strong>されます",
      "OPEN_SECRET_MESSAGE": "秘密のメッセージを開く",
      "INPUT_PASSPHRASE": "パスフレーズを入力",
      "PASS_PHRASE_PLACEHOLDER": "パスフレーズ",
      "OPEN_SECRET_BUTTON": "秘密のメッセージを開く",
      "YOUR_SECRET_MESSAGE": "あなたの秘密のメッセージ",
      "COPY": "コピー",
      "MESSAGE_LABEL": "メッセージ",
      "REPLY": "返信",
      "DOWNLOAD_MESSAGE": "モバイルでステラ・シークレットをダウンロードし、秘密のメッセージを作成",
      "WITHOUT_TRACE": "痕跡なし。",
      "PRIVACY_PROTECTED": "プライバシー保護",
      "ONE_TIME_VIEWABLE": "一度だけ表示可能",
      "SECURITY_TEXT": "暗号化、保護されているのは",
      "SECURITY_TEXT2": "ステラ・セキュリティ"
    }
  }
  