{
    "HOME": {
      "HEADER_TITLE": "სტელარ სეკრეტე",
      "HOW_IT_WORKS": "როგორ მუშაობს",
      "DOWNLOAD_APP": "განმეორდი აპლიკაცია",
      
      "ONE_TIME_SECRET_MESSAGING_TITLE": "ერთი დროის საიდუმლო შეტყობინებები",
      "ONE_TIME_SECRET_MESSAGING_SUBTITLE": "გამოიყენეთ საიდუმლოებები, და პუფ—ისინი გაქრებიან!",
      
      "ENCRYPTED_PROTECTED_BY": "შიფრებული, დაცული და დაცული სტელარ სექურით",
      "WITHOUT_TRACE_TITLE": "ბეჭდვის გარეშე",
      "WITHOUT_TRACE_DESCRIPTION": "ჩვენ უზრუნველვყოფთ თქვენი მგრძნობიარე ინფორმაციის დაცულობას. ყველა მონაცემი შიფრებულია კლიენტის მხრიდან. ჩვენ არ ვიცით თქვენი IP მისამართი, რასაც გაზიარებთ, ან ვისთან ერთად გაზიარებთ საიდუმლო ბმულებს - და რაც მთავარია, შინაარსი.",
      
      "PRIVACY_PROTECTED_TITLE": "პირადი ინფორმაცია დაცულია",
      "PRIVACY_PROTECTED_DESCRIPTION": "თქვენი ერთ-ერთი ადამიანის გარდა ვერავინ იცის საიდუმლო ინფორმაციას, რომელსაც შექმენით და ვისთან ერთად გაზიარებთ. საიდუმლოს შექმნისას შეგიძლიათ დაამატოთ პაროლი, სანამ გაწვდოს. ასევე შესაძლებელია დამწვრობის დროის დაყენება. მიუხედავად ყველაფრისა, საიდუმლო გაწვდება 14 დღის შემდეგ.",
      
      "END_TO_END_ENCRYPTED_TITLE": "მთლიანად შიფრილი",
      "END_TO_END_ENCRYPTED_DESCRIPTION": "ყველა ბმული და შინაარსი ჰეშდება კლიენტის მხრიდან, რაც ნიშნავს, რომ ჩვენაც კი არ ვიცით ბმული და შინაარსი. ყოველი ბმული აქვს უნიკალური ID სიგრძით 36, რაც არის ერთმხრივი შიფრირება საიდუმლო შეტყობინების და მისი შინაარსის ხელმისაწვდომობისთვის, რომელიც შიფრებულია AES-256-ით.",
      
      "HOW_IT_WORKS_TITLE": "როგორ მუშაობს?",
      "STEP_1_TITLE": "აწერეთ თქვენი შეტყობინება და/ან გენერირეთ პაროლი",
      "STEP_2_TITLE": "შექმენით საიდუმლო ბმული",
      "STEP_3_TITLE": "გაზიარეთ ბმული",
      
      "COMPANY_LOGO_ALT": "კომპანიის ლოგო",
      
      "SHARE_TITLE": "გაიზიარეთ საიდუმლო შეტყობინება",
      "SHARE_DESCRIPTION_PART_1": "აწერეთ და გაუგზავნეთ შეტყობინება, ის იქნება",
      "SHARE_DESCRIPTION_PART_2": "წაიშლება წაკითხვის შემდეგ.",
      
      "SHARE_BULLET_1": "ბეჭდვის გარეშე.",
      "SHARE_BULLET_2": "პირადი ინფორმაცია დაცულია",
      "SHARE_BULLET_3": "ერთი დროის ნახვადი",
      
      "SHARE_ENCRYPTED_BY": "შიფრებული, დაცული და დაცული სტელარ სექურით",
      
      "SHARE_TEXTAREA_PLACEHOLDER": "აწერეთ თქვენი საიდუმლო შეტყობინება, პაროლი ან მგრძნობიარე ინფორმაცია *",
      "SHARE_OPTIONS": "წარმოების პარამეტრები",
      
      "SHARE_EMPTY": "დატოვე ცარიელი არაფრისთვის.",
      "SHARE_BUTTON": "შექმენით საიდუმლო ბმული",
      
      "CREATED_TITLE": "თქვენი საიდუმლო შექმნილია",
      "CREATED_SUBTITLE": "ის იქნება ნაჩვენები მხოლოდ ერთხელ",
      
      "CREATED_TITLE_SHARE": "წაიკითხეთ ბმული ან გაუზიარეთ იგი.",
      "CREATED_BUTTON": "კოპირება",
      "CREATED_CREATE_SECRET": "შექმენით ახალი საიდუმლო",
      "CREATED_BURNSECRET": "წაიწვი საიდუმლო",
      "URL_COPIED": "URL კოპირებულია.",
      "SHARE_BURNER_TIME":"მუდმივად",
      "SHARE_PASS_PHRASE":"პაროლი",
      "VIEW_SECRET": "იხილეთ საიდუმლო"
    },
    "HOWITWORK": {
      "HEADER_TITLE": "სტელარ სეკრეტე",
      "HOW_IT_WORKS": "როგორ მუშაობს",
      "DOWNLOAD_APP": "განმეორდი აპლიკაცია",
      
      "ONE_TIME_SECRET_MESSAGING_TITLE": "ერთი დროის საიდუმლო შეტყობინებები",
      "ONE_TIME_SECRET_MESSAGING_SUBTITLE": "გამოიყენეთ საიდუმლოებები, და პუფ—ისინი გაქრებიან!",
      
      "ENCRYPTED_PROTECTED_BY": "შიფრებული, დაცული და დაცული სტელარ სექურით",
      "WITHOUT_TRACE_TITLE": "ბეჭდვის გარეშე",
      "WITHOUT_TRACE_DESCRIPTION": "ჩვენ უზრუნველყოფთ თქვენი მგრძნობიარე ინფორმაციის დაცულობას. ყველა მონაცემი შიფრებულია კლიენტის მხრიდან. ჩვენ არ ვიცით თქვენი IP მისამართი, რასაც გაზიარებთ, ან ვისთან ერთად გაზიარებთ საიდუმლო ბმულებს - და რაც მთავარია, შინაარსი.",
      
      "PRIVACY_PROTECTED_TITLE": "პირადი ინფორმაცია დაცულია",
      "PRIVACY_PROTECTED_DESCRIPTION": "თქვენი ერთ-ერთი ადამიანის გარდა ვერავინ იცის საიდუმლო ინფორმაციას, რომელსაც შექმენით და ვისთან ერთად გაზიარებთ. საიდუმლოს შექმნისას შეგიძლიათ დაამატოთ პაროლი, სანამ გაწვდოს. ასევე შესაძლებელია დამწვრობის დროის დაყენება. მიუხედავად ყველაფრისა, საიდუმლო გაწვდება 14 დღის შემდეგ.",
      
      "END_TO_END_ENCRYPTED_TITLE": "მთლიანად შიფრილი",
      "END_TO_END_ENCRYPTED_DESCRIPTION": "ყველა ბმული და შინაარსი ჰეშდება კლიენტის მხრიდან, რაც ნიშნავს, რომ ჩვენაც კი არ ვიცით ბმული და შინაარსი. ყოველი ბმული აქვს უნიკალური ID სიგრძით 36, რაც არის ერთმხრივი შიფრირება საიდუმლო შეტყობინების და მისი შინაარსის ხელმისაწვდომობისთვის, რომელიც შიფრებულია AES-256-ით.",
      
      "HOW_IT_WORKS_TITLE": "როგორ მუშაობს?",
      "STEP_1_TITLE": "აწერეთ თქვენი შეტყობინება და/ან გენერირეთ პაროლი",
      "STEP_2_TITLE": "შექმენით საიდუმლო ბმული",
      "STEP_3_TITLE": "გაზიარეთ ბმული",
      
      "COMPANY_LOGO_ALT": "კომპანიის ლოგო",
      
      "SHARE_TITLE": "გაიზიარეთ საიდუმლო შეტყობინება",
      "SHARE_DESCRIPTION_PART_1": "აწერეთ და გაუგზავნეთ შეტყობინება, ის იქნება",
      "SHARE_DESCRIPTION_PART_2": "წაიშლება წაკითხვის შემდეგ.",
      
      "SHARE_BULLET_1": "ბეჭდვის გარეშე.",
      "SHARE_BULLET_2": "პირადი ინფორმაცია დაცულია",
      "SHARE_BULLET_3": "ერთი დროის ნახვადი",
      
      "SHARE_ENCRYPTED_BY": "შიფრებული, დაცული და დაცული სტელარ სექურით",
      
      "SHARE_TEXTAREA_PLACEHOLDER": "აწერეთ თქვენი საიდუმლო შეტყობინება, პაროლი ან მგრძნობიარე ინფორმაცია *",
      "SHARE_OPTIONS": "წარმოების პარამეტრები",
      
      "SHARE_EMPTY": "დატოვე ცარიელი არაფრისთვის.",
      "SHARE_BUTTON": "შექმენით საიდუმლო ბმული",
      
      "CREATED_TITLE": "თქვენი საიდუმლო შექმნილია",
      "CREATED_SUBTITLE": "ის იქნება ნაჩვენები მხოლოდ ერთხელ",
      
      "CREATED_TITLE_SHARE": "წაიკითხეთ ბმული ან გაუზიარეთ იგი.",
      "CREATED_BUTTON": "კოპირება",
      "CREATED_CREATE_SECRET": "შექმენით ახალი საიდუმლო",
      "CREATED_BURNSECRET": "წაიწვი საიდუმლო",
      "URL_COPIED": "URL კოპირებულია.",
      
      "VIEW_SECRET": "იხილეთ საიდუმლო"
    },
    "CREATEDPAGE": {
      "CREATEDPAGE": "სტელარ სეკრეტე",
      "HOW_IT_WORKS": "როგორ მუშაობს",
      "DOWNLOAD_APP": "განმეორდი აპლიკაცია",
      "CREATED_TITLE": "თქვენი საიდუმლო შექმნილია",
      "CREATED_SUBTITLE": "ის იქნება ნაჩვენები მხოლოდ ერთხელ",
      "CREATED_TITLE_SHARE": "წაიკითხეთ ბმული ან გაუზიარეთ იგი.",
      "CREATED_BUTTON": "კოპირება",
      "CREATED_CREATE_SECRET": "შექმენით ახალი საიდუმლო",
      "CREATED_BURNSECRET": "წაიწვი საიდუმლო",
      "URL_COPIED": "URL კოპირებულია."
    },
    "CONFIRMATION": {
      "YOURE_GONNA_BURN_THIS_SECRET": "თქვენ აიწვისთ ამ საიდუმლოს",
      "SECRET_UNAVAILABLE_TEXT": "ის არ იქნება ხელმისაწვდომი კიდევ",
      "BURN_FOREVER": "წაიწვი სამუდამოდ",
      "CANCEL": "გაუქმება"
    },
    "VIEW": {
      "LOGO_TEXT": "სტელარ სეკრეტე",
      "HOW_IT_WORKS": "როგორ მუშაობს",
      "DOWNLOAD_APP": "განმეორდი აპლიკაცია",
      "WELCOME_MESSAGE": "გამარჯობა, თქვენ მიიღეთ საიდუმლო შეტყობინება!",
      "INSTRUCTION": "აწერეთ და გაუგზავნეთ შეტყობინება, ის იქნება წაიშლება წაკითხვის შემდეგ.",
      "SHOW_MESSAGE_ONCE": "შემდეგი შეტყობინება იქნება ნაჩვენები <strong>მხოლოდ ერთხელ</strong>",
      "OPEN_SECRET_MESSAGE": "გამოიხედეთ საიდუმლო შეტყობინება",
      "INPUT_PASSPHRASE": "შეიტანეთ პაროლი",
      "PASS_PHRASE_PLACEHOLDER": "პაროლი",
      "OPEN_SECRET_BUTTON": "გამოიხედეთ საიდუმლო შეტყობინება",
      "YOUR_SECRET_MESSAGE": "თქვენი საიდუმლო შეტყობინება",
      "COPY": "კოპირება",
      "MESSAGE_LABEL": "შეტყობინება",
      "REPLY": "პასუხი",
      "DOWNLOAD_MESSAGE": "გადმოტვირთეთ სტელარ სეკრეტე მობილურზე, შექმენით თქვენი საიდუმლო შეტყობინებები",
      "WITHOUT_TRACE": "ბეჭდვის გარეშე.",
      "PRIVACY_PROTECTED": "პირადი ინფორმაცია დაცულია",
      "ONE_TIME_VIEWABLE": "ერთი დროის ნახვადი",
      "SECURITY_TEXT": "შიფრილი, დაცული და დაცული ",
      "SECURITY_TEXT2": "სტელარ სექურით"
    }
  }
  