{
    "HOME": {
      "HEADER_TITLE": "Stellar Secret",
      "HOW_IT_WORKS": "Қалай жұмыс істейді",
      "DOWNLOAD_APP": "Қосымшаны жүктеу",
      
      "ONE_TIME_SECRET_MESSAGING_TITLE": "Бір реттік құпия хабарламалар",
      "ONE_TIME_SECRET_MESSAGING_SUBTITLE": "Құпияларды бөлісіңіз, және олар жоғалады!",
      
      "ENCRYPTED_PROTECTED_BY": "Stellar Security арқылы шифрланған, қауіпсіз және қорғалған",
      "WITHOUT_TRACE_TITLE": "Із қалдырмай",
      "WITHOUT_TRACE_DESCRIPTION": "Сіздің сезімтал мәліметтеріңізді мықты қорғауды қамтамасыз етеміз. Барлық деректер клиенттік тарапта шифрланады. Біз сіздің IP мекенжайыңызды, не бөлісетіндігіңізді немесе құпия сілтемелермен кім бөлісетінін білмейміз - ең маңыздысы, мазмұнды.",
      
      "PRIVACY_PROTECTED_TITLE": "Жеке құпиялылық қорғалған",
      "PRIVACY_PROTECTED_DESCRIPTION": "Құпия ақпараттың сілтемесі мен кіммен бөлісетіндігіңізді тек сіз ғана білесіз. Құпия жасалғанда, оны ашу үшін пароль қосуға болады. Сондай-ақ, жойылу уақытын орнату мүмкіндігі бар. Құпия ақпарат 14 күннен кейін жойылады.",
      
      "END_TO_END_ENCRYPTED_TITLE": "Соңынан соңға дейін шифрланған",
      "END_TO_END_ENCRYPTED_DESCRIPTION": "Барлық сілтемелер мен мазмұн клиенттік тарапта хэшленген, бұл бізге сілтеме мен мазмұнды білмеуге мүмкіндік береді. Әр сілтеме 36 таңбадан тұратын бірегей ID ие, бұл құпия хабарламаны және AES-256 шифрланған мазмұнды қол жеткізу үшін біржақты шифрлау болып табылады.",
      
      "HOW_IT_WORKS_TITLE": "Қалай жұмыс істейді?",
      "STEP_1_TITLE": "Хабарламаңызды жазып, / немесе пароль жасаңыз",
      "STEP_2_TITLE": "Құпия сілтеме жасаңыз",
      "STEP_3_TITLE": "Сілтемені бөлісіңіз",
      
      "COMPANY_LOGO_ALT": "Компания логотипі",
      
      "SHARE_TITLE": "Құпия хабарлама бөлісу",
      "SHARE_DESCRIPTION_PART_1": "Хабарлама жазып, жіберіңіз, ол",
      "SHARE_DESCRIPTION_PART_2": "оқылғаннан кейін жойылады.",
      
      "SHARE_BULLET_1": "Із қалдырмай.",
      "SHARE_BULLET_2": "Жеке құпиялылық қорғалған",
      "SHARE_BULLET_3": "Бір реттік көрілетін",
      
      "SHARE_ENCRYPTED_BY": "Stellar Security арқылы шифрланған, қауіпсіз және қорғалған",
      
      "SHARE_TEXTAREA_PLACEHOLDER": "Құпия хабарламаңызды, пароліңізді немесе сезімтал ақпаратты жазыңыз *",
      "SHARE_OPTIONS": "Опциялар",
      
      "SHARE_EMPTY": "Ештеңе болмаса қалдырыңыз.",
      "SHARE_BUTTON": "Құпия сілтеме жасаңыз",
      
      "CREATED_TITLE": "Сіздің құпияңыз жасалды",
      "CREATED_SUBTITLE": "Ол тек бір рет көрсетіледі",
      
      "CREATED_TITLE_SHARE": "Сілтемені көшіру немесе бөлісу.",
      "CREATED_BUTTON": "КОПИЯЛАУ",
      "CREATED_CREATE_SECRET": "Жаңа құпия жасау",
      "CREATED_BURNSECRET": "Құпияны өшіру",
      "URL_COPIED": "URL көшірілді.",
      "SHARE_BURNER_TIME":"Өмір бойы",
      "SHARE_PASS_PHRASE":"Пароль",
      "VIEW_SECRET": "Құпияны қарау"
    },
    "HOWITWORK": {
      "HEADER_TITLE": "Stellar Secret",
      "HOW_IT_WORKS": "Қалай жұмыс істейді",
      "DOWNLOAD_APP": "Қосымшаны жүктеу",
      
      "ONE_TIME_SECRET_MESSAGING_TITLE": "Бір реттік құпия хабарламалар",
      "ONE_TIME_SECRET_MESSAGING_SUBTITLE": "Құпияларды бөлісіңіз, және олар жоғалады!",
      
      "ENCRYPTED_PROTECTED_BY": "Stellar Security арқылы шифрланған, қауіпсіз және қорғалған",
      "WITHOUT_TRACE_TITLE": "Із қалдырмай",
      "WITHOUT_TRACE_DESCRIPTION": "Сіздің сезімтал мәліметтеріңізді мықты қорғауды қамтамасыз етеміз. Барлық деректер клиенттік тарапта шифрланады. Біз сіздің IP мекенжайыңызды, не бөлісетіндігіңізді немесе құпия сілтемелермен кім бөлісетінін білмейміз - ең маңыздысы, мазмұнды.",
      
      "PRIVACY_PROTECTED_TITLE": "Жеке құпиялылық қорғалған",
      "PRIVACY_PROTECTED_DESCRIPTION": "Құпия ақпараттың сілтемесі мен кіммен бөлісетіндігіңізді тек сіз ғана білесіз. Құпия жасалғанда, оны ашу үшін пароль қосуға болады. Сондай-ақ, жойылу уақытын орнату мүмкіндігі бар. Құпия ақпарат 14 күннен кейін жойылады.",
      
      "END_TO_END_ENCRYPTED_TITLE": "Соңынан соңға дейін шифрланған",
      "END_TO_END_ENCRYPTED_DESCRIPTION": "Барлық сілтемелер мен мазмұн клиенттік тарапта хэшленген, бұл бізге сілтеме мен мазмұнды білмеуге мүмкіндік береді. Әр сілтеме 36 таңбадан тұратын бірегей ID ие, бұл құпия хабарламаны және AES-256 шифрланған мазмұнды қол жеткізу үшін біржақты шифрлау болып табылады.",
      
      "HOW_IT_WORKS_TITLE": "Қалай жұмыс істейді?",
      "STEP_1_TITLE": "Хабарламаңызды жазып, / немесе пароль жасаңыз",
      "STEP_2_TITLE": "Құпия сілтеме жасаңыз",
      "STEP_3_TITLE": "Сілтемені бөлісіңіз",
      
      "COMPANY_LOGO_ALT": "Компания логотипі",
      
      "SHARE_TITLE": "Құпия хабарлама бөлісу",
      "SHARE_DESCRIPTION_PART_1": "Хабарлама жазып, жіберіңіз, ол",
      "SHARE_DESCRIPTION_PART_2": "оқылғаннан кейін жойылады.",
      
      "SHARE_BULLET_1": "Із қалдырмай.",
      "SHARE_BULLET_2": "Жеке құпиялылық қорғалған",
      "SHARE_BULLET_3": "Бір реттік көрілетін",
      
      "SHARE_ENCRYPTED_BY": "Stellar Security арқылы шифрланған, қауіпсіз және қорғалған",
      
      "SHARE_TEXTAREA_PLACEHOLDER": "Құпия хабарламаңызды, пароліңізді немесе сезімтал ақпаратты жазыңыз *",
      "SHARE_OPTIONS": "Опциялар",
      
      "SHARE_EMPTY": "Ештеңе болмаса қалдырыңыз.",
      "SHARE_BUTTON": "Құпия сілтеме жасаңыз",
      
      "CREATED_TITLE": "Сіздің құпияңыз жасалды",
      "CREATED_SUBTITLE": "Ол тек бір рет көрсетіледі",
      
      "CREATED_TITLE_SHARE": "Сілтемені көшіру немесе бөлісу.",
      "CREATED_BUTTON": "КОПИЯЛАУ",
      "CREATED_CREATE_SECRET": "Жаңа құпия жасау",
      "CREATED_BURNSECRET": "Құпияны өшіру",
      "URL_COPIED": "URL көшірілді.",
      
      "VIEW_SECRET": "Құпияны қарау"
    },
    "CREATEDPAGE": {
      "CREATEDPAGE": "Stellar Secret",
      "HOW_IT_WORKS": "Қалай жұмыс істейді",
      "DOWNLOAD_APP": "Қосымшаны жүктеу",
      "CREATED_TITLE": "Сіздің құпияңыз жасалды",
      "CREATED_SUBTITLE": "Ол тек бір рет көрсетіледі",
      "CREATED_TITLE_SHARE": "Сілтемені көшіру немесе бөлісу.",
      "CREATED_BUTTON": "КОПИЯЛАУ",
      "CREATED_CREATE_SECRET": "Жаңа құпия жасау",
      "CREATED_BURNSECRET": "Құпияны өшіру",
      "URL_COPIED": "URL көшірілді."
    },
    "CONFIRMATION": {
      "YOURE_GONNA_BURN_THIS_SECRET": "Сіз бұл құпияны өшіресіз",
      "SECRET_UNAVAILABLE_TEXT": "Ол енді қолжетімді болмайды",
      "BURN_FOREVER": "Мәңгілікке өшіру",
      "CANCEL": "Бас тарту"
    },
    "VIEW": {
      "LOGO_TEXT": "Stellar Secret",
      "HOW_IT_WORKS": "Қалай жұмыс істейді",
      "DOWNLOAD_APP": "Қосымшаны жүктеу",
      "WELCOME_MESSAGE": "Сәлем, сізге құпия хабарлама келді!",
      "INSTRUCTION": "Хабарлама жазып, жіберіңіз, ол оқылғаннан кейін жойылады.",
      "SHOW_MESSAGE_ONCE": "Келесі хабарлама <strong>тек бір рет қана</strong> көрсетіледі",
      "OPEN_SECRET_MESSAGE": "Құпия хабарламаны ашыңыз",
      "INPUT_PASSPHRASE": "Парольді енгізіңіз",
      "PASS_PHRASE_PLACEHOLDER": "Пароль",
      "OPEN_SECRET_BUTTON": "Құпия хабарламаны ашу",
      "YOUR_SECRET_MESSAGE": "Сіздің Құпия Хабарламаңыз",
      "COPY": "Көшіру",
      "MESSAGE_LABEL": "Хабарлама",
      "REPLY": "Жауап беру",
      "DOWNLOAD_MESSAGE": "Stellar Secret-ті мобильді құрылғыға жүктеп алып, құпия хабарламалар жасаңыз",
      "WITHOUT_TRACE": "Із қалдырмай.",
      "PRIVACY_PROTECTED": "Жеке құпиялылық қорғалған",
      "ONE_TIME_VIEWABLE": "Бір реттік көрілетін",
      "SECURITY_TEXT": "Шифрланған, қауіпсіз және қорғалған ",
      "SECURITY_TEXT2": "Stellar Security"
    }
  }
  