{
    "HOME": {
      "HEADER_TITLE": "សេក្ដីសម្ងាត់ផ្ចិត",
      "HOW_IT_WORKS": "ធ្វើការងារយ៉ាងដូចម្តេច",
      "DOWNLOAD_APP": "ទាញយកកម្មវិធី",
      
      "ONE_TIME_SECRET_MESSAGING_TITLE": "ការបង្ហោះសម្ងាត់មួយដង",
      "ONE_TIME_SECRET_MESSAGING_SUBTITLE": "ចែករំលែកសម្ងាត់ ហើយបាត់បង់វាទាំងអស់!",
      
      "ENCRYPTED_PROTECTED_BY": "បានក្រឡេក, មានសុវត្ថិភាព និងការពារដោយការសុវត្ថិភាពស្ដែលឡា",
      "WITHOUT_TRACE_TITLE": "គ្មានសំណល់",
      "WITHOUT_TRACE_DESCRIPTION": "យើងធានាថាការពារដ៏រឹងមាំនៃពត៌មានសំខាន់របស់អ្នក។ ទិន្នន័យទាំងអស់ត្រូវបានក្រឡេកនៅលើផ្នែកភាគីអតិផរណា។ យើងមិនដឹងអាសយដ្ឋាន IP របស់អ្នក, អ្វីដែលអ្នកចែករំលែក ឬអ្នកដែលអ្នកចែករំលែកតំណសម្ងាត់ជាមួយនោះទេ - ហើយសារសំខាន់ណាស់ គឺមាតិកា។",
      
      "PRIVACY_PROTECTED_TITLE": "ការពារជីវិត",
      "PRIVACY_PROTECTED_DESCRIPTION": "អ្នកគឺជាមនុស្សតែម្នាក់ដែលស្គាល់តំណទៅកាន់ព័ត៌មានសម្ងាត់ដែលអ្នកបានបង្កើត និងអ្នកដែលអ្នកចែករំលែកវាជាមួយ។ ពេលបង្កើតសម្ងាត់ អ្នកអាចបន្ថែមពាក្យសម្ងាត់មុនពេលវាអាចបើកបាន។ ក៏អាចកំណត់ពេលវេលាប្រេះបានផងដែរ។ មិនថាតើអ្វីដែលកើតឡើង សម្ងាត់នឹងត្រូវលុបចោលបន្ទាប់ពី 14 ថ្ងៃ។",
      
      "END_TO_END_ENCRYPTED_TITLE": "បានក្រឡេកពីចំណុចមួយទៅចំណុចមួយ",
      "END_TO_END_ENCRYPTED_DESCRIPTION": "តំណនិងមាតិកាទាំងអស់ត្រូវបានចុចផងដែរ នៅលើផ្នែកភាគីអតិផរណា មិនមានអ្នកដឹងទេ។ តំណនីមួយៗមានអត្តសញ្ញាណតែមួយដែលមានប្រវែង 36 ដែលជាការក្រឡេកមួយទិសដើម្បីអាចចូលដល់សារសម្ងាត់ និងមាតិការបស់វាដែលត្រូវបានក្រឡេកជាមួយ AES-256។",
      
      "HOW_IT_WORKS_TITLE": "ធ្វើការងារយ៉ាងដូចម្តេច?",
      "STEP_1_TITLE": "សរសេរព្រមទាំងបង្កើតពាក្យសម្ងាត់",
      "STEP_2_TITLE": "បង្កើតតំណសម្ងាត់",
      "STEP_3_TITLE": "ចែករំលែកតំណ",
      
      "COMPANY_LOGO_ALT": "ពុម្ពតំណាងក្រុមហ៊ុន",
      
      "SHARE_TITLE": "ចែករំលែកសារសម្ងាត់",
      "SHARE_DESCRIPTION_PART_1": "សរសេរនិងផ្ញើសារ វានឹង",
      "SHARE_DESCRIPTION_PART_2": "ត្រូវបានលុបចោលបន្ទាប់ពីអាន។",
      
      "SHARE_BULLET_1": "គ្មានសំណល់។",
      "SHARE_BULLET_2": "ការពារជីវិត",
      "SHARE_BULLET_3": "មើលមួយដង",
      
      "SHARE_ENCRYPTED_BY": "បានក្រឡេក, មានសុវត្ថិភាព និងការពារដោយការសុវត្ថិភាពស្ដែលឡា",
      
      "SHARE_TEXTAREA_PLACEHOLDER": "សរសេរជាសារសម្ងាត់របស់អ្នក, ពាក្យសម្ងាត់ ឬព័ត៌មានសំខាន់ *",
      "SHARE_OPTIONS": "ជម្រើស",
      
      "SHARE_EMPTY": "ទុកវាហើយសម្រាប់គ្មាន។",
      "SHARE_BUTTON": "បង្កើតតំណសម្ងាត់",
      
      "CREATED_TITLE": "សម្ងាត់របស់អ្នកត្រូវបានបង្កើត",
      "CREATED_SUBTITLE": "វានឹងត្រូវបង្ហាញមួយដងតែម្តង",
      
      "CREATED_TITLE_SHARE": "ចម្លងតំណឬចែករំលែកវា។",
      "CREATED_BUTTON": "ចម្លង",
      "CREATED_CREATE_SECRET": "បង្កើតសម្ងាត់ថ្មី",
      "CREATED_BURNSECRET": "បំផ្លាញសម្ងាត់",
      "URL_COPIED": "URL បានចម្លងរួចរាល់។",
      "SHARE_BURNER_TIME":"អាយុកាល",
      "SHARE_PASS_PHRASE":"ពាក្យសម្ងាត់",
      "VIEW_SECRET": "មើលសម្ងាត់"
    },
    "HOWITWORK": {
      "HEADER_TITLE": "សេក្ដីសម្ងាត់ផ្ចិត",
      "HOW_IT_WORKS": "ធ្វើការងារយ៉ាងដូចម្តេច",
      "DOWNLOAD_APP": "ទាញយកកម្មវិធី",
      
      "ONE_TIME_SECRET_MESSAGING_TITLE": "ការបង្ហោះសម្ងាត់មួយដង",
      "ONE_TIME_SECRET_MESSAGING_SUBTITLE": "ចែករំលែកសម្ងាត់ ហើយបាត់បង់វាទាំងអស់!",
      
      "ENCRYPTED_PROTECTED_BY": "បានក្រឡេក, មានសុវត្ថិភាព និងការពារដោយការសុវត្ថិភាពស្ដែលឡា",
      "WITHOUT_TRACE_TITLE": "គ្មានសំណល់",
      "WITHOUT_TRACE_DESCRIPTION": "យើងធានាថាការពារដ៏រឹងមាំនៃពត៌មានសំខាន់របស់អ្នក។ ទិន្នន័យទាំងអស់ត្រូវបានក្រឡេកនៅលើផ្នែកភាគីអតិផរណា។ យើងមិនដឹងអាសយដ្ឋាន IP របស់អ្នក, អ្វីដែលអ្នកចែករំលែក ឬអ្នកដែលអ្នកចែករំលែកតំណសម្ងាត់ជាមួយនោះទេ - ហើយសារសំខាន់ណាស់ គឺមាតិកា។",
      
      "PRIVACY_PROTECTED_TITLE": "ការពារជីវិត",
      "PRIVACY_PROTECTED_DESCRIPTION": "អ្នកគឺជាមនុស្សតែម្នាក់ដែលស្គាល់តំណទៅកាន់ព័ត៌មានសម្ងាត់ដែលអ្នកបានបង្កើត និងអ្នកដែលអ្នកចែករំលែកវាជាមួយ។ ពេលបង្កើតសម្ងាត់ អ្នកអាចបន្ថែមពាក្យសម្ងាត់មុនពេលវាអាចបើកបាន។ ក៏អាចកំណត់ពេលវេលាប្រេះបានផងដែរ។ មិនថាតើអ្វីដែលកើតឡើង សម្ងាត់នឹងត្រូវលុបចោលបន្ទាប់ពី 14 ថ្ងៃ។",
      
      "END_TO_END_ENCRYPTED_TITLE": "បានក្រឡេកពីចំណុចមួយទៅចំណុចមួយ",
      "END_TO_END_ENCRYPTED_DESCRIPTION": "តំណនិងមាតិកាទាំងអស់ត្រូវបានចុចផងដែរ នៅលើផ្នែកភាគីអតិផរណា មិនមានអ្នកដឹងទេ។ តំណនីមួយៗមានអត្តសញ្ញាណតែមួយដែលមានប្រវែង 36 ដែលជាការក្រឡេកមួយទិសដើម្បីអាចចូលដល់សារសម្ងាត់ និងមាតិការបស់វាដែលត្រូវបានក្រឡេកជាមួយ AES-256។",
      
      "HOW_IT_WORKS_TITLE": "ធ្វើការងារយ៉ាងដូចម្តេច?",
      "STEP_1_TITLE": "សរសេរព្រមទាំងបង្កើតពាក្យសម្ងាត់",
      "STEP_2_TITLE": "បង្កើតតំណសម្ងាត់",
      "STEP_3_TITLE": "ចែករំលែកតំណ",
      
      "COMPANY_LOGO_ALT": "ពុម្ពតំណាងក្រុមហ៊ុន",
      
      "SHARE_TITLE": "ចែករំលែកសារសម្ងាត់",
      "SHARE_DESCRIPTION_PART_1": "សរសេរនិងផ្ញើសារ វានឹង",
      "SHARE_DESCRIPTION_PART_2": "ត្រូវបានលុបចោលបន្ទាប់ពីអាន។",
      
      "SHARE_BULLET_1": "គ្មានសំណល់។",
      "SHARE_BULLET_2": "ការពារជីវិត",
      "SHARE_BULLET_3": "មើលមួយដង",
      
      "SHARE_ENCRYPTED_BY": "បានក្រឡេក, មានសុវត្ថិភាព និងការពារដោយការសុវត្ថិភាពស្ដែលឡា",
      
      "SHARE_TEXTAREA_PLACEHOLDER": "សរសេរជាសារសម្ងាត់របស់អ្នក, ពាក្យសម្ងាត់ ឬព័ត៌មានសំខាន់ *",
      "SHARE_OPTIONS": "ជម្រើស",
      
      "SHARE_EMPTY": "ទុកវាហើយសម្រាប់គ្មាន។",
      "SHARE_BUTTON": "បង្កើតតំណសម្ងាត់",
      
      "CREATED_TITLE": "សម្ងាត់របស់អ្នកត្រូវបានបង្កើត",
      "CREATED_SUBTITLE": "វានឹងត្រូវបង្ហាញមួយដងតែម្តង",
      
      "CREATED_TITLE_SHARE": "ចម្លងតំណឬចែករំលែកវា។",
      "CREATED_BUTTON": "ចម្លង",
      "CREATED_CREATE_SECRET": "បង្កើតសម្ងាត់ថ្មី",
      "CREATED_BURNSECRET": "បំផ្លាញសម្ងាត់",
      "URL_COPIED": "URL បានចម្លងរួចរាល់។",
      
      "VIEW_SECRET": "មើលសម្ងាត់"
    },
    "CREATEDPAGE": {
      "CREATEDPAGE": "សេក្ដីសម្ងាត់ផ្ចិត",
      "HOW_IT_WORKS": "ធ្វើការងារយ៉ាងដូចម្តេច",
      "DOWNLOAD_APP": "ទាញយកកម្មវិធី",
      "CREATED_TITLE": "សម្ងាត់របស់អ្នកត្រូវបានបង្កើត",
      "CREATED_SUBTITLE": "វានឹងត្រូវបង្ហាញមួយដងតែម្តង",
      "CREATED_TITLE_SHARE": "ចម្លងតំណឬចែករំលែកវា។",
      "CREATED_BUTTON": "ចម្លង",
      "CREATED_CREATE_SECRET": "បង្កើតសម្ងាត់ថ្មី",
      "CREATED_BURNSECRET": "បំផ្លាញសម្ងាត់",
      "URL_COPIED": "URL បានចម្លងរួចរាល់។"
    },
    "CONFIRMATION": {
      "YOURE_GONNA_BURN_THIS_SECRET": "អ្នកនឹងបំផ្លាញសម្ងាត់នេះ",
      "SECRET_UNAVAILABLE_TEXT": "វានឹងមិនអាចអាចចូលបានទេ",
      "BURN_FOREVER": "បំផ្លាញជារៀងរហូត",
      "CANCEL": "បោះបង់"
    },
    "VIEW": {
      "LOGO_TEXT": "សេក្ដីសម្ងាត់ផ្ចិត",
      "HOW_IT_WORKS": "ធ្វើការងារយ៉ាងដូចម្តេច",
      "DOWNLOAD_APP": "ទាញយកកម្មវិធី",
      "WELCOME_MESSAGE": "សួស្តី អ្នកបានទទួលសារសម្ងាត់!",
      "INSTRUCTION": "សរសេរ និងផ្ញើសារ វានឹងត្រូវបានលុបចោលបន្ទាប់ពីអាន។",
      "SHOW_MESSAGE_ONCE": "សារបន្ទាប់នឹងត្រូវបង្ហាញ <strong>មួយដងតែម្តង</strong>",
      "OPEN_SECRET_MESSAGE": "បើកសារសម្ងាត់",
      "INPUT_PASSPHRASE": "បញ្ចូលពាក្យសម្ងាត់",
      "PASS_PHRASE_PLACEHOLDER": "ពាក្យសម្ងាត់",
      "OPEN_SECRET_BUTTON": "បើកសារសម្ងាត់",
      "YOUR_SECRET_MESSAGE": "សារសម្ងាត់របស់អ្នក",
      "COPY": "ចម្លង",
      "MESSAGE_LABEL": "សារ",
      "REPLY": "តបវិញ",
      "DOWNLOAD_MESSAGE": "ទាញយកសេក្ដីសម្ងាត់ផ្ចិតនៅលើទូរស័ព្ទដៃ បង្កើតសារសម្ងាត់របស់អ្នក",
      "WITHOUT_TRACE": "គ្មានសំណល់។",
      "PRIVACY_PROTECTED": "ការពារជីវិត",
      "ONE_TIME_VIEWABLE": "មើលមួយដង",
      "SECURITY_TEXT": "បានក្រឡេក, មានសុវត្ថិភាព និងការពារដោយ ",
      "SECURITY_TEXT2": "ការសុវត្ថិភាពស្ដែលឡា"
    }
  }
  