{
    "HOME": {
      "HEADER_TITLE": "ಸ್ಟೆಲ್ಲರ್ ಸೀಕ್ರಟ್",
      "HOW_IT_WORKS": "ಇದು ಹೇಗೆ ಕಾರ್ಯನಿರ್ವಹಿಸುತ್ತದೆ",
      "DOWNLOAD_APP": "ಆಪ್ ಡೌನ್‌ಲೋಡ್ ಮಾಡಿ",
      
      "ONE_TIME_SECRET_MESSAGING_TITLE": "ಒಮ್ಮೆ ಮಾತ್ರ ರಹಸ್ಯ ಸಂದೇಶವನ್ನು",
      "ONE_TIME_SECRET_MESSAGING_SUBTITLE": "ರಹಸ್ಯಗಳನ್ನು ಹಂಚಿಕೊಳ್ಳಿ, ಮತ್ತು ಪಾಫ್—ಅವು ಹೋಗುತ್ತವೆ!",
      
      "ENCRYPTED_PROTECTED_BY": "ಸ್ಟೆಲ್ಲರ್ ಸೆಕ್ಯುರಿಟಿಯಿಂದ ಸಂಕೇತಿತ, ಸುರಕ್ಷಿತ ಮತ್ತು ರಕ್ಷಿತ",
      "WITHOUT_TRACE_TITLE": "ಒಬ್ಬನಿಗೂ ಅನುಸರಣೆಯಿಲ್ಲದೆ",
      "WITHOUT_TRACE_DESCRIPTION": "ನಿಮ್ಮ ಸೆನ್ಸಿಟಿವ್ ಮಾಹಿತಿಯ ಪ್ರಬಲ ರಕ್ಷಣೆ ನಾವಿಲ್ಲಿ ಖಾತರಿಯು ಮಾಡುತ್ತೇವೆ. ಎಲ್ಲಾ ಡೇಟಾ ಕ್ಲೈಂಟ್-ಸೈಡ್‌ನಲ್ಲಿ ಸಂಕೇತಿತವಾಗುತ್ತಿದೆ. ನೀವು ಯಾವ IP ವಿಳಾಸವನ್ನು ಬಳಸುತ್ತೀರಿ, ನೀವು ಏನು ಹಂಚಿಕೊಳ್ಳುತ್ತೀರಿ ಅಥವಾ ನೀವು ರಹಸ್ಯ ಲಿಂಕ್ಸ್ ಅನ್ನು ಯಾರೊಂದಿಗೆ ಹಂಚಿಕೊಳ್ಳುತ್ತೀರಿ ಎಂಬುದನ್ನು ನಮಗೆ ಗೊತ್ತಿಲ್ಲ - ಮತ್ತು ಅತ್ಯಂತ ಮುಖ್ಯವಾದುದು, ವಿಷಯ.",
      
      "PRIVACY_PROTECTED_TITLE": "ಪ್ರೈವೇಸಿ ರಕ್ಷಿತ",
      "PRIVACY_PROTECTED_DESCRIPTION": "ನೀವು ಮಾತ್ರ ನೀವು ಸೃಷ್ಟಿಸಿದ ರಹಸ್ಯ ಮಾಹಿತಿಯ ಲಿಂಕ್ ಮತ್ತು ನೀವು ಅದನ್ನು ಯಾರೊಂದಿಗೆ ಹಂಚಿಕೊಳ್ಳುತ್ತೀರಿ ಎಂಬುದನ್ನು ತಿಳಿಯಿರಿ. ರಹಸ್ಯವನ್ನು ಸೃಷ್ಟಿಸುವಾಗ, ಅದನ್ನು ತೆರೆಯಲು ನೀವು ಪಾಸ್ವರ್ಡ್ ಸೇರಿಸಬಹುದು. ಇದು ಬಾರ್ನರ್-ಟೈಮ್ ಅನ್ನು ಹೊಂದಿಸಲು ಸಾಧ್ಯವಾಗುತ್ತದೆ. ಯಾವುದೆಲ್ಲದಾದರೂ, ಒಂದು ರಹಸ್ಯ 14 ದಿನಗಳ ನಂತರ ಅಳಿಸಲಾಗುತ್ತದೆ.",
      
      "END_TO_END_ENCRYPTED_TITLE": "ಆಂತಿಮದಿಂದ ಅಂತಿಮವರೆಗೆ ಸಂಕೇತಿತ",
      "END_TO_END_ENCRYPTED_DESCRIPTION": "ಎಲ್ಲಾ ಲಿಂಕ್ಸ್ ಮತ್ತು ವಿಷಯಗಳನ್ನು ಕ್ಲೈಂಟ್-ಸೈಡ್‌ನಲ್ಲಿ ಹ್ಯಾಶ್ ಮಾಡಲಾಗುತ್ತದೆ, ಇದರಿಂದಾಗಿ ನಾವು ಲಿಂಕ್ ಮತ್ತು ವಿಷಯವನ್ನು ಗೊತ್ತಿಲ್ಲ. ಪ್ರತಿಯೊಂದು ಲಿಂಕ್ 36 ಅಕ್ಷರಗಳ ವಿಶಿಷ್ಟ ID ಅನ್ನು ಹೊಂದಿದೆ, ಇದು AES-256 encryption ಬಳಸಿ ರಹಸ್ಯ ಸಂದೇಶ ಮತ್ತು ಅದರ ವಿಷಯವನ್ನು ಪ್ರವೇಶಿಸಲು ಒರ್ವೆ ತಿರುವು ಎನ್‌ಕ್ರಿಪ್ಷನ್.",
      
      "HOW_IT_WORKS_TITLE": "ಇದು ಹೇಗೆ ಕಾರ್ಯನಿರ್ವಹಿಸುತ್ತದೆ?",
      "STEP_1_TITLE": "ನಿಮ್ಮ ಸಂದೇಶವನ್ನು ಮತ್ತು/ಅಥವಾ ಪಾಸ್ವರ್ಡ್ ಅನ್ನು ಬರೆಯಿರಿ",
      "STEP_2_TITLE": "ರಹಸ್ಯ ಲಿಂಕ್ ಸೃಷ್ಟಿಸಿ",
      "STEP_3_TITLE": "ಲಿಂಕ್ ಹಂಚಿಕೊಳ್ಳಿ",
      
      "COMPANY_LOGO_ALT": "ಕಂಪನಿ ಲೋಗೋ",
      
      "SHARE_TITLE": "ರಹಸ್ಯ ಸಂದೇಶವನ್ನು ಹಂಚಿಕೊಳ್ಳಿ",
      "SHARE_DESCRIPTION_PART_1": "ಮೆಸೇಜ್ ಬರೆಯಿರಿ ಮತ್ತು ಕಳುಹಿಸಿ, ಇದು",
      "SHARE_DESCRIPTION_PART_2": "ಓದಿದ ಮೇಲೆ ಅಳಿಸಲಾಗುತ್ತದೆ.",
      
      "SHARE_BULLET_1": "ಒಬ್ಬನಿಗೂ ಅನುಸರಣೆಯಿಲ್ಲದೆ.",
      "SHARE_BULLET_2": "ಪ್ರೈವೇಸಿ ರಕ್ಷಿತ",
      "SHARE_BULLET_3": "ಒಮ್ಮೆ ಮಾತ್ರ ವೀಕ್ಷಿಸಬಹುದಾಗಿದೆ",
      
      "SHARE_ENCRYPTED_BY": "ಸ್ಟೆಲ್ಲರ್ ಸೆಕ್ಯುರಿಟಿಯಿಂದ ಸಂಕೇತಿತ, ಸುರಕ್ಷಿತ ಮತ್ತು ರಕ್ಷಿತ",
      
      "SHARE_TEXTAREA_PLACEHOLDER": "ನಿಮ್ಮ ರಹಸ್ಯ ಸಂದೇಶ, ಪಾಸ್ವರ್ಡ್ ಅಥವಾ ಸೆನ್ಸಿಟಿವ್ ಮಾಹಿತಿಯನ್ನು ಬರೆಯಿರಿ *",
      "SHARE_OPTIONS": "ಆಯ್ಕೆಗಳು",
      
      "SHARE_EMPTY": "ಯಾವುದೇ ಇಲ್ಲದಿರಲಿ.",
      "SHARE_BUTTON": "ರಹಸ್ಯ ಲಿಂಕ್ ಅನ್ನು ರಚಿಸಿ",
      
      "CREATED_TITLE": "ನಿಮ್ಮ ರಹಸ್ಯ ರಚಿಸಲಾಗಿದೆ",
      "CREATED_SUBTITLE": "ಇದು ಒಂದೇ ವಾರಿಗೆ ಮಾತ್ರ ತೋರಿಸಲಾಗುತ್ತದೆ",
      
      "CREATED_TITLE_SHARE": "ಲಿಂಕ್ ನಕಲಿಸಿ ಅಥವಾ ಹಂಚಿಕೊಳ್ಳಿ.",
      "CREATED_BUTTON": "ನಕಲಿ",
      "CREATED_CREATE_SECRET": "ಹೊಸ ರಹಸ್ಯವನ್ನು ರಚಿಸಿ",
      "CREATED_BURNSECRET": "ರಹಸ್ಯವನ್ನು ಬಾರ್ನ್ ಮಾಡಿ",
      "URL_COPIED": "URL ನಕಲಿಸಲಾಗಿದೆ.",
      "SHARE_BURNER_TIME":"ಅವಧಿ",
      "SHARE_PASS_PHRASE":"ಪಾಸ್ಪ್ರೇಸ್",
      "VIEW_SECRET": "ರಹಸ್ಯವನ್ನು ವೀಕ್ಷಿಸಿ"
    },
    "HOWITWORK": {
      "HEADER_TITLE": "ಸ್ಟೆಲ್ಲರ್ ಸೀಕ್ರಟ್",
      "HOW_IT_WORKS": "ಇದು ಹೇಗೆ ಕಾರ್ಯನಿರ್ವಹಿಸುತ್ತದೆ",
      "DOWNLOAD_APP": "ಆಪ್ ಡೌನ್‌ಲೋಡ್ ಮಾಡಿ",
      
      "ONE_TIME_SECRET_MESSAGING_TITLE": "ಒಮ್ಮೆ ಮಾತ್ರ ರಹಸ್ಯ ಸಂದೇಶವನ್ನು",
      "ONE_TIME_SECRET_MESSAGING_SUBTITLE": "ರಹಸ್ಯಗಳನ್ನು ಹಂಚಿಕೊಳ್ಳಿ, ಮತ್ತು ಪಾಫ್—ಅವು ಹೋಗುತ್ತವೆ!",
      
      "ENCRYPTED_PROTECTED_BY": "ಸ್ಟೆಲ್ಲರ್ ಸೆಕ್ಯುರಿಟಿಯಿಂದ ಸಂಕೇತಿತ, ಸುರಕ್ಷಿತ ಮತ್ತು ರಕ್ಷಿತ",
      "WITHOUT_TRACE_TITLE": "ಒಬ್ಬನಿಗೂ ಅನುಸರಣೆಯಿಲ್ಲದೆ",
      "WITHOUT_TRACE_DESCRIPTION": "ನಿಮ್ಮ ಸೆನ್ಸಿಟಿವ್ ಮಾಹಿತಿಯ ಪ್ರಬಲ ರಕ್ಷಣೆ ನಾವಿಲ್ಲಿ ಖಾತರಿಯು ಮಾಡುತ್ತೇವೆ. ಎಲ್ಲಾ ಡೇಟಾ ಕ್ಲೈಂಟ್-ಸೈಡ್‌ನಲ್ಲಿ ಸಂಕೇತಿತವಾಗುತ್ತಿದೆ. ನೀವು ಯಾವ IP ವಿಳಾಸವನ್ನು ಬಳಸುತ್ತೀರಿ, ನೀವು ಏನು ಹಂಚಿಕೊಳ್ಳುತ್ತೀರಿ ಅಥವಾ ನೀವು ರಹಸ್ಯ ಲಿಂಕ್ಸ್ ಅನ್ನು ಯಾರೊಂದಿಗೆ ಹಂಚಿಕೊಳ್ಳುತ್ತೀರಿ ಎಂಬುದನ್ನು ನಮಗೆ ಗೊತ್ತಿಲ್ಲ - ಮತ್ತು ಅತ್ಯಂತ ಮುಖ್ಯವಾದುದು, ವಿಷಯ.",
      
      "PRIVACY_PROTECTED_TITLE": "ಪ್ರೈವೇಸಿ ರಕ್ಷಿತ",
      "PRIVACY_PROTECTED_DESCRIPTION": "ನೀವು ಮಾತ್ರ ನೀವು ಸೃಷ್ಟಿಸಿದ ರಹಸ್ಯ ಮಾಹಿತಿಯ ಲಿಂಕ್ ಮತ್ತು ನೀವು ಅದನ್ನು ಯಾರೊಂದಿಗೆ ಹಂಚಿಕೊಳ್ಳುತ್ತೀರಿ ಎಂಬುದನ್ನು ತಿಳಿಯಿರಿ. ರಹಸ್ಯವನ್ನು ಸೃಷ್ಟಿಸುವಾಗ, ಅದನ್ನು ತೆರೆಯಲು ನೀವು ಪಾಸ್ವರ್ಡ್ ಸೇರಿಸಬಹುದು. ಇದು ಬಾರ್ನರ್-ಟೈಮ್ ಅನ್ನು ಹೊಂದಿಸಲು ಸಾಧ್ಯವಾಗುತ್ತದೆ. ಯಾವುದೆಲ್ಲದಾದರೂ, ಒಂದು ರಹಸ್ಯ 14 ದಿನಗಳ ನಂತರ ಅಳಿಸಲಾಗುತ್ತದೆ.",
      
      "END_TO_END_ENCRYPTED_TITLE": "ಆಂತಿಮದಿಂದ ಅಂತಿಮವರೆಗೆ ಸಂಕೇತಿತ",
      "END_TO_END_ENCRYPTED_DESCRIPTION": "ಎಲ್ಲಾ ಲಿಂಕ್ಸ್ ಮತ್ತು ವಿಷಯಗಳನ್ನು ಕ್ಲೈಂಟ್-ಸೈಡ್‌ನಲ್ಲಿ ಹ್ಯಾಶ್ ಮಾಡಲಾಗುತ್ತದೆ, ಇದರಿಂದಾಗಿ ನಾವು ಲಿಂಕ್ ಮತ್ತು ವಿಷಯವನ್ನು ಗೊತ್ತಿಲ್ಲ. ಪ್ರತಿಯೊಂದು ಲಿಂಕ್ 36 ಅಕ್ಷರಗಳ ವಿಶಿಷ್ಟ ID ಅನ್ನು ಹೊಂದಿದೆ, ಇದು AES-256 encryption ಬಳಸಿ ರಹಸ್ಯ ಸಂದೇಶ ಮತ್ತು ಅದರ ವಿಷಯವನ್ನು ಪ್ರವೇಶಿಸಲು ಒರ್ವೆ ತಿರುವು ಎನ್‌ಕ್ರಿಪ್ಷನ್.",
      
      "HOW_IT_WORKS_TITLE": "ಇದು ಹೇಗೆ ಕಾರ್ಯನಿರ್ವಹಿಸುತ್ತದೆ?",
      "STEP_1_TITLE": "ನಿಮ್ಮ ಸಂದೇಶವನ್ನು ಮತ್ತು/ಅಥವಾ ಪಾಸ್ವರ್ಡ್ ಅನ್ನು ಬರೆಯಿರಿ",
      "STEP_2_TITLE": "ರಹಸ್ಯ ಲಿಂಕ್ ಸೃಷ್ಟಿಸಿ",
      "STEP_3_TITLE": "ಲಿಂಕ್ ಹಂಚಿಕೊಳ್ಳಿ",
      
      "COMPANY_LOGO_ALT": "ಕಂಪನಿ ಲೋಗೋ",
      
      "SHARE_TITLE": "ರಹಸ್ಯ ಸಂದೇಶವನ್ನು ಹಂಚಿಕೊಳ್ಳಿ",
      "SHARE_DESCRIPTION_PART_1": "ಮೆಸೇಜ್ ಬರೆಯಿರಿ ಮತ್ತು ಕಳುಹಿಸಿ, ಇದು",
      "SHARE_DESCRIPTION_PART_2": "ಓದಿದ ಮೇಲೆ ಅಳಿಸಲಾಗುತ್ತದೆ.",
      
      "SHARE_BULLET_1": "ಒಬ್ಬನಿಗೂ ಅನುಸರಣೆಯಿಲ್ಲದೆ.",
      "SHARE_BULLET_2": "ಪ್ರೈವೇಸಿ ರಕ್ಷಿತ",
      "SHARE_BULLET_3": "ಒಮ್ಮೆ ಮಾತ್ರ ವೀಕ್ಷಿಸಬಹುದಾಗಿದೆ",
      
      "SHARE_ENCRYPTED_BY": "ಸ್ಟೆಲ್ಲರ್ ಸೆಕ್ಯುರಿಟಿಯಿಂದ ಸಂಕೇತಿತ, ಸುರಕ್ಷಿತ ಮತ್ತು ರಕ್ಷಿತ",
      
      "SHARE_TEXTAREA_PLACEHOLDER": "ನಿಮ್ಮ ರಹಸ್ಯ ಸಂದೇಶ, ಪಾಸ್ವರ್ಡ್ ಅಥವಾ ಸೆನ್ಸಿಟಿವ್ ಮಾಹಿತಿಯನ್ನು ಬರೆಯಿರಿ *",
      "SHARE_OPTIONS": "ಆಯ್ಕೆಗಳು",
      
      "SHARE_EMPTY": "ಯಾವುದೇ ಇಲ್ಲದಿರಲಿ.",
      "SHARE_BUTTON": "ರಹಸ್ಯ ಲಿಂಕ್ ಅನ್ನು ರಚಿಸಿ",
      
      "CREATED_TITLE": "ನಿಮ್ಮ ರಹಸ್ಯ ರಚಿಸಲಾಗಿದೆ",
      "CREATED_SUBTITLE": "ಇದು ಒಂದೇ ವಾರಿಗೆ ಮಾತ್ರ ತೋರಿಸಲಾಗುತ್ತದೆ",
      
      "CREATED_TITLE_SHARE": "ಲಿಂಕ್ ನಕಲಿಸಿ ಅಥವಾ ಹಂಚಿಕೊಳ್ಳಿ.",
      "CREATED_BUTTON": "ನಕಲಿ",
      "CREATED_CREATE_SECRET": "ಹೊಸ ರಹಸ್ಯವನ್ನು ರಚಿಸಿ",
      "CREATED_BURNSECRET": "ರಹಸ್ಯವನ್ನು ಬಾರ್ನ್ ಮಾಡಿ",
      "URL_COPIED": "URL ನಕಲಿಸಲಾಗಿದೆ.",
      
      "VIEW_SECRET": "ರಹಸ್ಯವನ್ನು ವೀಕ್ಷಿಸಿ"
    },
    "CREATEDPAGE": {
      "CREATEDPAGE": "ಸ್ಟೆಲ್ಲರ್ ಸೀಕ್ರಟ್",
      "HOW_IT_WORKS": "ಇದು ಹೇಗೆ ಕಾರ್ಯನಿರ್ವಹಿಸುತ್ತದೆ",
      "DOWNLOAD_APP": "ಆಪ್ ಡೌನ್‌ಲೋಡ್ ಮಾಡಿ",
      "CREATED_TITLE": "ನಿಮ್ಮ ರಹಸ್ಯ ರಚಿಸಲಾಗಿದೆ",
      "CREATED_SUBTITLE": "ಇದು ಒಂದೇ ವಾರಿಗೆ ಮಾತ್ರ ತೋರಿಸಲಾಗುತ್ತದೆ",
      "CREATED_TITLE_SHARE": "ಲಿಂಕ್ ನಕಲಿಸಿ ಅಥವಾ ಹಂಚಿಕೊಳ್ಳಿ.",
      "CREATED_BUTTON": "ನಕಲಿ",
      "CREATED_CREATE_SECRET": "ಹೊಸ ರಹಸ್ಯವನ್ನು ರಚಿಸಿ",
      "CREATED_BURNSECRET": "ರಹಸ್ಯವನ್ನು ಬಾರ್ನ್ ಮಾಡಿ",
      "URL_COPIED": "URL ನಕಲಿಸಲಾಗಿದೆ."
    },
    "CONFIRMATION": {
      "YOURE_GONNA_BURN_THIS_SECRET": "ನೀವು ಈ ರಹಸ್ಯವನ್ನು ನಾಶಪಡಿಸುತ್ತೀರಿ",
      "SECRET_UNAVAILABLE_TEXT": "ಇದು ಲಭ್ಯವಿಲ್ಲ",
      "BURN_FOREVER": "ಮೆರೆಯಿರಿ ಶಾಶ್ವತ",
      "CANCEL": "ರದ್ದು ಮಾಡಿ"
    },
    "VIEW": {
      "LOGO_TEXT": "ಸ್ಟೆಲ್ಲರ್ ಸೀಕ್ರಟ್",
      "HOW_IT_WORKS": "ಇದು ಹೇಗೆ ಕಾರ್ಯನಿರ್ವಹಿಸುತ್ತದೆ",
      "DOWNLOAD_APP": "ಆಪ್ ಡೌನ್‌ಲೋಡ್ ಮಾಡಿ",
      "WELCOME_MESSAGE": "ನಮಸ್ಕಾರ, ನೀವು ರಹಸ್ಯ ಸಂದೇಶವನ್ನು ಸ್ವೀಕರಿಸಿದ್ದೀರಿ!",
      "INSTRUCTION": "ಮೆಸೇಜ್ ಬರೆಯಿರಿ ಮತ್ತು ಕಳುಹಿಸಿ, ಇದು ಓದಿದ ಮೇಲೆ ಅಳಿಸಲಾಗುತ್ತದೆ.",
      "SHOW_MESSAGE_ONCE": "ಮೀಲು ವೀಕ್ಷಣೆಗೆ ಮಾತ್ರ ತೋರಿಸಲಾಗುತ್ತದೆ <strong>ಒಮ್ಮೆ</strong>",
      "OPEN_SECRET_MESSAGE": "ರಹಸ್ಯ ಸಂದೇಶವನ್ನು ತೆರೆಯಿರಿ",
      "INPUT_PASSPHRASE": "ಪಾಸ್ಪ್ರೇಸ್ ನಮೂದಿಸಿ",
      "PASS_PHRASE_PLACEHOLDER": "ಪಾಸ್ಪ್ರೇಸ್",
      "OPEN_SECRET_BUTTON": "ರಹಸ್ಯ ಸಂದೇಶವನ್ನು ತೆರೆಯಿರಿ",
      "YOUR_SECRET_MESSAGE": "ನಿಮ್ಮ ರಹಸ್ಯ ಸಂದೇಶ",
      "COPY": "ನಕಲಿ",
      "MESSAGE_LABEL": "ಸಂದೇಶ",
      "REPLY": "ಪ್ರತಿಸಂದೇಶ",
      "DOWNLOAD_MESSAGE": "ಮೊಬೈಲ್‌ನಲ್ಲಿ ಸ್ಟೆಲ್ಲರ್ ಸೀಕ್ರಟ್ ಡೌನ್‌ಲೋಡ್ ಮಾಡಿ, ನಿಮ್ಮ ರಹಸ್ಯ ಸಂದೇಶಗಳನ್ನು ರಚಿಸಿ",
      "WITHOUT_TRACE": "ಒಬ್ಬನಿಗೂ ಅನುಸರಣೆಯಿಲ್ಲದೆ.",
      "PRIVACY_PROTECTED": "ಪ್ರೈವೇಸಿ ರಕ್ಷಿತ",
      "ONE_TIME_VIEWABLE": "ಒಮ್ಮೆ ಮಾತ್ರ ವೀಕ್ಷಿಸಬಹುದಾಗಿದೆ",
      "SECURITY_TEXT": "ಸಂಕೇತಿತ, ಸುರಕ್ಷಿತ ಮತ್ತು ರಕ್ಷಿತ",
      "SECURITY_TEXT2": "ಸ್ಟೆಲ್ಲರ್ ಸೆಕ್ಯುರಿಟಿ"
    }
  }
  