{
    "HOME": {
      "HEADER_TITLE": "Stellar Secret",
      "HOW_IT_WORKS": "कसें कार्य करता",
      "DOWNLOAD_APP": "अ‍ॅप डाउनलोड करा",
      
      "ONE_TIME_SECRET_MESSAGING_TITLE": "एकदाचाच गुप्त संदेश",
      "ONE_TIME_SECRET_MESSAGING_SUBTITLE": "गुप्तता शेअर करा, आणि पाच—ते गायब!",
      
      "ENCRYPTED_PROTECTED_BY": "स्टेलर सुरक्षा द्वारा एन्क्रिप्टेड, सुरक्षित आणि संरक्षित",
      "WITHOUT_TRACE_TITLE": "कोणतीही पद्धत नाही",
      "WITHOUT_TRACE_DESCRIPTION": "आम्ही तुमच्या संवेदनशील माहितीचे मजबूतीने संरक्षण करतो. सर्व डेटा क्लायंट-साइडवर एन्क्रिप्टेड आहे. आम्ही तुमचा IP पत्ता, तुम्ही काय शेअर करता किंवा गुप्त लिंक कोणाशी शेअर करता हे माहिती नाही—आणि सर्वात महत्वाचे म्हणजे, सामग्री.",
      
      "PRIVACY_PROTECTED_TITLE": "गुप्तता संरक्षित",
      "PRIVACY_PROTECTED_DESCRIPTION": "तुम्हीच एकटेच त्या गुप्त माहितीचा लिंक माहित असता आणि कोणासोबत तुम्ही ती शेअर करता हे माहित असता. गुप्त तयार करताना, तुम्ही ते अनलॉक करण्यापूर्वी पासवर्ड जोडू शकता. तसेच एक बर्नर-टाइम सेट करणे शक्य आहे. काहीही असो, गुप्तता १४ दिवसांनी हटवली जाईल.",
      
      "END_TO_END_ENCRYPTED_TITLE": "अखेर पर्यंत एन्क्रिप्टेड",
      "END_TO_END_ENCRYPTED_DESCRIPTION": "सर्व लिंक आणि सामग्री क्लायंट-साइडवर हॅश केली जाते, म्हणजेच आम्ही लिंक आणि सामग्री माहिती नाही. प्रत्येक लिंकला ३६ लांबीचा अद्वितीय ID आहे जो एक-मार्गीय एन्क्रिप्शन आहे ज्याद्वारे गुप्त संदेश आणि त्याची सामग्री एईएस-२५६ने एन्क्रिप्टेड आहे.",
      
      "HOW_IT_WORKS_TITLE": "कसें कार्य करता?",
      "STEP_1_TITLE": "तुमचा संदेश लिहा आणि/किंवा पासवर्ड तयार करा",
      "STEP_2_TITLE": "गुप्त लिंक तयार करा",
      "STEP_3_TITLE": "लिंक शेअर करा",
      
      "COMPANY_LOGO_ALT": "कंपनी लोगो",
      
      "SHARE_TITLE": "गुप्त संदेश शेअर करा",
      "SHARE_DESCRIPTION_PART_1": "मस्सेज लिहा आणि पाठवा, ते",
      "SHARE_DESCRIPTION_PART_2": "वाचल्यावर हटवले जाईल.",
      
      "SHARE_BULLET_1": "कोणतीही पद्धत नाही.",
      "SHARE_BULLET_2": "गुप्तता संरक्षित",
      "SHARE_BULLET_3": "एकदाच दृश्य",
      
      "SHARE_ENCRYPTED_BY": "स्टेलर सुरक्षा द्वारा एन्क्रिप्टेड, सुरक्षित आणि संरक्षित",
      
      "SHARE_TEXTAREA_PLACEHOLDER": "तुमचा गुप्त संदेश, पासवर्ड किंवा संवेदनशील माहिती लिहा *",
      "SHARE_OPTIONS": "आवडी",
      
      "SHARE_EMPTY": "काहीच न ठेवा.",
      "SHARE_BUTTON": "गुप्त लिंक तयार करा",
      
      "CREATED_TITLE": "तुमची गुप्तता तयार झाली",
      "CREATED_SUBTITLE": "ते एकदाच दाखवले जाईल",
      
      "CREATED_TITLE_SHARE": "लिंक कॉपी करा किंवा शेअर करा.",
      "CREATED_BUTTON": "कॉपी",
      "CREATED_CREATE_SECRET": "नवीन गुप्तता तयार करा",
      "CREATED_BURNSECRET": "गुप्तता जाळा",
      "URL_COPIED": "URL कॉपी केली गेली.",
      "SHARE_BURNER_TIME": "आयुष्यभर",
      "SHARE_PASS_PHRASE": "पासफ्रेज",
      "VIEW_SECRET": "गुप्तता पाहा"
    },
    "HOWITWORK": {
      "HEADER_TITLE": "Stellar Secret",
      "HOW_IT_WORKS": "कसें कार्य करता",
      "DOWNLOAD_APP": "अ‍ॅप डाउनलोड करा",
      
      "ONE_TIME_SECRET_MESSAGING_TITLE": "एकदाचाच गुप्त संदेश",
      "ONE_TIME_SECRET_MESSAGING_SUBTITLE": "गुप्तता शेअर करा, आणि पाच—ते गायब!",
      
      "ENCRYPTED_PROTECTED_BY": "स्टेलर सुरक्षा द्वारा एन्क्रिप्टेड, सुरक्षित आणि संरक्षित",
      "WITHOUT_TRACE_TITLE": "कोणतीही पद्धत नाही",
      "WITHOUT_TRACE_DESCRIPTION": "आम्ही तुमच्या संवेदनशील माहितीचे मजबूतीने संरक्षण करतो. सर्व डेटा क्लायंट-साइडवर एन्क्रिप्टेड आहे. आम्ही तुमचा IP पत्ता, तुम्ही काय शेअर करता किंवा गुप्त लिंक कोणाशी शेअर करता हे माहिती नाही—आणि सर्वात महत्वाचे म्हणजे, सामग्री.",
      
      "PRIVACY_PROTECTED_TITLE": "गुप्तता संरक्षित",
      "PRIVACY_PROTECTED_DESCRIPTION": "तुम्हीच एकटेच त्या गुप्त माहितीचा लिंक माहित असता आणि कोणासोबत तुम्ही ती शेअर करता हे माहित असता. गुप्त तयार करताना, तुम्ही ते अनलॉक करण्यापूर्वी पासवर्ड जोडू शकता. तसेच एक बर्नर-टाइम सेट करणे शक्य आहे. काहीही असो, गुप्तता १४ दिवसांनी हटवली जाईल.",
      
      "END_TO_END_ENCRYPTED_TITLE": "अखेर पर्यंत एन्क्रिप्टेड",
      "END_TO_END_ENCRYPTED_DESCRIPTION": "सर्व लिंक आणि सामग्री क्लायंट-साइडवर हॅश केली जाते, म्हणजेच आम्ही लिंक आणि सामग्री माहिती नाही. प्रत्येक लिंकला ३६ लांबीचा अद्वितीय ID आहे जो एक-मार्गीय एन्क्रिप्शन आहे ज्याद्वारे गुप्त संदेश आणि त्याची सामग्री एईएस-२५६ने एन्क्रिप्टेड आहे.",
      
      "HOW_IT_WORKS_TITLE": "कसें कार्य करता?",
      "STEP_1_TITLE": "तुमचा संदेश लिहा आणि/किंवा पासवर्ड तयार करा",
      "STEP_2_TITLE": "गुप्त लिंक तयार करा",
      "STEP_3_TITLE": "लिंक शेअर करा",
      
      "COMPANY_LOGO_ALT": "कंपनी लोगो",
      
      "SHARE_TITLE": "गुप्त संदेश शेअर करा",
      "SHARE_DESCRIPTION_PART_1": "मस्सेज लिहा आणि पाठवा, ते",
      "SHARE_DESCRIPTION_PART_2": "वाचल्यावर हटवले जाईल.",
      
      "SHARE_BULLET_1": "कोणतीही पद्धत नाही.",
      "SHARE_BULLET_2": "गुप्तता संरक्षित",
      "SHARE_BULLET_3": "एकदाच दृश्य",
      
      "SHARE_ENCRYPTED_BY": "स्टेलर सुरक्षा द्वारा एन्क्रिप्टेड, सुरक्षित आणि संरक्षित",
      
      "SHARE_TEXTAREA_PLACEHOLDER": "तुमचा गुप्त संदेश, पासवर्ड किंवा संवेदनशील माहिती लिहा *",
      "SHARE_OPTIONS": "आवडी",
      
      "SHARE_EMPTY": "काहीच न ठेवा.",
      "SHARE_BUTTON": "गुप्त लिंक तयार करा",
      
      "CREATED_TITLE": "तुमची गुप्तता तयार झाली",
      "CREATED_SUBTITLE": "ते एकदाच दाखवले जाईल",
      
      "CREATED_TITLE_SHARE": "लिंक कॉपी करा किंवा शेअर करा.",
      "CREATED_BUTTON": "कॉपी",
      "CREATED_CREATE_SECRET": "नवीन गुप्तता तयार करा",
      "CREATED_BURNSECRET": "गुप्तता जाळा",
      "URL_COPIED": "URL कॉपी केली गेली.",
      
      "VIEW_SECRET": "गुप्तता पाहा"
    },
    "CREATEDPAGE": {
      "CREATEDPAGE": "Stellar Secret",
      "HOW_IT_WORKS": "कसें कार्य करता",
      "DOWNLOAD_APP": "अ‍ॅप डाउनलोड करा",
      "CREATED_TITLE": "तुमची गुप्तता तयार झाली",
      "CREATED_SUBTITLE": "ते एकदाच दाखवले जाईल",
      "CREATED_TITLE_SHARE": "लिंक कॉपी करा किंवा शेअर करा.",
      "CREATED_BUTTON": "कॉपी",
      "CREATED_CREATE_SECRET": "नवीन गुप्तता तयार करा",
      "CREATED_BURNSECRET": "गुप्तता जाळा",
      "URL_COPIED": "URL कॉपी केली गेली."
    },
    "CONFIRMATION": {
      "YOURE_GONNA_BURN_THIS_SECRET": "तुम्ही ह्या गुप्ततेला जाळणार आहात",
      "SECRET_UNAVAILABLE_TEXT": "हे आता उपलब्ध राहणार नाही",
      "BURN_FOREVER": "आयुष्यभर जाळा",
      "CANCEL": "रद्द करा"
    },
    "VIEW": {
      "LOGO_TEXT": "Stellar Secret",
      "HOW_IT_WORKS": "कसें कार्य करता",
      "DOWNLOAD_APP": "अ‍ॅप डाउनलोड करा",
      "WELCOME_MESSAGE": "नमस्कार, तुम्हाला एक गुप्त संदेश मिळाला आहे!",
      "INSTRUCTION": "मस्सेज लिहा आणि पाठवा, ते वाचल्यावर हटवले जाईल.",
      "SHOW_MESSAGE_ONCE": "खालील संदेश <strong>एकदाच</strong> दाखवला जाईल",
      "OPEN_SECRET_MESSAGE": "गुप्त संदेश उघडा",
      "INPUT_PASSPHRASE": "पासफ्रेज प्रविष्ट करा",
      "PASS_PHRASE_PLACEHOLDER": "पासफ्रेज",
      "OPEN_SECRET_BUTTON": "गुप्त संदेश उघडा",
      "YOUR_SECRET_MESSAGE": "तुमचा गुप्त संदेश",
      "COPY": "कॉपी",
      "MESSAGE_LABEL": "संदेश",
      "REPLY": "प्रतिक्रिया",
      "DOWNLOAD_MESSAGE": "स्टेलर सीक्रेट मोबाइलवर डाउनलोड करा, तुमचे गुप्त संदेश तयार करा",
      "WITHOUT_TRACE": "कोणतीही पद्धत नाही.",
      "PRIVACY_PROTECTED": "गुप्तता संरक्षित",
      "ONE_TIME_VIEWABLE": "एकदाच दृश्य",
      "SECURITY_TEXT": "एन्क्रिप्टेड, सुरक्षित आणि संरक्षित ",
      "SECURITY_TEXT2": "स्टेलर सुरक्षा"
    }
  }
  