{
    "HOME": {
      "HEADER_TITLE": "Жылдыздуу Жасырын",
      "HOW_IT_WORKS": "Кантип иштейт",
      "DOWNLOAD_APP": "Программаны жүктөө",
      
      "ONE_TIME_SECRET_MESSAGING_TITLE": "Бир жолку Жасырын билдирүү",
      "ONE_TIME_SECRET_MESSAGING_SUBTITLE": "Жасырындарды бөлүшүңүз, жана алардын артынан жок болот!",
      
      "ENCRYPTED_PROTECTED_BY": "Шифрленген, корголгон жана Жылдыздуу Коопсуздук тарабынан корголгон",
      "WITHOUT_TRACE_TITLE": "Изсиз",
      "WITHOUT_TRACE_DESCRIPTION": "Сиздин сезимтал маалыматтарыңызды күчтүү коргоо камсыз кылынышат. Бардык маалыматтар кардар тараптан шифрленет. Биз сиздин IP дарегиңизди, эмнени бөлүшкөнүңүздү же сиздин билдирүү шилтемелериңизди ким менен бөлүшкөнүңүздү билбейбиз - жана эң маанилүүсү, мазмунун билбейбиз.",
      
      "PRIVACY_PROTECTED_TITLE": "Жеке маалымат корголгон",
      "PRIVACY_PROTECTED_DESCRIPTION": "Сиз гана түзгөн жашыруун маалыматтын шилтемесин жана аны ким менен бөлүшкөнүңүздү билесиз. Жасырын түзүүдө, аны ачуу үчүн сырсөз кошо аласыз. Ошондой эле, өрттөө убактысын орнотуу мүмкүн. Ар кандай учурда, жашыруун 14 күндөн кийин жок болот.",
      
      "END_TO_END_ENCRYPTED_TITLE": "Толугу менен шифрленген",
      "END_TO_END_ENCRYPTED_DESCRIPTION": "Бардык шилтемелер жана мазмундар кардар тараптан хештелет, демек биз шилтемени жана мазмунду билбейбиз. Ар бир шилтеме 36 узундуктагы уникалдуу IDге ээ, бул бир жолу шифрленген Secret Message жана анын мазмунуна кирүүгө мүмкүндүк берет, ал AES-256 менен шифрленген.",
      
      "HOW_IT_WORKS_TITLE": "Кантип иштейт?",
      "STEP_1_TITLE": "Сиздин билдирүүңүздү жазыңыз жана/же сырсөз түзүңүз",
      "STEP_2_TITLE": "Жасырын шилтемени түзүңүз",
      "STEP_3_TITLE": "Шилтемени бөлүшүңүз",
      
      "COMPANY_LOGO_ALT": "Компаниянын Логотиби",
      
      "SHARE_TITLE": "Жасырын билдирүүнү бөлүшүңүз",
      "SHARE_DESCRIPTION_PART_1": "Билдирүү жазып жана жиберсеңиз, ал",
      "SHARE_DESCRIPTION_PART_2": "окулгандан кийин жок болот.",
      
      "SHARE_BULLET_1": "Изсиз.",
      "SHARE_BULLET_2": "Жеке маалымат корголгон",
      "SHARE_BULLET_3": "Бир жолу көрүүчү",
      
      "SHARE_ENCRYPTED_BY": "Шифрленген, корголгон жана Жылдыздуу Коопсуздук тарабынан корголгон",
      
      "SHARE_TEXTAREA_PLACEHOLDER": "Жасырын билдирүүңүздү, сырсөздү же сезимтал маалыматты жазыңыз *",
      "SHARE_OPTIONS": "Опциялар",
      
      "SHARE_EMPTY": "Эч нерсе калтырсаңыз болот.",
      "SHARE_BUTTON": "Жасырын шилтемени түзүңүз",
      
      "CREATED_TITLE": "Сиздин Жасырын түзүлдү",
      "CREATED_SUBTITLE": "Ал бир жолу гана көрсөтүлөт",
      
      "CREATED_TITLE_SHARE": "Шилтемени көчүрүп алыныз же бөлүшүңүз.",
      "CREATED_BUTTON": "КОПИЯ",
      "CREATED_CREATE_SECRET": "Жаңы Жасырын түзүңүз",
      "CREATED_BURNSECRET": "Жасырынды өрттөө",
      "URL_COPIED": "URL көчүрүлдү.",
      "SHARE_BURNER_TIME":"Өмүрү",
      "SHARE_PASS_PHRASE":"Сырсөз",
      "VIEW_SECRET": "Жасырынды көрүү"
    },
    "HOWITWORK": {
      "HEADER_TITLE": "Жылдыздуу Жасырын",
      "HOW_IT_WORKS": "Кантип иштейт",
      "DOWNLOAD_APP": "Программаны жүктөө",
      
      "ONE_TIME_SECRET_MESSAGING_TITLE": "Бир жолку Жасырын билдирүү",
      "ONE_TIME_SECRET_MESSAGING_SUBTITLE": "Жасырындарды бөлүшүңүз, жана алардын артынан жок болот!",
      
      "ENCRYPTED_PROTECTED_BY": "Шифрленген, корголгон жана Жылдыздуу Коопсуздук тарабынан корголгон",
      "WITHOUT_TRACE_TITLE": "Изсиз",
      "WITHOUT_TRACE_DESCRIPTION": "Сиздин сезимтал маалыматтарыңызды күчтүү коргоо камсыз кылынышат. Бардык маалыматтар кардар тараптан шифрленет. Биз сиздин IP дарегиңизди, эмнени бөлүшкөнүңүздү же сиздин билдирүү шилтемелериңизди ким менен бөлүшкөнүңүздү билбейбиз - жана эң маанилүүсү, мазмунун билбейбиз.",
      
      "PRIVACY_PROTECTED_TITLE": "Жеке маалымат корголгон",
      "PRIVACY_PROTECTED_DESCRIPTION": "Сиз гана түзгөн жашыруун маалыматтын шилтемесин жана аны ким менен бөлүшкөнүңүздү билесиз. Жасырын түзүүдө, аны ачуу үчүн сырсөз кошо аласыз. Ошондой эле, өрттөө убактысын орнотуу мүмкүн. Ар кандай учурда, жашыруун 14 күндөн кийин жок болот.",
      
      "END_TO_END_ENCRYPTED_TITLE": "Толугу менен шифрленген",
      "END_TO_END_ENCRYPTED_DESCRIPTION": "Бардык шилтемелер жана мазмундар кардар тараптан хештелет, демек биз шилтемени жана мазмунду билбейбиз. Ар бир шилтеме 36 узундуктагы уникалдуу IDге ээ, бул бир жолу шифрленген Secret Message жана анын мазмунуна кирүүгө мүмкүндүк берет, ал AES-256 менен шифрленген.",
      
      "HOW_IT_WORKS_TITLE": "Кантип иштейт?",
      "STEP_1_TITLE": "Сиздин билдирүүңүздү жазыңыз жана/же сырсөз түзүңүз",
      "STEP_2_TITLE": "Жасырын шилтемени түзүңүз",
      "STEP_3_TITLE": "Шилтемени бөлүшүңүз",
      
      "COMPANY_LOGO_ALT": "Компаниянын Логотиби",
      
      "SHARE_TITLE": "Жасырын билдирүүнү бөлүшүңүз",
      "SHARE_DESCRIPTION_PART_1": "Билдирүү жазып жана жиберсеңиз, ал",
      "SHARE_DESCRIPTION_PART_2": "окулгандан кийин жок болот.",
      
      "SHARE_BULLET_1": "Изсиз.",
      "SHARE_BULLET_2": "Жеке маалымат корголгон",
      "SHARE_BULLET_3": "Бир жолу көрүүчү",
      
      "SHARE_ENCRYPTED_BY": "Шифрленген, корголгон жана Жылдыздуу Коопсуздук тарабынан корголгон",
      
      "SHARE_TEXTAREA_PLACEHOLDER": "Жасырын билдирүүңүздү, сырсөздү же сезимтал маалыматты жазыңыз *",
      "SHARE_OPTIONS": "Опциялар",
      
      "SHARE_EMPTY": "Эч нерсе калтырсаңыз болот.",
      "SHARE_BUTTON": "Жасырын шилтемени түзүңүз",
      
      "CREATED_TITLE": "Сиздин Жасырын түзүлдү",
      "CREATED_SUBTITLE": "Ал бир жолу гана көрсөтүлөт",
      
      "CREATED_TITLE_SHARE": "Шилтемени көчүрүп алыныз же бөлүшүңүз.",
      "CREATED_BUTTON": "КОПИЯ",
      "CREATED_CREATE_SECRET": "Жаңы Жасырын түзүңүз",
      "CREATED_BURNSECRET": "Жасырынды өрттөө",
      "URL_COPIED": "URL көчүрүлдү.",
      
      "VIEW_SECRET": "Жасырынды көрүү"
    },
    "CREATEDPAGE": {
      "CREATEDPAGE": "Жылдыздуу Жасырын",
      "HOW_IT_WORKS": "Кантип иштейт",
      "DOWNLOAD_APP": "Программаны жүктөө",
      "CREATED_TITLE": "Сиздин Жасырын түзүлдү",
      "CREATED_SUBTITLE": "Ал бир жолу гана көрсөтүлөт",
      "CREATED_TITLE_SHARE": "Шилтемени көчүрүп алыныз же бөлүшүңүз.",
      "CREATED_BUTTON": "КОПИЯ",
      "CREATED_CREATE_SECRET": "Жаңы Жасырын түзүңүз",
      "CREATED_BURNSECRET": "Жасырынды өрттөө",
      "URL_COPIED": "URL көчүрүлдү."
    },
    "CONFIRMATION": {
      "YOURE_GONNA_BURN_THIS_SECRET": "Сиз бул жашырууну өрттөөнү пландап жатасыз",
      "SECRET_UNAVAILABLE_TEXT": "Бул эми жеткиликсиз болот",
      "BURN_FOREVER": "Өмүрү бойу өрттөө",
      "CANCEL": "Жокко чыгаруу"
    },
    "VIEW":{
      "LOGO_TEXT": "Жылдыздуу Жасырын",
      "HOW_IT_WORKS": "Кантип иштейт",
      "DOWNLOAD_APP": "Программаны жүктөө",
      "WELCOME_MESSAGE": "Салам, сиз жашыруун билдирүү алдыңыз!",
      "INSTRUCTION": "Билдирүү жазып жана жиберсеңиз, ал окулгандан кийин жок болот.",
      "SHOW_MESSAGE_ONCE": "Төмөнкү билдирүү <strong>бир жолу гана</strong> көрсөтүлөт",
      "OPEN_SECRET_MESSAGE": "Жасырын билдирүүнү ачыңыз",
      "INPUT_PASSPHRASE": "Сырсөздү киргизиңиз",
      "PASS_PHRASE_PLACEHOLDER": "Сырсөз",
      "OPEN_SECRET_BUTTON": "Жасырын билдирүүнү ачыңыз",
      "YOUR_SECRET_MESSAGE": "Сиздин Жасырын Билдирүү",
      "COPY": "Көчүрүү",
      "MESSAGE_LABEL": "Билдирүү",
      "REPLY": "Жооп бериңиз",
      "DOWNLOAD_MESSAGE": "Жылдыздуу Жасырынды мобилдик телефондон жүктөп, жашыруун билдирүүлөрдү түзүңүз",
      "WITHOUT_TRACE": "Изсиз.",
      "PRIVACY_PROTECTED": "Жеке маалымат корголгон",
      "ONE_TIME_VIEWABLE": "Бир жолу көрүүчү",
      "SECURITY_TEXT": "Шифрленген, корголгон жана ",
      "SECURITY_TEXT2":"Жылдыздуу Коопсуздук тарабынан"
    }
  }
  