{
    "HOME": {
      "HEADER_TITLE": "Stellar Secretum",
      "HOW_IT_WORKS": "Quomodo operatur",
      "DOWNLOAD_APP": "App Download",
      
      "ONE_TIME_SECRET_MESSAGING_TITLE": "Unicus Secretum Messaging",
      "ONE_TIME_SECRET_MESSAGING_SUBTITLE": "Share secreta, et poof—illae evanescunt!",
      
      "ENCRYPTED_PROTECTED_BY": "Encryptum, tutum et protegendum a Stellar Security",
      "WITHOUT_TRACE_TITLE": "Sine vestigio",
      "WITHOUT_TRACE_DESCRIPTION": "Nos robusta protectio tua sensitiva informationem curamus. Omnes data in clientis parte encrypta sunt. Nescimus tuam IP inscriptionem, quid participes, aut quibuscum secretorum nexus communicetis - et praecipuum, contentum.",
      
      "PRIVACY_PROTECTED_TITLE": "Privatum Protectum",
      "PRIVACY_PROTECTED_DESCRIPTION": "Tu solus scis nexus ad secretam informationem quam creasti et quoscum communicaveris. Cum secretum creans, addere potes password antequam id recludatur. Etiam possibile est tempus combustorum statuere. Quodcumque fiat, secretum post 14 dies deletum erit.",
      
      "END_TO_END_ENCRYPTED_TITLE": "Ab initio ad finem encryptum",
      "END_TO_END_ENCRYPTED_DESCRIPTION": "Omnes nexus et contentum in clientis parte hashantur, significans etiam nos nexum et contentum nescimus. Omnis nexus habet ID unicum longitudinis 36 quod est encryptio unius viae ad Secretum Message et eius contentum accessum, quod encryptum est cum AES-256.",
      
      "HOW_IT_WORKS_TITLE": "Quomodo operatur?",
      "STEP_1_TITLE": "Scribe tuum nuntium et/vel generare password",
      "STEP_2_TITLE": "Crea Secretum Nexus",
      "STEP_3_TITLE": "Share nexus",
      
      "COMPANY_LOGO_ALT": "Company Logo",
      
      "SHARE_TITLE": "Share nuntium secretum",
      "SHARE_DESCRIPTION_PART_1": "Scribe et mitte nuntium, id erit",
      "SHARE_DESCRIPTION_PART_2": "deletum post legere.",
      
      "SHARE_BULLET_1": "Sine vestigio.",
      "SHARE_BULLET_2": "Privatum Protectum",
      "SHARE_BULLET_3": "Unicus visibile",
      
      "SHARE_ENCRYPTED_BY": "Encryptum, tutum et protegendum a Stellar Security",
      
      "SHARE_TEXTAREA_PLACEHOLDER": "Scribe tuum Secretum nuntium, password vel informationem sensibilis *",
      "SHARE_OPTIONS": "Optiones",
      
      "SHARE_EMPTY": "Relinque vacuum pro nullum.",
      "SHARE_BUTTON": "Crea Secretum Nexus",
      
      "CREATED_TITLE": "Tuum Secretum creatum est",
      "CREATED_SUBTITLE": "Solum semel ostendetur",
      
      "CREATED_TITLE_SHARE": "Copia nexus aut share id.",
      "CREATED_BUTTON": "COPIA",
      "CREATED_CREATE_SECRET": "Crea Novum Secretum",
      "CREATED_BURNSECRET": "Combure Secretum",
      "URL_COPIED": "URL copia facta est.",
      "SHARE_BURNER_TIME":"Vitae",
      "SHARE_PASS_PHRASE":"Passphrase",
      "VIEW_SECRET": "Specta Secretum"
    },
    "HOWITWORK": {
      "HEADER_TITLE": "Stellar Secretum",
      "HOW_IT_WORKS": "Quomodo operatur",
      "DOWNLOAD_APP": "App Download",
      
      "ONE_TIME_SECRET_MESSAGING_TITLE": "Unicus Secretum Messaging",
      "ONE_TIME_SECRET_MESSAGING_SUBTITLE": "Share secreta, et poof—illae evanescunt!",
      
      "ENCRYPTED_PROTECTED_BY": "Encryptum, tutum et protegendum a Stellar Security",
      "WITHOUT_TRACE_TITLE": "Sine vestigio",
      "WITHOUT_TRACE_DESCRIPTION": "Nos robusta protectio tua sensitiva informationem curamus. Omnes data in clientis parte encrypta sunt. Nescimus tuam IP inscriptionem, quid participes, aut quibuscum secretorum nexus communicetis - et praecipuum, contentum.",
      
      "PRIVACY_PROTECTED_TITLE": "Privatum Protectum",
      "PRIVACY_PROTECTED_DESCRIPTION": "Tu solus scis nexus ad secretam informationem quam creasti et quoscum communicaveris. Cum secretum creans, addere potes password antequam id recludatur. Etiam possibile est tempus combustorum statuere. Quodcumque fiat, secretum post 14 dies deletum erit.",
      
      "END_TO_END_ENCRYPTED_TITLE": "Ab initio ad finem encryptum",
      "END_TO_END_ENCRYPTED_DESCRIPTION": "Omnes nexus et contentum in clientis parte hashantur, significans etiam nos nexum et contentum nescimus. Omnis nexus habet ID unicum longitudinis 36 quod est encryptio unius viae ad Secretum Message et eius contentum accessum, quod encryptum est cum AES-256.",
      
      "HOW_IT_WORKS_TITLE": "Quomodo operatur?",
      "STEP_1_TITLE": "Scribe tuum nuntium et/vel generare password",
      "STEP_2_TITLE": "Crea Secretum Nexus",
      "STEP_3_TITLE": "Share nexus",
      
      "COMPANY_LOGO_ALT": "Company Logo",
      
      "SHARE_TITLE": "Share nuntium secretum",
      "SHARE_DESCRIPTION_PART_1": "Scribe et mitte nuntium, id erit",
      "SHARE_DESCRIPTION_PART_2": "deletum post legere.",
      
      "SHARE_BULLET_1": "Sine vestigio.",
      "SHARE_BULLET_2": "Privatum Protectum",
      "SHARE_BULLET_3": "Unicus visibile",
      
      "SHARE_ENCRYPTED_BY": "Encryptum, tutum et protegendum a Stellar Security",
      
      "SHARE_TEXTAREA_PLACEHOLDER": "Scribe tuum Secretum nuntium, password vel informationem sensibilis *",
      "SHARE_OPTIONS": "Optiones",
      
      "SHARE_EMPTY": "Relinque vacuum pro nullum.",
      "SHARE_BUTTON": "Crea Secretum Nexus",
      
      "CREATED_TITLE": "Tuum Secretum creatum est",
      "CREATED_SUBTITLE": "Solum semel ostendetur",
      
      "CREATED_TITLE_SHARE": "Copia nexus aut share id.",
      "CREATED_BUTTON": "COPIA",
      "CREATED_CREATE_SECRET": "Crea Novum Secretum",
      "CREATED_BURNSECRET": "Combure Secretum",
      "URL_COPIED": "URL copia facta est.",
      
      "VIEW_SECRET": "Specta Secretum"
    },
    "CREATEDPAGE": {
      "CREATEDPAGE": "Stellar Secretum",
      "HOW_IT_WORKS": "Quomodo operatur",
      "DOWNLOAD_APP": "App Download",
      "CREATED_TITLE": "Tuum Secretum creatum est",
      "CREATED_SUBTITLE": "Solum semel ostendetur",
      "CREATED_TITLE_SHARE": "Copia nexus aut share id.",
      "CREATED_BUTTON": "COPIA",
      "CREATED_CREATE_SECRET": "Crea Novum Secretum",
      "CREATED_BURNSECRET": "Combure Secretum",
      "URL_COPIED": "URL copia facta est."
    },
    "CONFIRMATION": {
      "YOURE_GONNA_BURN_THIS_SECRET": "Hic secretum combures",
      "SECRET_UNAVAILABLE_TEXT": "Non erit iam praesto",
      "BURN_FOREVER": "Combure in aeternum",
      "CANCEL": "Annulla"
    },
    "VIEW": {
      "LOGO_TEXT": "Stellar Secretum",
      "HOW_IT_WORKS": "Quomodo operatur",
      "DOWNLOAD_APP": "App Download",
      "WELCOME_MESSAGE": "Salve, accepisti secretum nuntium!",
      "INSTRUCTION": "Scribe et mitte nuntium, id erit deletum post legere.",
      "SHOW_MESSAGE_ONCE": "Sequentem nuntium ostendetur <strong>solum semel</strong>",
      "OPEN_SECRET_MESSAGE": "Aperi Secretum Nuntium",
      "INPUT_PASSPHRASE": "Input Passphrase",
      "PASS_PHRASE_PLACEHOLDER": "Passphrase",
      "OPEN_SECRET_BUTTON": "Aperi Secretum Nuntium",
      "YOUR_SECRET_MESSAGE": "Tuus Secretum Nuntius",
      "COPY": "Copia",
      "MESSAGE_LABEL": "Nuntius",
      "REPLY": "Responde",
      "DOWNLOAD_MESSAGE": "Download Stellar Secretum in mobili, crea tuos secretorum nuntios",
      "WITHOUT_TRACE": "Sine vestigio.",
      "PRIVACY_PROTECTED": "Privatum Protectum",
      "ONE_TIME_VIEWABLE": "Unicus visibile",
      "SECURITY_TEXT": "Encryptum, tutum et protegendum a ",
      "SECURITY_TEXT2": "Stellar Security"
    }
  }
  