{
    "HOME": {
      "HEADER_TITLE": "Stellar Secret",
      "HOW_IT_WORKS": "Makambo ebeti",
      "DOWNLOAD_APP": "Kokoma App",
      
      "ONE_TIME_SECRET_MESSAGING_TITLE": "Messagerie Secrète à Usage Unique",
      "ONE_TIME_SECRET_MESSAGING_SUBTITLE": "Zwaka masolo, mpe poof—ezangi awa!",
      
      "ENCRYPTED_PROTECTED_BY": "Ekomi, ebotami mpe ekoki na Stellar Security",
      "WITHOUT_TRACE_TITLE": "Na nzela te",
      "WITHOUT_TRACE_DESCRIPTION": "Tozali kokitisa nzela ya makasi mpo na biloko ya makambo ya sika. Bato nyonso balekaki na client-side. Tozali na mayele te pona IP yo, yango okomaki, to ye oyekoli masolo na ba lien - mpe nsima, contenu.",
      
      "PRIVACY_PROTECTED_TITLE": "Hautsa ebotami",
      "PRIVACY_PROTECTED_DESCRIPTION": "Oyo nde ye moko akoyeba lien na makambo ya sika oyo okomaki mpe na ye oyo okotuna yango. Ntango okomaki makambo ya sika, okoki kotola motema pona ekozala liboso ekozala makasi. Lisusu, okoki kotola liboso ya ekolo. Ntango nyonso, makambo ekozala pamba na nsima ya mikolo 14.",
      
      "END_TO_END_ENCRYPTED_TITLE": "End-to-end ebotami",
      "END_TO_END_ENCRYPTED_DESCRIPTION": "Bato nyonso mpe contenu ezali hashé na client-side, yango esengeli te tozala na lien mpe contenu. Lien nyonso ezali na ID unique ya longueur ya 36 oyo ezali one-way encryption pona kokamata Secret Message mpe contenu oyo ebotami na AES-256.",
      
      "HOW_IT_WORKS_TITLE": "Makambo ebeti?",
      "STEP_1_TITLE": "Koma masolo na / to generate motema",
      "STEP_2_TITLE": "Koma Secret Lien",
      "STEP_3_TITLE": "Share lien",
      
      "COMPANY_LOGO_ALT": "Logo ya Kampani",
      
      "SHARE_TITLE": "Share masolo ya sika",
      "SHARE_DESCRIPTION_PART_1": "Koma mpe kenda masolo, ekosala",
      "SHARE_DESCRIPTION_PART_2": "pamba soki esimbi.",
      
      "SHARE_BULLET_1": "Na nzela te.",
      "SHARE_BULLET_2": "Hautsa ebotami",
      "SHARE_BULLET_3": "One-time viewable",
      
      "SHARE_ENCRYPTED_BY": "Ekomi, ebotami mpe ekoki na Stellar Security",
      
      "SHARE_TEXTAREA_PLACEHOLDER": "Koma masolo ya sika, motema to biloko ya makambo *",
      "SHARE_OPTIONS": "Options",
      
      "SHARE_EMPTY": "Suki pona te.",
      "SHARE_BUTTON": "Koma Secret Lien",
      
      "CREATED_TITLE": "Secret na yo esili kosala",
      "CREATED_SUBTITLE": "Ekoyaka kaka mbala moko",
      
      "CREATED_TITLE_SHARE": "Kopisa lien to share yango.",
      "CREATED_BUTTON": "KOPISA",
      "CREATED_CREATE_SECRET": "Koma Secret Sika",
      "CREATED_BURNSECRET": "Kuma Secret",
      "URL_COPIED": "URL esilaki kopisa.",
      "SHARE_BURNER_TIME": "Hautsa",
      "SHARE_PASS_PHRASE": "Passphrase",
      "VIEW_SECRET": "Luka Secret"
    },
    "HOWITWORK": {
      "HEADER_TITLE": "Stellar Secret",
      "HOW_IT_WORKS": "Makambo ebeti",
      "DOWNLOAD_APP": "Kokoma App",
      
      "ONE_TIME_SECRET_MESSAGING_TITLE": "Messagerie Secrète à Usage Unique",
      "ONE_TIME_SECRET_MESSAGING_SUBTITLE": "Zwaka masolo, mpe poof—ezangi awa!",
      
      "ENCRYPTED_PROTECTED_BY": "Ekomi, ebotami mpe ekoki na Stellar Security",
      "WITHOUT_TRACE_TITLE": "Na nzela te",
      "WITHOUT_TRACE_DESCRIPTION": "Tozali kokitisa nzela ya makasi mpo na biloko ya makambo ya sika. Bato nyonso balekaki na client-side. Tozali na mayele te pona IP yo, yango okomaki, to ye oyekoli masolo na ba lien - mpe nsima, contenu.",
      
      "PRIVACY_PROTECTED_TITLE": "Hautsa ebotami",
      "PRIVACY_PROTECTED_DESCRIPTION": "Oyo nde ye moko akoyeba lien na makambo ya sika oyo okomaki mpe na ye oyo okotuna yango. Ntango okomaki makambo ya sika, okoki kotola motema pona ekozala liboso ekozala makasi. Lisusu, okoki kotola liboso ya ekolo. Ntango nyonso, makambo ekozala pamba na nsima ya mikolo 14.",
      
      "END_TO_END_ENCRYPTED_TITLE": "End-to-end ebotami",
      "END_TO_END_ENCRYPTED_DESCRIPTION": "Bato nyonso mpe contenu ezali hashé na client-side, yango esengeli te tozala na lien mpe contenu. Lien nyonso ezali na ID unique ya longueur ya 36 oyo ezali one-way encryption pona kokamata Secret Message mpe contenu oyo ebotami na AES-256.",
      
      "HOW_IT_WORKS_TITLE": "Makambo ebeti?",
      "STEP_1_TITLE": "Koma masolo na / to generate motema",
      "STEP_2_TITLE": "Koma Secret Lien",
      "STEP_3_TITLE": "Share lien",
      
      "COMPANY_LOGO_ALT": "Logo ya Kampani",
      
      "SHARE_TITLE": "Share masolo ya sika",
      "SHARE_DESCRIPTION_PART_1": "Koma mpe kenda masolo, ekosala",
      "SHARE_DESCRIPTION_PART_2": "pamba soki esimbi.",
      
      "SHARE_BULLET_1": "Na nzela te.",
      "SHARE_BULLET_2": "Hautsa ebotami",
      "SHARE_BULLET_3": "One-time viewable",
      
      "SHARE_ENCRYPTED_BY": "Ekomi, ebotami mpe ekoki na Stellar Security",
      
      "SHARE_TEXTAREA_PLACEHOLDER": "Koma masolo ya sika, motema to biloko ya makambo *",
      "SHARE_OPTIONS": "Options",
      
      "SHARE_EMPTY": "Suki pona te.",
      "SHARE_BUTTON": "Koma Secret Lien",
      
      "CREATED_TITLE": "Secret na yo esili kosala",
      "CREATED_SUBTITLE": "Ekoyaka kaka mbala moko",
      
      "CREATED_TITLE_SHARE": "Kopisa lien to share yango.",
      "CREATED_BUTTON": "KOPISA",
      "CREATED_CREATE_SECRET": "Koma Secret Sika",
      "CREATED_BURNSECRET": "Kuma Secret",
      "URL_COPIED": "URL esilaki kopisa.",
      
      "VIEW_SECRET": "Luka Secret"
    },
    "CREATEDPAGE": {
      "CREATEDPAGE": "Stellar Secret",
      "HOW_IT_WORKS": "Makambo ebeti",
      "DOWNLOAD_APP": "Kokoma App",
      "CREATED_TITLE": "Secret na yo esili kosala",
      "CREATED_SUBTITLE": "Ekoyaka kaka mbala moko",
      "CREATED_TITLE_SHARE": "Kopisa lien to share yango.",
      "CREATED_BUTTON": "KOPISA",
      "CREATED_CREATE_SECRET": "Koma Secret Sika",
      "CREATED_BURNSECRET": "Kuma Secret",
      "URL_COPIED": "URL esilaki kopisa."
    },
    "CONFIRMATION": {
      "YOURE_GONNA_BURN_THIS_SECRET": "Otokoma Secret oyo",
      "SECRET_UNAVAILABLE_TEXT": "Ekosila kozala na nzela",
      "BURN_FOREVER": "Kuma Libela",
      "CANCEL": "Kangola"
    },
    "VIEW": {
      "LOGO_TEXT": "Stellar Secret",
      "HOW_IT_WORKS": "Makambo ebeti",
      "DOWNLOAD_APP": "Kokoma App",
      "WELCOME_MESSAGE": "Mbote, o received masolo ya sika!",
      "INSTRUCTION": "Koma mpe kenda masolo, ekosala pamba soki esimbi.",
      "SHOW_MESSAGE_ONCE": "Masolo oyo ekoyaka <strong>mbala moko</strong> kaka",
      "OPEN_SECRET_MESSAGE": "Luka Masolo ya Sika",
      "INPUT_PASSPHRASE": "Koma Passphrase",
      "PASS_PHRASE_PLACEHOLDER": "Passphrase",
      "OPEN_SECRET_BUTTON": "Luka Masolo ya Sika",
      "YOUR_SECRET_MESSAGE": "Masolo ya Sika na Yo",
      "COPY": "Kopisa",
      "MESSAGE_LABEL": "Masolo",
      "REPLY": "Bokabola",
      "DOWNLOAD_MESSAGE": "Kokoma Stellar Secret na mobile, komaka masolo ya sika",
      "WITHOUT_TRACE": "Na nzela te.",
      "PRIVACY_PROTECTED": "Hautsa ebotami",
      "ONE_TIME_VIEWABLE": "One-time viewable",
      "SECURITY_TEXT": "Ekomi, ebotami mpe ekoki na ",
      "SECURITY_TEXT2": "Stellar Security"
    }
  }
  