{
    "HOME": {
      "HEADER_TITLE": "स्टेलर सीक्रेट",
      "HOW_IT_WORKS": "केना काज करैत अछि",
      "DOWNLOAD_APP": "ऐप डाउनलोड करू",
      
      "ONE_TIME_SECRET_MESSAGING_TITLE": "एक-समय के सीक्रेट मैसेजिंग",
      "ONE_TIME_SECRET_MESSAGING_SUBTITLE": "गोपन बातें शेयर करू, आ हँसी—ओ सब गायब भऽ जाएत अछि!",
      
      "ENCRYPTED_PROTECTED_BY": "स्टेलर सुरक्षा द्वारा एन्क्रिप्टेड, सुरक्षित आ संरक्षित",
      "WITHOUT_TRACE_TITLE": "कोनो निशान बिना",
      "WITHOUT_TRACE_DESCRIPTION": "हम अहांक संवेदनशील जानकारीक मजबूती सँ रक्षा सुनिश्चित करैत छी। सभ डेटा क्लाइंट-साइड पर एन्क्रिप्टेड अछि। हम अहाँक IP पता नहि जानैत छी, अहाँ की साझा करैत छी, वा ककरा संग साझा करैत छी, से नहि जानैत छी - आ सबसे महत्वपूर्ण, सामग्री सेहो।",
      
      "PRIVACY_PROTECTED_TITLE": "गोपनीयता संरक्षित",
      "PRIVACY_PROTECTED_DESCRIPTION": "अहाँ मात्र एक मात्र व्यक्ति छी जे जानैत छी जे सीक्रेट जानकारीक लिंक कऽ के संग साझा कएल गेल अछि। एक सीक्रेट बनाएलाक समय, अहाँ एक पासवर्ड जोड़ि सकैत छी जे Unlock करऽ सँ पहिले जरूरी अछि। साथे एक बर्नर-टाइम सेट करबाक विकल्प सेहो अछि। कोनो परिस्थिति में, एक सीक्रेट 14 दिनक बाद मेटा देल जायत।",
      
      "END_TO_END_ENCRYPTED_TITLE": "एंड-टू-एंड एन्क्रिप्टेड",
      "END_TO_END_ENCRYPTED_DESCRIPTION": "सभ लिंक आ सामग्री क्लाइंट-साइड पर हैश कएल जायत अछि, मतलब हम सेहो लिंक आ सामग्री नहि जानैत छी। प्रत्येक लिंक एक अद्वितीय ID के लम्बाई 36 में होइत अछि जे एक-तरफा एन्क्रिप्शन अछि ताकि सीक्रेट मैसेज आ ओकर सामग्री जे AES-256 सँ एन्क्रिप्टेड अछि, ओकरा एक्सेस कएल जा सकय।",
      
      "HOW_IT_WORKS_TITLE": "केना काज करैत अछि?",
      "STEP_1_TITLE": "अपन मैसेज लिखू आ/वा पासवर्ड जनरेट करू",
      "STEP_2_TITLE": "सीक्रेट लिंक बनाऊ",
      "STEP_3_TITLE": "लिंक साझा करू",
      
      "COMPANY_LOGO_ALT": "कंपनी लोगो",
      
      "SHARE_TITLE": "एक सीक्रेट मैसेज साझा करू",
      "SHARE_DESCRIPTION_PART_1": "मैसेज लिखू आ पठाऊ, से",
      "SHARE_DESCRIPTION_PART_2": "पढ़लाक बाद मेटा देल जायत।",
      
      "SHARE_BULLET_1": "कोनो निशान बिना।",
      "SHARE_BULLET_2": "गोपनीयता संरक्षित",
      "SHARE_BULLET_3": "एक-समय में देखल जा सकैत अछि",
      
      "SHARE_ENCRYPTED_BY": "स्टेलर सुरक्षा द्वारा एन्क्रिप्टेड, सुरक्षित आ संरक्षित",
      
      "SHARE_TEXTAREA_PLACEHOLDER": "अपन सीक्रेट मैसेज, पासवर्ड वा संवेदनशील जानकारी लिखू *",
      "SHARE_OPTIONS": "विकल्प",
      
      "SHARE_EMPTY": "कोनो नहि के लेल खाली छोड़ू।",
      "SHARE_BUTTON": "सीक्रेट लिंक बनाएल जाए",
      
      "CREATED_TITLE": "आपन सीक्रेट बनल",
      "CREATED_SUBTITLE": "ई केवल एक बेर देखायल जायत",
      
      "CREATED_TITLE_SHARE": "लिंक कॉपी करू वा साझा करू।",
      "CREATED_BUTTON": "कॉपी",
      "CREATED_CREATE_SECRET": "नव सीक्रेट बनाऊ",
      "CREATED_BURNSECRET": "सीक्रेट जलाऊ",
      "URL_COPIED": "URL कॉपी कएल गेल अछि।",
      "SHARE_BURNER_TIME":"जीवनकाल",
      "SHARE_PASS_PHRASE":"पासफ़्रेज़",
      "VIEW_SECRET": "सीक्रेट देखू"
    },
    "HOWITWORK": {
      "HEADER_TITLE": "स्टेलर सीक्रेट",
      "HOW_IT_WORKS": "केना काज करैत अछि",
      "DOWNLOAD_APP": "ऐप डाउनलोड करू",
      
      "ONE_TIME_SECRET_MESSAGING_TITLE": "एक-समय के सीक्रेट मैसेजिंग",
      "ONE_TIME_SECRET_MESSAGING_SUBTITLE": "गोपन बातें शेयर करू, आ हँसी—ओ सब गायब भऽ जाएत अछि!",
      
      "ENCRYPTED_PROTECTED_BY": "स्टेलर सुरक्षा द्वारा एन्क्रिप्टेड, सुरक्षित आ संरक्षित",
      "WITHOUT_TRACE_TITLE": "कोनो निशान बिना",
      "WITHOUT_TRACE_DESCRIPTION": "हम अहांक संवेदनशील जानकारीक मजबूती सँ रक्षा सुनिश्चित करैत छी। सभ डेटा क्लाइंट-साइड पर एन्क्रिप्टेड अछि। हम अहाँक IP पता नहि जानैत छी, अहाँ की साझा करैत छी, वा ककरा संग साझा करैत छी, से नहि जानैत छी - आ सबसे महत्वपूर्ण, सामग्री सेहो।",
      
      "PRIVACY_PROTECTED_TITLE": "गोपनीयता संरक्षित",
      "PRIVACY_PROTECTED_DESCRIPTION": "अहाँ मात्र एक मात्र व्यक्ति छी जे जानैत छी जे सीक्रेट जानकारीक लिंक कऽ के संग साझा कएल गेल अछि। एक सीक्रेट बनाएलाक समय, अहाँ एक पासवर्ड जोड़ि सकैत छी जे Unlock करऽ सँ पहिले जरूरी अछि। साथे एक बर्नर-टाइम सेट करबाक विकल्प सेहो अछि। कोनो परिस्थिति में, एक सीक्रेट 14 दिनक बाद मेटा देल जायत।",
      
      "END_TO_END_ENCRYPTED_TITLE": "एंड-टू-एंड एन्क्रिप्टेड",
      "END_TO_END_ENCRYPTED_DESCRIPTION": "सभ लिंक आ सामग्री क्लाइंट-साइड पर हैश कएल जायत अछि, मतलब हम सेहो लिंक आ सामग्री नहि जानैत छी। प्रत्येक लिंक एक अद्वितीय ID के लम्बाई 36 में होइत अछि जे एक-तरफा एन्क्रिप्शन अछि ताकि सीक्रेट मैसेज आ ओकर सामग्री जे AES-256 सँ एन्क्रिप्टेड अछि, ओकरा एक्सेस कएल जा सकय।",
      
      "HOW_IT_WORKS_TITLE": "केना काज करैत अछि?",
      "STEP_1_TITLE": "अपन मैसेज लिखू आ/वा पासवर्ड जनरेट करू",
      "STEP_2_TITLE": "सीक्रेट लिंक बनाऊ",
      "STEP_3_TITLE": "लिंक साझा करू",
      
      "COMPANY_LOGO_ALT": "कंपनी लोगो",
      
      "SHARE_TITLE": "एक सीक्रेट मैसेज साझा करू",
      "SHARE_DESCRIPTION_PART_1": "मैसेज लिखू आ पठाऊ, से",
      "SHARE_DESCRIPTION_PART_2": "पढ़लाक बाद मेटा देल जायत।",
      
      "SHARE_BULLET_1": "कोनो निशान बिना।",
      "SHARE_BULLET_2": "गोपनीयता संरक्षित",
      "SHARE_BULLET_3": "एक-समय में देखल जा सकैत अछि",
      
      "SHARE_ENCRYPTED_BY": "स्टेलर सुरक्षा द्वारा एन्क्रिप्टेड, सुरक्षित आ संरक्षित",
      
      "SHARE_TEXTAREA_PLACEHOLDER": "अपन सीक्रेट मैसेज, पासवर्ड वा संवेदनशील जानकारी लिखू *",
      "SHARE_OPTIONS": "विकल्प",
      
      "SHARE_EMPTY": "कोनो नहि के लेल खाली छोड़ू।",
      "SHARE_BUTTON": "सीक्रेट लिंक बनाएल जाए",
      
      "CREATED_TITLE": "आपन सीक्रेट बनल",
      "CREATED_SUBTITLE": "ई केवल एक बेर देखायल जायत",
      
      "CREATED_TITLE_SHARE": "लिंक कॉपी करू वा साझा करू।",
      "CREATED_BUTTON": "कॉपी",
      "CREATED_CREATE_SECRET": "नव सीक्रेट बनाऊ",
      "CREATED_BURNSECRET": "सीक्रेट जलाऊ",
      "URL_COPIED": "URL कॉपी कएल गेल अछि।",
      
      "VIEW_SECRET": "सीक्रेट देखू"
    },
    "CREATEDPAGE": {
      "CREATEDPAGE": "स्टेलर सीक्रेट",
      "HOW_IT_WORKS": "केना काज करैत अछि",
      "DOWNLOAD_APP": "ऐप डाउनलोड करू",
      "CREATED_TITLE": "आपन सीक्रेट बनल",
      "CREATED_SUBTITLE": "ई केवल एक बेर देखायल जायत",
      "CREATED_TITLE_SHARE": "लिंक कॉपी करू वा साझा करू।",
      "CREATED_BUTTON": "कॉपी",
      "CREATED_CREATE_SECRET": "नव सीक्रेट बनाऊ",
      "CREATED_BURNSECRET": "सीक्रेट जलाऊ",
      "URL_COPIED": "URL कॉपी कएल गेल अछि।"
    },
    "CONFIRMATION": {
      "YOURE_GONNA_BURN_THIS_SECRET": "अहाँ एहि सीक्रेट केँ जला रहल छी",
      "SECRET_UNAVAILABLE_TEXT": "ई अब उपलब्ध नहि होयत",
      "BURN_FOREVER": "सदा लेल जलाऊ",
      "CANCEL": "रद्द करू"
    },
    "VIEW": {
      "LOGO_TEXT": "स्टेलर सीक्रेट",
      "HOW_IT_WORKS": "केना काज करैत अछि",
      "DOWNLOAD_APP": "ऐप डाउनलोड करू",
      "WELCOME_MESSAGE": "नमस्कार, अहाँ एक सीक्रेट मैसेज प्राप्त कएल अछि!",
      "INSTRUCTION": "मैसेज लिखू आ पठाऊ, से पढ़लाक बाद मेटा देल जायत।",
      "SHOW_MESSAGE_ONCE": "नीचे वाला मैसेज केवल <strong>एक बेर</strong> देखायल जायत",
      "OPEN_SECRET_MESSAGE": "सीक्रेट मैसेज खोलू",
      "INPUT_PASSPHRASE": "पासफ़्रेज़ डालू",
      "PASS_PHRASE_PLACEHOLDER": "पासफ़्रेज़",
      "OPEN_SECRET_BUTTON": "सीक्रेट मैसेज खोलू",
      "YOUR_SECRET_MESSAGE": "आपन सीक्रेट मैसेज",
      "COPY": "कॉपी",
      "MESSAGE_LABEL": "मैसेज",
      "REPLY": "जवाब दियऽ",
      "DOWNLOAD_MESSAGE": "मोबाइल पर स्टेलर सीक्रेट डाउनलोड करू, अपन सीक्रेट मैसेज बनाऊ",
      "WITHOUT_TRACE": "कोनो निशान बिना।",
      "PRIVACY_PROTECTED": "गोपनीयता संरक्षित",
      "ONE_TIME_VIEWABLE": "एक-समय में देखल जा सकैत अछि",
      "SECURITY_TEXT": "एन्क्रिप्टेड, सुरक्षित आ संरक्षित ",
      "SECURITY_TEXT2": "स्टेलर सुरक्षा द्वारा"
    }
  }
  