{
    "HOME": {
      "HEADER_TITLE": "Stellar Secret",
      "HOW_IT_WORKS": "Ahoana ny fomba fiasany",
      "DOWNLOAD_APP": "Alaina ny App",
      
      "ONE_TIME_SECRET_MESSAGING_TITLE": "Hafatra miafina iray fotoana",
      "ONE_TIME_SECRET_MESSAGING_SUBTITLE": "Zarao ny tsiambaratelo, ary ho lasa ny zava-drehetra!",
      
      "ENCRYPTED_PROTECTED_BY": "Voahodidin'ny Stellar Security, voaaro sy voaaro",
      "WITHOUT_TRACE_TITLE": "Tsy misy sisa",
      "WITHOUT_TRACE_DESCRIPTION": "Miantoka ny fiarovana matanjaka ny mombamomba anao manan-danja izahay. Ny angona rehetra dia voahodina amin'ny lafiny mpanjifa. Tsy fantatray ny adiresy IP anao, izay zarainao, na iza no zarainao ny rohy tsiambaratelo - ary ny zava-dehibe indrindra, ny votoaty.",
      
      "PRIVACY_PROTECTED_TITLE": "Fiarovana ny tsiambaratelo",
      "PRIVACY_PROTECTED_DESCRIPTION": "Ianao irery no mahafantatra ny rohy mankany amin'ny vaovao miafina noforoninao sy iza no zarainao amin'izany. Raha manangana tsiambaratelo ianao, dia azonao atao ny manampy tenimiafina alohan'ny ahafahanao manokatra azy. Azo atao koa ny mametraka fotoana fanalan-tahaka. Na inona na inona, ho voafafa ny tsiambaratelo aorian'ny 14 andro.",
      
      "END_TO_END_ENCRYPTED_TITLE": "Voahodina manontolo",
      "END_TO_END_ENCRYPTED_DESCRIPTION": "Ny rohy sy ny votoaty rehetra dia voadika amin'ny lafiny mpanjifa, midika izany fa na izahay aza dia tsy mahafantatra ny rohy sy ny votoaty. Ny rohy tsirairay dia manana ID tokana misy halavan'ny 36 izay dikan-teny iray-handehanana mba hahafahanao miditra amin'ny Hafatra Tsiambaratelo sy ny votoatiny izay voahodidin'ny AES-256.",
      
      "HOW_IT_WORKS_TITLE": "Ahoana ny fomba fiasany?",
      "STEP_1_TITLE": "Soraty ny hafatrao sy/na amboary ny tenimiafina",
      "STEP_2_TITLE": "Mametraha Rohy Tsiambaratelo",
      "STEP_3_TITLE": "Zarao ny rohy",
      
      "COMPANY_LOGO_ALT": "Sary famantarana ny orinasa",
      
      "SHARE_TITLE": "Zarao hafatra tsiambaratelo",
      "SHARE_DESCRIPTION_PART_1": "Soraty sy alefaso ny hafatra, dia",
      "SHARE_DESCRIPTION_PART_2": "ho voafafa rehefa vakiana.",
      
      "SHARE_BULLET_1": "Tsy misy sisa.",
      "SHARE_BULLET_2": "Fiarovana ny tsiambaratelo",
      "SHARE_BULLET_3": "Azo jerena indray mandeha",
      
      "SHARE_ENCRYPTED_BY": "Voahodidin'ny Stellar Security, voaaro sy voaaro",
      
      "SHARE_TEXTAREA_PLACEHOLDER": "Soraty ny Hafatrao tsiambaratelo, tenimiafina na mombamomba manan-danja *",
      "SHARE_OPTIONS": "Safidy",
      
      "SHARE_EMPTY": "Avela tsy misy raha tsy misy.",
      "SHARE_BUTTON": "Mametraha Rohy Tsiambaratelo",
      
      "CREATED_TITLE": "Noforonina ny tsiambarateloo",
      "CREATED_SUBTITLE": "Ho aseho indray mandeha ihany",
      
      "CREATED_TITLE_SHARE": "Apetraho ny rohy na zarao izany.",
      "CREATED_BUTTON": "KOPIA",
      "CREATED_CREATE_SECRET": "Mametraha Tsiambaratelo Vaovao",
      "CREATED_BURNSECRET": "Afohy ny Tsiambaratelo",
      "URL_COPIED": "Nokopihina ny URL.",
      "SHARE_BURNER_TIME":"Fahaizana",
      "SHARE_PASS_PHRASE":"Fitenenana",
      "VIEW_SECRET": "Jereo ny Tsiambaratelo"
    },
    "HOWITWORK": {
      "HEADER_TITLE": "Stellar Secret",
      "HOW_IT_WORKS": "Ahoana ny fomba fiasany",
      "DOWNLOAD_APP": "Alaina ny App",
      
      "ONE_TIME_SECRET_MESSAGING_TITLE": "Hafatra miafina iray fotoana",
      "ONE_TIME_SECRET_MESSAGING_SUBTITLE": "Zarao ny tsiambaratelo, ary ho lasa ny zava-drehetra!",
      
      "ENCRYPTED_PROTECTED_BY": "Voahodidin'ny Stellar Security, voaaro sy voaaro",
      "WITHOUT_TRACE_TITLE": "Tsy misy sisa",
      "WITHOUT_TRACE_DESCRIPTION": "Miantoka ny fiarovana matanjaka ny mombamomba anao manan-danja izahay. Ny angona rehetra dia voahodina amin'ny lafiny mpanjifa. Tsy fantatray ny adiresy IP anao, izay zarainao, na iza no zarainao ny rohy tsiambaratelo - ary ny zava-dehibe indrindra, ny votoaty.",
      
      "PRIVACY_PROTECTED_TITLE": "Fiarovana ny tsiambaratelo",
      "PRIVACY_PROTECTED_DESCRIPTION": "Ianao irery no mahafantatra ny rohy mankany amin'ny vaovao miafina noforoninao sy iza no zarainao amin'izany. Raha manangana tsiambaratelo ianao, dia azonao atao ny manampy tenimiafina alohan'ny ahafahanao manokatra azy. Azo atao koa ny mametraka fotoana fanalan-tahaka. Na inona na inona, ho voafafa ny tsiambaratelo aorian'ny 14 andro.",
      
      "END_TO_END_ENCRYPTED_TITLE": "Voahodina manontolo",
      "END_TO_END_ENCRYPTED_DESCRIPTION": "Ny rohy sy ny votoaty rehetra dia voadika amin'ny lafiny mpanjifa, midika izany fa na izahay aza dia tsy mahafantatra ny rohy sy ny votoaty. Ny rohy tsirairay dia manana ID tokana misy halavan'ny 36 izay dikan-teny iray-handehanana mba hahafahanao miditra amin'ny Hafatra Tsiambaratelo sy ny votoatiny izay voahodidin'ny AES-256.",
      
      "HOW_IT_WORKS_TITLE": "Ahoana ny fomba fiasany?",
      "STEP_1_TITLE": "Soraty ny hafatrao sy/na amboary ny tenimiafina",
      "STEP_2_TITLE": "Mametraha Rohy Tsiambaratelo",
      "STEP_3_TITLE": "Zarao ny rohy",
      
      "COMPANY_LOGO_ALT": "Sary famantarana ny orinasa",
      
      "SHARE_TITLE": "Zarao hafatra tsiambaratelo",
      "SHARE_DESCRIPTION_PART_1": "Soraty sy alefaso ny hafatra, dia",
      "SHARE_DESCRIPTION_PART_2": "ho voafafa rehefa vakiana.",
      
      "SHARE_BULLET_1": "Tsy misy sisa.",
      "SHARE_BULLET_2": "Fiarovana ny tsiambaratelo",
      "SHARE_BULLET_3": "Azo jerena indray mandeha",
      
      "SHARE_ENCRYPTED_BY": "Voahodidin'ny Stellar Security, voaaro sy voaaro",
      
      "SHARE_TEXTAREA_PLACEHOLDER": "Soraty ny Hafatrao tsiambaratelo, tenimiafina na mombamomba manan-danja *",
      "SHARE_OPTIONS": "Safidy",
      
      "SHARE_EMPTY": "Avela tsy misy raha tsy misy.",
      "SHARE_BUTTON": "Mametraha Rohy Tsiambaratelo",
      
      "CREATED_TITLE": "Noforonina ny tsiambarateloo",
      "CREATED_SUBTITLE": "Ho aseho indray mandeha ihany",
      
      "CREATED_TITLE_SHARE": "Apetraho ny rohy na zarao izany.",
      "CREATED_BUTTON": "KOPIA",
      "CREATED_CREATE_SECRET": "Mametraha Tsiambaratelo Vaovao",
      "CREATED_BURNSECRET": "Afohy ny Tsiambaratelo",
      "URL_COPIED": "Nokopihina ny URL.",
      
      "VIEW_SECRET": "Jereo ny Tsiambaratelo"
    },
    "CREATEDPAGE": {
      "CREATEDPAGE": "Stellar Secret",
      "HOW_IT_WORKS": "Ahoana ny fomba fiasany",
      "DOWNLOAD_APP": "Alaina ny App",
      "CREATED_TITLE": "Noforonina ny tsiambarateloo",
      "CREATED_SUBTITLE": "Ho aseho indray mandeha ihany",
      "CREATED_TITLE_SHARE": "Apetraho ny rohy na zarao izany.",
      "CREATED_BUTTON": "KOPIA",
      "CREATED_CREATE_SECRET": "Mametraha Tsiambaratelo Vaovao",
      "CREATED_BURNSECRET": "Afohy ny Tsiambaratelo",
      "URL_COPIED": "Nokopihina ny URL."
    },
    "CONFIRMATION": {
      "YOURE_GONNA_BURN_THIS_SECRET": "Hafangaro ianao ity tsiambaratelo ity",
      "SECRET_UNAVAILABLE_TEXT": "Tsy ho afaka mahazo izany intsony",
      "BURN_FOREVER": "Afohy mandrakizay",
      "CANCEL": "Afohy"
    },
    "VIEW": {
      "LOGO_TEXT": "Stellar Secret",
      "HOW_IT_WORKS": "Ahoana ny fomba fiasany",
      "DOWNLOAD_APP": "Alaina ny App",
      "WELCOME_MESSAGE": "Manao ahoana, nahazo hafatra tsiambaratelo ianao!",
      "INSTRUCTION": "Soraty sy alefaso ny hafatra, dia ho voafafa rehefa vakiana.",
      "SHOW_MESSAGE_ONCE": "Ny hafatra manaraka dia ho aseho <strong>indray mandeha ihany</strong>",
      "OPEN_SECRET_MESSAGE": "Sokafy ny Hafatra Tsiambaratelo",
      "INPUT_PASSPHRASE": "Ampidiro ny Fitenenana",
      "PASS_PHRASE_PLACEHOLDER": "Fitenenana",
      "OPEN_SECRET_BUTTON": "Sokafy ny Hafatra Tsiambaratelo",
      "YOUR_SECRET_MESSAGE": "Ny Hafatrao Tsiambaratelo",
      "COPY": "KOPIA",
      "MESSAGE_LABEL": "Hafatra",
      "REPLY": "Valio",
      "DOWNLOAD_MESSAGE": "Alaina ny Stellar Secret amin'ny finday, mamorona ny hafatra tsiambarateloo",
      "WITHOUT_TRACE": "Tsy misy sisa.",
      "PRIVACY_PROTECTED": "Fiarovana ny tsiambaratelo",
      "ONE_TIME_VIEWABLE": "Azo jerena indray mandeha",
      "SECURITY_TEXT": "Voahodidin'ny ",
      "SECURITY_TEXT2":"Stellar Security"
    }
  }
  