{
    "HOME": {
      "HEADER_TITLE": "Stellar Secret",
      "HOW_IT_WORKS": "Me pēhea te mahi",
      "DOWNLOAD_APP": "Tāpiri App",
      
      "ONE_TIME_SECRET_MESSAGING_TITLE": "Rapu Tūmataiti Kotahi Rā",
      "ONE_TIME_SECRET_MESSAGING_SUBTITLE": "Tāpiri tūmataiti, ā, ka ngaro—kāore e kitea!",
      
      "ENCRYPTED_PROTECTED_BY": "Kia whakamarūhia, whakawhāiti, ā, tiakina e Stellar Security",
      "WITHOUT_TRACE_TITLE": "Kāore he tohu",
      "WITHOUT_TRACE_DESCRIPTION": "Ka mōhiotia e mātou te tiaki kaha o tō mōhiohio pēnei. Katoa ngā raraunga e whakamōhiotia ana i runga i te taha kiritaki. Kāore e mōhiotia e mātou tō IP wāhitau, he aha tāu e tohatoha ana, ā, nā wai e tohatoha ana i ngā hono tūmataiti - ā, te mea nui, te kōrero.",
      
      "PRIVACY_PROTECTED_TITLE": "Tiakina te Tūmataiti",
      "PRIVACY_PROTECTED_DESCRIPTION": "Ko koe anake e mōhio ana ki te hono ki ngā mōhiohio tūmataiti i hangaia e koe me nā wai e tohatoha ana. I te waihanga i te tūmataiti, ka taea e koe te tāpiri i te kupu huna i mua i te taea te whakatuwhera. Ka taea hoki te tautuhi i te wā kāinga. Ahakoa te aha, ka mōhiotia te tūmataiti i muri i ngā rā 14.",
      
      "END_TO_END_ENCRYPTED_TITLE": "Whakamōhiotia i runga i te taha katoa",
      "END_TO_END_ENCRYPTED_DESCRIPTION": "Katoa ngā hono me ngā kōrero e hangaia ana i runga i te taha kiritaki, ā, ahakoa kāore mātou e mōhio ana ki te hono me te kōrero. Kāore e whai ID ahurei o te roa 36 mō ia hono he whakamōhiotanga kotahi hei āhei ki te uru ki te Tūmataiti Kōrero me te kōrero e whakamōhiotia ana me AES-256.",
      
      "HOW_IT_WORKS_TITLE": "Me pēhea te mahi?",
      "STEP_1_TITLE": "Tuhia tō karere me/ēnei whakaaturanga kupu huna",
      "STEP_2_TITLE": "Hanga Hono Tūmataiti",
      "STEP_3_TITLE": "Tāpirihia te hono",
      
      "COMPANY_LOGO_ALT": "Tāruarua Kamupene",
      
      "SHARE_TITLE": "Tāpiri kōrero tūmataiti",
      "SHARE_DESCRIPTION_PART_1": "Tuhia me tuku te karere, ka",
      "SHARE_DESCRIPTION_PART_2": "ngaro i muri i te pānui.",
      
      "SHARE_BULLET_1": "Kāore he tohu.",
      "SHARE_BULLET_2": "Tiakina te Tūmataiti",
      "SHARE_BULLET_3": "Tēnei ka kitea kotahi anake",
      
      "SHARE_ENCRYPTED_BY": "Kia whakamarūhia, whakawhāiti, ā, tiakina e Stellar Security",
      
      "SHARE_TEXTAREA_PLACEHOLDER": "Tuhia tō Tūmataiti karere, kupu huna, rongoā mōhiohio *",
      "SHARE_OPTIONS": "Ngā kōwhiringa",
      
      "SHARE_EMPTY": "Tāpirihia te hōhā mō te kore.",
      "SHARE_BUTTON": "Hanga Hono Tūmataiti",
      
      "CREATED_TITLE": "I hangaia tō Tūmataiti",
      "CREATED_SUBTITLE": "Ka kitea anake i te wā kotahi",
      
      "CREATED_TITLE_SHARE": "Tāpiri te hono ki te kōpī.",
      "CREATED_BUTTON": "KŌPĪ",
      "CREATED_CREATE_SECRET": "Hanga Tūmataiti Hou",
      "CREATED_BURNSECRET": "Spūnaku Tūmataiti",
      "URL_COPIED": "Kua kōpīhia te URL.",
      "SHARE_BURNER_TIME":"Wā Ora",
      "SHARE_PASS_PHRASE":"Kupu Huna",
      "VIEW_SECRET": "Tirohia te Tūmataiti"
    },
    "HOWITWORK": {
      "HEADER_TITLE": "Stellar Secret",
      "HOW_IT_WORKS": "Me pēhea te mahi",
      "DOWNLOAD_APP": "Tāpiri App",
      
      "ONE_TIME_SECRET_MESSAGING_TITLE": "Rapu Tūmataiti Kotahi Rā",
      "ONE_TIME_SECRET_MESSAGING_SUBTITLE": "Tāpiri tūmataiti, ā, ka ngaro—kāore e kitea!",
      
      "ENCRYPTED_PROTECTED_BY": "Kia whakamarūhia, whakawhāiti, ā, tiakina e Stellar Security",
      "WITHOUT_TRACE_TITLE": "Kāore he tohu",
      "WITHOUT_TRACE_DESCRIPTION": "Ka mōhiotia e mātou te tiaki kaha o tō mōhiohio pēnei. Katoa ngā raraunga e whakamōhiotia ana i runga i te taha kiritaki. Kāore e mōhiotia e mātou tō IP wāhitau, he aha tāu e tohatoha ana, ā, nā wai e tohatoha ana i ngā hono tūmataiti - ā, te mea nui, te kōrero.",
      
      "PRIVACY_PROTECTED_TITLE": "Tiakina te Tūmataiti",
      "PRIVACY_PROTECTED_DESCRIPTION": "Ko koe anake e mōhio ana ki te hono ki ngā mōhiohio tūmataiti i hangaia e koe me nā wai e tohatoha ana. I te waihanga i te tūmataiti, ka taea e koe te tāpiri i te kupu huna i mua i te taea te whakatuwhera. Ka taea hoki te tautuhi i te wā kāinga. Ahakoa te aha, ka mōhiotia te tūmataiti i muri i ngā rā 14.",
      
      "END_TO_END_ENCRYPTED_TITLE": "Whakamōhiotia i runga i te taha katoa",
      "END_TO_END_ENCRYPTED_DESCRIPTION": "Katoa ngā hono me ngā kōrero e hangaia ana i runga i te taha kiritaki, ā, ahakoa kāore mātou e mōhio ana ki te hono me te kōrero. Kāore e whai ID ahurei o te roa 36 mō ia hono he whakamōhiotanga kotahi hei āhei ki te uru ki te Tūmataiti Kōrero me te kōrero e whakamōhiotia ana me AES-256.",
      
      "HOW_IT_WORKS_TITLE": "Me pēhea te mahi?",
      "STEP_1_TITLE": "Tuhia tō karere me/ēnei whakaaturanga kupu huna",
      "STEP_2_TITLE": "Hanga Hono Tūmataiti",
      "STEP_3_TITLE": "Tāpirihia te hono",
      
      "COMPANY_LOGO_ALT": "Tāruarua Kamupene",
      
      "SHARE_TITLE": "Tāpiri kōrero tūmataiti",
      "SHARE_DESCRIPTION_PART_1": "Tuhia me tuku te karere, ka",
      "SHARE_DESCRIPTION_PART_2": "ngaro i muri i te pānui.",
      
      "SHARE_BULLET_1": "Kāore he tohu.",
      "SHARE_BULLET_2": "Tiakina te Tūmataiti",
      "SHARE_BULLET_3": "Tēnei ka kitea kotahi anake",
      
      "SHARE_ENCRYPTED_BY": "Kia whakamarūhia, whakawhāiti, ā, tiakina e Stellar Security",
      
      "SHARE_TEXTAREA_PLACEHOLDER": "Tuhia tō Tūmataiti karere, kupu huna, rongoā mōhiohio *",
      "SHARE_OPTIONS": "Ngā kōwhiringa",
      
      "SHARE_EMPTY": "Tāpirihia te hōhā mō te kore.",
      "SHARE_BUTTON": "Hanga Hono Tūmataiti",
      
      "CREATED_TITLE": "I hangaia tō Tūmataiti",
      "CREATED_SUBTITLE": "Ka kitea anake i te wā kotahi",
      
      "CREATED_TITLE_SHARE": "Tāpiri te hono ki te kōpī.",
      "CREATED_BUTTON": "KŌPĪ",
      "CREATED_CREATE_SECRET": "Hanga Tūmataiti Hou",
      "CREATED_BURNSECRET": "Spūnaku Tūmataiti",
      "URL_COPIED": "Kua kōpīhia te URL.",
      
      "VIEW_SECRET": "Tirohia te Tūmataiti"
    },
    "CREATEDPAGE": {
      "CREATEDPAGE": "Stellar Secret",
      "HOW_IT_WORKS": "Me pēhea te mahi",
      "DOWNLOAD_APP": "Tāpiri App",
      "CREATED_TITLE": "I hangaia tō Tūmataiti",
      "CREATED_SUBTITLE": "Ka kitea anake i te wā kotahi",
      "CREATED_TITLE_SHARE": "Tāpiri te hono ki te kōpī.",
      "CREATED_BUTTON": "KŌPĪ",
      "CREATED_CREATE_SECRET": "Hanga Tūmataiti Hou",
      "CREATED_BURNSECRET": "Spūnaku Tūmataiti",
      "URL_COPIED": "Kua kōpīhia te URL."
    },
    "CONFIRMATION": {
      "YOURE_GONNA_BURN_THIS_SECRET": "Ka kāpōhia e koe tēnei tūmataiti",
      "SECRET_UNAVAILABLE_TEXT": "Ka kore e wātea anō",
      "BURN_FOREVER": "Kāpō mō ake tonu",
      "CANCEL": "Whakakore"
    },
    "VIEW": {
      "LOGO_TEXT": "Stellar Secret",
      "HOW_IT_WORKS": "Me pēhea te mahi",
      "DOWNLOAD_APP": "Tāpiri App",
      "WELCOME_MESSAGE": "Kia ora, nāu i whiwhi he karere tūmataiti!",
      "INSTRUCTION": "Tuhia me tuku te karere, ka ngaro i muri i te pānui.",
      "SHOW_MESSAGE_ONCE": "Ka kitea te karere e whai ake nei <strong>anake i te wā kotahi</strong>",
      "OPEN_SECRET_MESSAGE": "Tāpirihia te Tūmataiti Kōrero",
      "INPUT_PASSPHRASE": "Tāpirihia te Kupu Huna",
      "PASS_PHRASE_PLACEHOLDER": "Kupu Huna",
      "OPEN_SECRET_BUTTON": "Tāpirihia te Tūmataiti Kōrero",
      "YOUR_SECRET_MESSAGE": "Tō Tūmataiti Kōrero",
      "COPY": "Kōpī",
      "MESSAGE_LABEL": "Kōrero",
      "REPLY": "Tautau i te Tūmataiti",
      "DOWNLOAD_MESSAGE": "Tāpiri Stellar Secret ki te pūrere mōkihi, hanga tō tūmataiti karere",
      "WITHOUT_TRACE": "Kāore he tohu.",
      "PRIVACY_PROTECTED": "Tiakina te Tūmataiti",
      "ONE_TIME_VIEWABLE": "Tēnei ka kitea kotahi anake",
      "SECURITY_TEXT": "Kia whakamarūhia, whakawhāiti, ā, tiakina e ",
      "SECURITY_TEXT2": "Stellar Security"
    }
  }
  