{
    "HOME": {
      "HEADER_TITLE": "Секретна Стела",
      "HOW_IT_WORKS": "Како функционира",
      "DOWNLOAD_APP": "Преземи апликација",
      
      "ONE_TIME_SECRET_MESSAGING_TITLE": "Пораки со еден пат",
      "ONE_TIME_SECRET_MESSAGING_SUBTITLE": "Споделете тајни, и исчезнуваат!",
      
      "ENCRYPTED_PROTECTED_BY": "Шифрирано, обезбедено и заштитено од Stellar Security",
      "WITHOUT_TRACE_TITLE": "Без трага",
      "WITHOUT_TRACE_DESCRIPTION": "Ние обезбедуваме силна заштита на вашите осетливи информации. Сите податоци се шифрирани на клиентска страна. Ние не знаеме вашата IP адреса, што споделувате или со кого ги споделувате тајните линкови - и најважно, содржината.",
      
      "PRIVACY_PROTECTED_TITLE": "Заштита на приватноста",
      "PRIVACY_PROTECTED_DESCRIPTION": "Само вие го знаете линкот до тајната информација што ја создадовте и со кого ја споделувате. Кога создавате тајна, можете да додадете лозинка пред да може да биде отклучена. Исто така, можете да поставите време на истекување. Без разлика на сè, тајната ќе биде избришана по 14 дена.",
      
      "END_TO_END_ENCRYPTED_TITLE": "Шифрирано од крај до крај",
      "END_TO_END_ENCRYPTED_DESCRIPTION": "Сите линкови и содржини се хаширани на клиентска страна, што значи дека ние не знаеме линкот и содржината. Секој линк има уникатен ID со должина од 36 кој е еднопатна шифра за да се пристапи до тајната порака и нејзината содржина која е шифрирана со AES-256.",
      
      "HOW_IT_WORKS_TITLE": "Како функционира?",
      "STEP_1_TITLE": "Напишете ја вашата порака и/или генерирајте лозинка",
      "STEP_2_TITLE": "Создадете таен линк",
      "STEP_3_TITLE": "Споделете линк",
      
      "COMPANY_LOGO_ALT": "Лого на компанијата",
      
      "SHARE_TITLE": "Споделете тајна порака",
      "SHARE_DESCRIPTION_PART_1": "Напишете и испратете порака, ќе биде",
      "SHARE_DESCRIPTION_PART_2": "избришана по читањето.",
      
      "SHARE_BULLET_1": "Без трага.",
      "SHARE_BULLET_2": "Заштита на приватноста",
      "SHARE_BULLET_3": "Видлива само еднаш",
      
      "SHARE_ENCRYPTED_BY": "Шифрирано, обезбедено и заштитено од Stellar Security",
      
      "SHARE_TEXTAREA_PLACEHOLDER": "Напишете ја вашата тајна порака, лозинка или осетлива информација *",
      "SHARE_OPTIONS": "Опции",
      
      "SHARE_EMPTY": "Оставете празно ако нема.",
      "SHARE_BUTTON": "Создадете таен линк",
      
      "CREATED_TITLE": "Вашата тајна е создадена",
      "CREATED_SUBTITLE": "Ќе биде прикажана само еднаш",
      
      "CREATED_TITLE_SHARE": "Копирајте го линкот или споделете го.",
      "CREATED_BUTTON": "КОпИРАЈ",
      "CREATED_CREATE_SECRET": "Создајте нова тајна",
      "CREATED_BURNSECRET": "Избриши тајна",
      "URL_COPIED": "URL-то е копирано.",
      "SHARE_BURNER_TIME": "Вечност",
      "SHARE_PASS_PHRASE": "Лозинка",
      "VIEW_SECRET": "Погледни тајна"
    },
    "HOWITWORK": {
      "HEADER_TITLE": "Секретна Стела",
      "HOW_IT_WORKS": "Како функционира",
      "DOWNLOAD_APP": "Преземи апликација",
      
      "ONE_TIME_SECRET_MESSAGING_TITLE": "Пораки со еден пат",
      "ONE_TIME_SECRET_MESSAGING_SUBTITLE": "Споделете тајни, и исчезнуваат!",
      
      "ENCRYPTED_PROTECTED_BY": "Шифрирано, обезбедено и заштитено од Stellar Security",
      "WITHOUT_TRACE_TITLE": "Без трага",
      "WITHOUT_TRACE_DESCRIPTION": "Ние обезбедуваме силна заштита на вашите осетливи информации. Сите податоци се шифрирани на клиентска страна. Ние не знаеме вашата IP адреса, што споделувате или со кого ги споделувате тајните линкови - и најважно, содржината.",
      
      "PRIVACY_PROTECTED_TITLE": "Заштита на приватноста",
      "PRIVACY_PROTECTED_DESCRIPTION": "Само вие го знаете линкот до тајната информација што ја создадовте и со кого ја споделувате. Кога создавате тајна, можете да додадете лозинка пред да може да биде отклучена. Исто така, можете да поставите време на истекување. Без разлика на сè, тајната ќе биде избришана по 14 дена.",
      
      "END_TO_END_ENCRYPTED_TITLE": "Шифрирано од крај до крај",
      "END_TO_END_ENCRYPTED_DESCRIPTION": "Сите линкови и содржини се хаширани на клиентска страна, што значи дека ние не знаеме линкот и содржината. Секој линк има уникатен ID со должина од 36 кој е еднопатна шифра за да се пристапи до тајната порака и нејзината содржина која е шифрирана со AES-256.",
      
      "HOW_IT_WORKS_TITLE": "Како функционира?",
      "STEP_1_TITLE": "Напишете ја вашата порака и/или генерирајте лозинка",
      "STEP_2_TITLE": "Создадете таен линк",
      "STEP_3_TITLE": "Споделете линк",
      
      "COMPANY_LOGO_ALT": "Лого на компанијата",
      
      "SHARE_TITLE": "Споделете тајна порака",
      "SHARE_DESCRIPTION_PART_1": "Напишете и испратете порака, ќе биде",
      "SHARE_DESCRIPTION_PART_2": "избришана по читањето.",
      
      "SHARE_BULLET_1": "Без трага.",
      "SHARE_BULLET_2": "Заштита на приватноста",
      "SHARE_BULLET_3": "Видлива само еднаш",
      
      "SHARE_ENCRYPTED_BY": "Шифрирано, обезбедено и заштитено од Stellar Security",
      
      "SHARE_TEXTAREA_PLACEHOLDER": "Напишете ја вашата тајна порака, лозинка или осетлива информација *",
      "SHARE_OPTIONS": "Опции",
      
      "SHARE_EMPTY": "Оставете празно ако нема.",
      "SHARE_BUTTON": "Создајте таен линк",
      
      "CREATED_TITLE": "Вашата тајна е создадена",
      "CREATED_SUBTITLE": "Ќе биде прикажана само еднаш",
      
      "CREATED_TITLE_SHARE": "Копирајте го линкот или споделете го.",
      "CREATED_BUTTON": "КОпИРАЈ",
      "CREATED_CREATE_SECRET": "Создајте нова тајна",
      "CREATED_BURNSECRET": "Избриши тајна",
      "URL_COPIED": "URL-то е копирано.",
      
      "VIEW_SECRET": "Погледни тајна"
    },
    "CREATEDPAGE": {
      "CREATEDPAGE": "Секретна Стела",
      "HOW_IT_WORKS": "Како функционира",
      "DOWNLOAD_APP": "Преземи апликација",
      "CREATED_TITLE": "Вашата тајна е создадена",
      "CREATED_SUBTITLE": "Ќе биде прикажана само еднаш",
      "CREATED_TITLE_SHARE": "Копирајте го линкот или споделете го.",
      "CREATED_BUTTON": "КОпИРАЈ",
      "CREATED_CREATE_SECRET": "Создајте нова тајна",
      "CREATED_BURNSECRET": "Избриши тајна",
      "URL_COPIED": "URL-то е копирано."
    },
    "CONFIRMATION": {
      "YOURE_GONNA_BURN_THIS_SECRET": "Ќе ја избришете оваа тајна",
      "SECRET_UNAVAILABLE_TEXT": "Ќе биде недостапна повеќе",
      "BURN_FOREVER": "Избриши засекогаш",
      "CANCEL": "Откажи"
    },
    "VIEW": {
      "LOGO_TEXT": "Секретна Стела",
      "HOW_IT_WORKS": "Како функционира",
      "DOWNLOAD_APP": "Преземи апликација",
      "WELCOME_MESSAGE": "Здраво, добивте тајна порака!",
      "INSTRUCTION": "Напишете и испратете порака, ќе биде избришана по читањето.",
      "SHOW_MESSAGE_ONCE": "Следната порака ќе биде прикажана <strong>само еднаш</strong>",
      "OPEN_SECRET_MESSAGE": "Отвори тајна порака",
      "INPUT_PASSPHRASE": "Внесете лозинка",
      "PASS_PHRASE_PLACEHOLDER": "Лозинка",
      "OPEN_SECRET_BUTTON": "Отвори тајна порака",
      "YOUR_SECRET_MESSAGE": "Вашата тајна порака",
      "COPY": "Копирај",
      "MESSAGE_LABEL": "Порака",
      "REPLY": "Одговори",
      "DOWNLOAD_MESSAGE": "Преземете Stellar Secret на мобилен телефон, создадете ваши тајни пораки",
      "WITHOUT_TRACE": "Без трага.",
      "PRIVACY_PROTECTED": "Заштита на приватноста",
      "ONE_TIME_VIEWABLE": "Видлива само еднаш",
      "SECURITY_TEXT": "Шифрирано, обезбедено и заштитено од ",
      "SECURITY_TEXT2": "Stellar Security"
    }
  }
  