{
    "HOME": {
      "HEADER_TITLE": "സ്റ്റല്ലാർ സീക്രട്ട്",
      "HOW_IT_WORKS": "അത് എങ്ങനെ പ്രവർത്തിക്കുന്നു",
      "DOWNLOAD_APP": "ആപ്പ് ഡൗൺലോഡ് ചെയ്യൂ",
      
      "ONE_TIME_SECRET_MESSAGING_TITLE": "ഒരൊറ്റസമയം രഹസ്യ സന്ദേശം",
      "ONE_TIME_SECRET_MESSAGING_SUBTITLE": "രഹസ്യങ്ങൾ പങ്കിടൂ, പോഫ്സ്—അവക്ക് പോകും!",
      
      "ENCRYPTED_PROTECTED_BY": "എൻക്രിപ്റ്റുചെയ്തു, സുരക്ഷിതമാക്കിയതും സ്റ്റല്ലാർ സുരക്ഷയാൽ സംരക്ഷിതമായത്",
      "WITHOUT_TRACE_TITLE": "കോപ്പിയില്ലാതെ",
      "WITHOUT_TRACE_DESCRIPTION": "നിങ്ങളുടെ സസഹജ വിവരങ്ങളുടെ ശക്തമായ സംരക്ഷണം നാം ഉറപ്പാക്കുന്നു. എല്ലാ ഡാറ്റയും ക്ലയന്റ്-സൈഡിൽ എൻക്രിപ്റ്റ് ചെയ്യപ്പെടുന്നു. നമുക്ക് നിങ്ങളുടെ ഐപി വിലാസം, നിങ്ങൾ പങ്കിടുന്നത്, അല്ലെങ്കിൽ നിങ്ങൾ രഹസ്യ ലിങ്കുകൾ ആരോടാണ് പങ്കിടുന്നത് അറിയില്ല—എന്നാൽ ഏറ്റവും പ്രധാനമായത്, ഉള്ളടക്കം അറിയുന്നില്ല.",
      
      "PRIVACY_PROTECTED_TITLE": "സ്വകാര്യത സംരക്ഷിതം",
      "PRIVACY_PROTECTED_DESCRIPTION": "നിങ്ങൾ സൃഷ്‌ടിച്ച രഹസ്യ വിവരത്തിന്റെ ലിങ്ക് ആരോടു പങ്കിടുന്നുവെന്നു മാത്രമേ നിങ്ങൾക്ക് അറിയാവൂ. ഒരു രഹസ്യം സൃഷ്‌ടിക്കുമ്പോൾ, ഇത് തുറക്കുന്നതിന് മുമ്പ് ഒരു പാസ്വേഡ് ചേർക്കാവുന്നതാണ്. ബർണർ-ടൈം സജ്ജമാക്കുന്നതും സാധ്യമാണ്. എന്തായാലും, ഒരു രഹസ്യം 14 ദിവസങ്ങൾക്ക് ശേഷം ഇല്ലാതാക്കപ്പെടും.",
      
      "END_TO_END_ENCRYPTED_TITLE": "അവസാനം മുതൽ അവസാനം വരെ എൻക്രിപ്റ്റുചെയ്തത്",
      "END_TO_END_ENCRYPTED_DESCRIPTION": "എല്ലാ ലിങ്കുകളും ഉള്ളടക്കവും ക്ലയന്റ്-സൈഡിൽ ഹാഷ് ചെയ്യപ്പെടുന്നു, അതായത് നാം ലിങ്കും ഉള്ളടക്കവും അറിയുന്നില്ല. ഓരോ ലിങ്കിനും 36 പദങ്ങളുടെ ഒരു വിശിഷ്ട ഐഡി ഉണ്ട്, അത് AES-256 ഉപയോഗിച്ച് എൻക്രിപ്റ്റുചെയ്ത രഹസ്യ സന്ദേശവും അതിന്റെ ഉള്ളടക്കവും ആക്‌സസ് ചെയ്യാനുള്ള ഒരു വഴിയാവുന്നതാണ്.",
      
      "HOW_IT_WORKS_TITLE": "അത് എങ്ങനെ പ്രവർത്തിക്കുന്നു?",
      "STEP_1_TITLE": "നിങ്ങളുടെ സന്ദേശം എഴുതി/പാസ്വേഡ് സൃഷ്‌ടിക്കുക",
      "STEP_2_TITLE": "രഹസ്യ ലിങ്ക് സൃഷ്‌ടിക്കുക",
      "STEP_3_TITLE": "ലിങ്ക് പങ്കിടുക",
      
      "COMPANY_LOGO_ALT": "കമ്പനിയുടെ ലോഗോ",
      
      "SHARE_TITLE": "ഒരു രഹസ്യ സന്ദേശം പങ്കിടുക",
      "SHARE_DESCRIPTION_PART_1": "സന്ദേശം എഴുതി അയക്കുക, അത്",
      "SHARE_DESCRIPTION_PART_2": "പറഞ്ഞപ്പോൾ ഇല്ലാതാക്കും.",
      
      "SHARE_BULLET_1": "കോപ്പിയില്ലാതെ.",
      "SHARE_BULLET_2": "സ്വകാര്യത സംരക്ഷിതം",
      "SHARE_BULLET_3": "ഒരൊറ്റസമയം കാണാവുന്ന",
      
      "SHARE_ENCRYPTED_BY": "എൻക്രിപ്റ്റുചെയ്തു, സുരക്ഷിതമാക്കിയതും സ്റ്റല്ലാർ സുരക്ഷയാൽ സംരക്ഷിതമായത്",
      
      "SHARE_TEXTAREA_PLACEHOLDER": "നിങ്ങളുടെ രഹസ്യ സന്ദേശം, പാസ്വേഡ് അല്ലെങ്കിൽ സമസ്യ വിവരങ്ങൾ എഴുതി *",
      "SHARE_OPTIONS": "ഓപ്ഷനുകൾ",
      
      "SHARE_EMPTY": "ഒന്നുമില്ലെങ്കിൽ വിട്ടുപോകുക.",
      "SHARE_BUTTON": "രഹസ്യ ലിങ്ക് സൃഷ്‌ടിക്കുക",
      
      "CREATED_TITLE": "നിങ്ങളുടെ രഹസ്യം സൃഷ്‌ടിച്ചു",
      "CREATED_SUBTITLE": "ഇത് ഒരു തവണ മാത്രം കാണിക്കും",
      
      "CREATED_TITLE_SHARE": "ലിങ്ക് പകർപ്പിയ്ക്കുക അല്ലെങ്കിൽ പങ്കിടുക.",
      "CREATED_BUTTON": "പകർപ്പ്",
      "CREATED_CREATE_SECRET": "പുതിയ രഹസ്യം സൃഷ്‌ടിക്കുക",
      "CREATED_BURNSECRET": "രഹസ്യം കത്തിക്കുക",
      "URL_COPIED": "യൂആർഎൽ പകർപ്പായിരിക്കുന്നു.",
      "SHARE_BURNER_TIME": "ജീവിതകാലം",
      "SHARE_PASS_PHRASE": "പാസ്ഫ്രേസ്",
      "VIEW_SECRET": "രഹസ്യം കാണുക"
    },
    "HOWITWORK": {
      "HEADER_TITLE": "സ്റ്റല്ലാർ സീക്രട്ട്",
      "HOW_IT_WORKS": "അത് എങ്ങനെ പ്രവർത്തിക്കുന്നു",
      "DOWNLOAD_APP": "ആപ്പ് ഡൗൺലോഡ് ചെയ്യൂ",
      
      "ONE_TIME_SECRET_MESSAGING_TITLE": "ഒരൊറ്റസമയം രഹസ്യ സന്ദേശം",
      "ONE_TIME_SECRET_MESSAGING_SUBTITLE": "രഹസ്യങ്ങൾ പങ്കിടൂ, പോഫ്സ്—അവക്ക് പോകും!",
      
      "ENCRYPTED_PROTECTED_BY": "എൻക്രിപ്റ്റുചെയ്തു, സുരക്ഷിതമാക്കിയതും സ്റ്റല്ലാർ സുരക്ഷയാൽ സംരക്ഷിതമായത്",
      "WITHOUT_TRACE_TITLE": "കോപ്പിയില്ലാതെ",
      "WITHOUT_TRACE_DESCRIPTION": "നിങ്ങളുടെ സസഹജ വിവരങ്ങളുടെ ശക്തമായ സംരക്ഷണം നാം ഉറപ്പാക്കുന്നു. എല്ലാ ഡാറ്റയും ക്ലയന്റ്-സൈഡിൽ എൻക്രിപ്റ്റ് ചെയ്യപ്പെടുന്നു. നമുക്ക് നിങ്ങളുടെ ഐപി വിലാസം, നിങ്ങൾ പങ്കിടുന്നത്, അല്ലെങ്കിൽ നിങ്ങൾ രഹസ്യ ലിങ്കുകൾ ആരോടാണ് പങ്കിടുന്നത് അറിയില്ല—എന്നാൽ ഏറ്റവും പ്രധാനമായത്, ഉള്ളടക്കം അറിയുന്നില്ല.",
      
      "PRIVACY_PROTECTED_TITLE": "സ്വകാര്യത സംരക്ഷിതം",
      "PRIVACY_PROTECTED_DESCRIPTION": "നിങ്ങൾ സൃഷ്‌ടിച്ച രഹസ്യ വിവരത്തിന്റെ ലിങ്ക് ആരോടു പങ്കിടുന്നുവെന്നു മാത്രമേ നിങ്ങൾക്ക് അറിയാവൂ. ഒരു രഹസ്യം സൃഷ്‌ടിക്കുമ്പോൾ, ഇത് തുറക്കുന്നതിന് മുമ്പ് ഒരു പാസ്വേഡ് ചേർക്കാവുന്നതാണ്. ബർണർ-ടൈം സജ്ജമാക്കുന്നതും സാധ്യമാണ്. എന്തായാലും, ഒരു രഹസ്യം 14 ദിവസങ്ങൾക്ക് ശേഷം ഇല്ലാതാക്കപ്പെടും.",
      
      "END_TO_END_ENCRYPTED_TITLE": "അവസാനം മുതൽ അവസാനം വരെ എൻക്രിപ്റ്റുചെയ്തത്",
      "END_TO_END_ENCRYPTED_DESCRIPTION": "എല്ലാ ലിങ്കുകളും ഉള്ളടക്കവും ക്ലയന്റ്-സൈഡിൽ ഹാഷ് ചെയ്യപ്പെടുന്നു, അതായത് നാം ലിങ്കും ഉള്ളടക്കവും അറിയുന്നില്ല. ഓരോ ലിങ്കിനും 36 പദങ്ങളുടെ ഒരു വിശിഷ്ട ഐഡി ഉണ്ട്, അത് AES-256 ഉപയോഗിച്ച് എൻക്രിപ്റ്റുചെയ്ത രഹസ്യ സന്ദേശവും അതിന്റെ ഉള്ളടക്കവും ആക്‌സസ് ചെയ്യാനുള്ള ഒരു വഴിയാവുന്നതാണ്.",
      
      "HOW_IT_WORKS_TITLE": "അത് എങ്ങനെ പ്രവർത്തിക്കുന്നു?",
      "STEP_1_TITLE": "നിങ്ങളുടെ സന്ദേശം എഴുതി/പാസ്വേഡ് സൃഷ്‌ടിക്കുക",
      "STEP_2_TITLE": "രഹസ്യ ലിങ്ക് സൃഷ്‌ടിക്കുക",
      "STEP_3_TITLE": "ലിങ്ക് പങ്കിടുക",
      
      "COMPANY_LOGO_ALT": "കമ്പനിയുടെ ലോഗോ",
      
      "SHARE_TITLE": "ഒരു രഹസ്യ സന്ദേശം പങ്കിടുക",
      "SHARE_DESCRIPTION_PART_1": "സന്ദേശം എഴുതി അയക്കുക, അത്",
      "SHARE_DESCRIPTION_PART_2": "പറഞ്ഞപ്പോൾ ഇല്ലാതാക്കും.",
      
      "SHARE_BULLET_1": "കോപ്പിയില്ലാതെ.",
      "SHARE_BULLET_2": "സ്വകാര്യത സംരക്ഷിതം",
      "SHARE_BULLET_3": "ഒരൊറ്റസമയം കാണാവുന്ന",
      
      "SHARE_ENCRYPTED_BY": "എൻക്രിപ്റ്റുചെയ്തു, സുരക്ഷിതമാക്കിയതും സ്റ്റല്ലാർ സുരക്ഷയാൽ സംരക്ഷിതമായത്",
      
      "SHARE_TEXTAREA_PLACEHOLDER": "നിങ്ങളുടെ രഹസ്യ സന്ദേശം, പാസ്വേഡ് അല്ലെങ്കിൽ സമസ്യ വിവരങ്ങൾ എഴുതി *",
      "SHARE_OPTIONS": "ഓപ്ഷനുകൾ",
      
      "SHARE_EMPTY": "ഒന്നുമില്ലെങ്കിൽ വിട്ടുപോകുക.",
      "SHARE_BUTTON": "രഹസ്യ ലിങ്ക് സൃഷ്‌ടിക്കുക",
      
      "CREATED_TITLE": "നിങ്ങളുടെ രഹസ്യം സൃഷ്‌ടിച്ചു",
      "CREATED_SUBTITLE": "ഇത് ഒരു തവണ മാത്രം കാണിക്കും",
      
      "CREATED_TITLE_SHARE": "ലിങ്ക് പകർപ്പിയ്ക്കുക അല്ലെങ്കിൽ പങ്കിടുക.",
      "CREATED_BUTTON": "പകർപ്പ്",
      "CREATED_CREATE_SECRET": "പുതിയ രഹസ്യം സൃഷ്‌ടിക്കുക",
      "CREATED_BURNSECRET": "രഹസ്യം കത്തിക്കുക",
      "URL_COPIED": "യൂആർഎൽ പകർപ്പായിരിക്കുന്നു.",
      
      "VIEW_SECRET": "രഹസ്യം കാണുക"
    },
    "CREATEDPAGE": {
      "CREATEDPAGE": "സ്റ്റല്ലാർ സീക്രട്ട്",
      "HOW_IT_WORKS": "അത് എങ്ങനെ പ്രവർത്തിക്കുന്നു",
      "DOWNLOAD_APP": "ആപ്പ് ഡൗൺലോഡ് ചെയ്യൂ",
      "CREATED_TITLE": "നിങ്ങളുടെ രഹസ്യം സൃഷ്‌ടിച്ചു",
      "CREATED_SUBTITLE": "ഇത് ഒരു തവണ മാത്രം കാണിക്കും",
      "CREATED_TITLE_SHARE": "ലിങ്ക് പകർപ്പിയ്ക്കുക അല്ലെങ്കിൽ പങ്കിടുക.",
      "CREATED_BUTTON": "പകർപ്പ്",
      "CREATED_CREATE_SECRET": "പുതിയ രഹസ്യം സൃഷ്‌ടിക്കുക",
      "CREATED_BURNSECRET": "രഹസ്യം കത്തിക്കുക",
      "URL_COPIED": "യൂആർഎൽ പകർപ്പായിരിക്കുന്നു."
    },
    "CONFIRMATION": {
      "YOURE_GONNA_BURN_THIS_SECRET": "നിങ്ങൾ ഈ രഹസ്യം കത്തിച്ചുതീരുമെന്ന്",
      "SECRET_UNAVAILABLE_TEXT": "ഇത് ഇനി ലഭ്യമാകില്ല",
      "BURN_FOREVER": "മുടക്കുക",
      "CANCEL": "റദ്ദാക്കുക"
    },
    "VIEW": {
      "LOGO_TEXT": "സ്റ്റല്ലാർ സീക്രട്ട്",
      "HOW_IT_WORKS": "അത് എങ്ങനെ പ്രവർത്തിക്കുന്നു",
      "DOWNLOAD_APP": "ആപ്പ് ഡൗൺലോഡ് ചെയ്യൂ",
      "WELCOME_MESSAGE": "ഹായ്, നിങ്ങൾ ഒരു രഹസ്യ സന്ദേശം ലഭിച്ചു!",
      "INSTRUCTION": "സന്ദേശം എഴുതി അയക്കുക, അത് വായിച്ചതിന് ശേഷം ഇല്ലാതാക്കും.",
      "SHOW_MESSAGE_ONCE": "തുടങ്ങിയ സന്ദേശം <strong>ഒരൊറ്റസമയം</strong> മാത്രം കാണിക്കും",
      "OPEN_SECRET_MESSAGE": "രഹസ്യ സന്ദേശം തുറക്കൂ",
      "INPUT_PASSPHRASE": "പാസ്ഫ്രേസ് നൽകുക",
      "PASS_PHRASE_PLACEHOLDER": "പാസ്ഫ്രേസ്",
      "OPEN_SECRET_BUTTON": "രഹസ്യ സന്ദേശം തുറക്കൂ",
      "YOUR_SECRET_MESSAGE": "നിങ്ങളുടെ രഹസ്യ സന്ദേശം",
      "COPY": "പകർപ്പ്",
      "MESSAGE_LABEL": "സന്ദേശം",
      "REPLY": "പასუხം",
      "DOWNLOAD_MESSAGE": "സ്റ്റല്ലാർ സീക്രട്ട് മൊബൈലിൽ ഡൗൺലോഡ് ചെയ്യൂ, നിങ്ങളുടെ രഹസ്യ സന്ദേശങ്ങൾ സൃഷ്‌ടിക്കുക",
      "WITHOUT_TRACE": "കോപ്പിയില്ലാതെ.",
      "PRIVACY_PROTECTED": "സ്വകാര്യത സംരക്ഷിതം",
      "ONE_TIME_VIEWABLE": "ഒരൊറ്റസമയം കാണാവുന്ന",
      "SECURITY_TEXT": "എൻക്രിപ്റ്റുചെയ്തു, സുരക്ഷിതമാക്കിയതും",
      "SECURITY_TEXT2": "സ്റ്റല്ലാർ സുരക്ഷ"
    }
  }
  