{
    "HOME": {
      "HEADER_TITLE": "Stellar Secret",
      "HOW_IT_WORKS": "কিদৰে কাম কৰে",
      "DOWNLOAD_APP": "এপ ডাউনলোড কৰক",
      
      "ONE_TIME_SECRET_MESSAGING_TITLE": "এক-সময় গোপন বাৰ্তা",
      "ONE_TIME_SECRET_MESSAGING_SUBTITLE": "গোপনীয়তা ভাগ কৰক, আৰু ওচৰতে—এটা গা-ছাঁটা!",
  
      "ENCRYPTED_PROTECTED_BY": "Stellar Security দ্বাৰা সংক্ৰান্ত, সুৰক্ষিত আৰু ৰক্ষিত",
      "WITHOUT_TRACE_TITLE": "পদক্ষেপ বিহীন",
      "WITHOUT_TRACE_DESCRIPTION": "আমরা আপোনাৰ সংবেদনশীল তথ্যৰ যথেষ্ট সুৰক্ষা নিশ্চিত কৰোঁ। সকলো ডাটা ক্লায়েন্ট-সাইডত সংক্ৰান্ত হৈছে। আমাৰ আপোনাৰ IP ঠিকনা, আপুনি কি ভাগ কৰে, বা কাক আপুনি গোপন লিংকবোৰ ভাগ কৰে জানো না - আৰু আটাইতকৈ গুৰুত্বপূৰ্ণ হৈছে, সমগ্ৰ বিষয়বস্তু।",
      
      "PRIVACY_PROTECTED_TITLE": "গোপনীয়তা সুৰক্ষিত",
      "PRIVACY_PROTECTED_DESCRIPTION": "আপুনি কেৱল জানো যে আপুনি সৃষ্টি কৰা গোপন তথ্যৰ লিংক আৰু কাক আপুনি ই ভাগ কৰে। গোপন সৃষ্টি কৰাৰ সময়ত, আপুনি এটি পাসৱৰ্ড যোগ কৰিব পাৰে যেতিয়া ই মুকলি হব পাৰে। ই এটা বৰ্ণনাৰ সময়ও সজাব পৰা যায়। কি ঘটিলেও, এটি গোপন ১৪ দিনৰ পিছত মচি যাব।",
      
      "END_TO_END_ENCRYPTED_TITLE": "এণ্ড-টু-এণ্ড সংক্ৰান্ত",
      "END_TO_END_ENCRYPTED_DESCRIPTION": "সকল লিংক আৰু বিষয়বস্তু ক্লায়েন্ট-সাইডত হ্যাশ কৰা হৈছে, অৰ্থাৎ আমিও লিংক আৰু বিষয়বস্তু জানো না। প্ৰতিটো লিংকৰ ৩৬ দৈৰ্ঘ্যৰ এক্সক্লুসিভ ID থাকে যি এটা একমুখী সংক্ৰান্ত আপোনাৰ Secret Message আৰু তাৰ বিষয়বস্তু ব্যৱহাৰ কৰিবলৈ, যি AES-২৫৬ দ্বাৰা সংক্ৰান্ত হৈছে।",
      
      "HOW_IT_WORKS_TITLE": "কিদৰে কাম কৰে?",
      "STEP_1_TITLE": "আপোনাৰ বাৰ্তা লিখক আৰু/অথবা পাসৱৰ্ড সৃষ্টিকৰক",
      "STEP_2_TITLE": "গোপন লিংক সৃষ্টি কৰক",
      "STEP_3_TITLE": "লিংক ভাগ কৰক",
      
      "COMPANY_LOGO_ALT": "সংস্থা লোগো",
      
      "SHARE_TITLE": "এটি গোপন বাৰ্তা ভাগ কৰক",
      "SHARE_DESCRIPTION_PART_1": "বাৰ্তা লিখক আৰু পঠিওৱা, এটি",
      "SHARE_DESCRIPTION_PART_2": "পঢ়াৰ পিছত মচি যাব।",
      
      "SHARE_BULLET_1": "পদক্ষেপ বিহীন।",
      "SHARE_BULLET_2": "গোপনীয়তা সুৰক্ষিত",
      "SHARE_BULLET_3": "এক-সময় দেখা যাব",
      
      "SHARE_ENCRYPTED_BY": "Stellar Security দ্বাৰা সংক্ৰান্ত, সুৰক্ষিত আৰু ৰক্ষিত",
      
      "SHARE_TEXTAREA_PLACEHOLDER": "আপোনাৰ গোপন বাৰ্তা, পাসৱৰ্ড বা সংবেদনশীল তথ্য লিখক *",
      "SHARE_OPTIONS": "বিকল্পসমূহ",
      
      "SHARE_EMPTY": "নথিপাতৰ বাবে খালি ৰাখক।",
      "SHARE_BUTTON": "গোপন লিংক সৃষ্টি কৰক",
      
      "CREATED_TITLE": "আপোনাৰ গোপন সৃষ্টি হৈছে",
      "CREATED_SUBTITLE": "এটি কেৱল একবাৰেই দেখুওৱা হ'ব",
      
      "CREATED_TITLE_SHARE": "লিংক কপি কৰক বা ভাগ কৰক।",
      "CREATED_BUTTON": "কপি",
      "CREATED_CREATE_SECRET": "নতুন গোপন সৃষ্টি কৰক",
      "CREATED_BURNSECRET": "গোপন পুড়াও",
      "URL_COPIED": "URL কপি কৰা হৈছে।",
      "SHARE_BURNER_TIME":"আয়ুৰ",
      "SHARE_PASS_PHRASE":"পাসফ্ৰেজ",
      "VIEW_SECRET": "গোপন চাওক"
    },
    "HOWITWORK": {
      "HEADER_TITLE": "Stellar Secret",
      "HOW_IT_WORKS": "কিদৰে কাম কৰে",
      "DOWNLOAD_APP": "এপ ডাউনলোড কৰক",
    
      "ONE_TIME_SECRET_MESSAGING_TITLE": "এক-সময় গোপন বাৰ্তা",
      "ONE_TIME_SECRET_MESSAGING_SUBTITLE": "গোপনীয়তা ভাগ কৰক, আৰু ওচৰতে—এটা গা-ছাঁটা!",
      
      "ENCRYPTED_PROTECTED_BY": "Stellar Security দ্বাৰা সংক্ৰান্ত, সুৰক্ষিত আৰু ৰক্ষিত",
      "WITHOUT_TRACE_TITLE": "পদক্ষেপ বিহীন",
      "WITHOUT_TRACE_DESCRIPTION": "আমরা আপোনাৰ সংবেদনশীল তথ্যৰ যথেষ্ট সুৰক্ষা নিশ্চিত কৰোঁ। সকলো ডাটা ক্লায়েন্ট-সাইডত সংক্ৰান্ত হৈছে। আমাৰ আপোনাৰ IP ঠিকনা, আপুনি কি ভাগ কৰে, বা কাক আপুনি গোপন লিংকবোৰ ভাগ কৰে জানো না - আৰু আটাইতকৈ গুৰুত্বপূৰ্ণ হৈছে, সমগ্ৰ বিষয়বস্তু।",
      
      "PRIVACY_PROTECTED_TITLE": "গোপনীয়তা সুৰক্ষিত",
      "PRIVACY_PROTECTED_DESCRIPTION": "আপুনি কেৱল জানো যে আপুনি সৃষ্টি কৰা গোপন তথ্যৰ লিংক আৰু কাক আপুনি ই ভাগ কৰে। গোপন সৃষ্টি কৰাৰ সময়ত, আপুনি এটি পাসৱৰ্ড যোগ কৰিব পাৰে যেতিয়া ই মুকলি হব পাৰে। ই এটা বৰ্ণনাৰ সময়ও সজাব পৰা যায়। কি ঘটিলেও, এটি গোপন ১৪ দিনৰ পিছত মচি যাব।",
      
      "END_TO_END_ENCRYPTED_TITLE": "এণ্ড-টু-এণ্ড সংক্ৰান্ত",
      "END_TO_END_ENCRYPTED_DESCRIPTION": "সকল লিংক আৰু বিষয়বস্তু ক্লায়েন্ট-সাইডত হ্যাশ কৰা হৈছে, অৰ্থাৎ আমিও লিংক আৰু বিষয়বস্তু জানো না। প্ৰতিটো লিংকৰ ৩৬ দৈৰ্ঘ্যৰ এক্সক্লুসিভ ID থাকে যি এটা একমুখী সংক্ৰান্ত আপোনাৰ Secret Message আৰু তাৰ বিষয়বস্তু ব্যৱহাৰ কৰিবলৈ, যি AES-২৫৬ দ্বাৰা সংক্ৰান্ত হৈছে।",
      
      "HOW_IT_WORKS_TITLE": "কিদৰে কাম কৰে?",
      "STEP_1_TITLE": "আপোনাৰ বাৰ্তা লিখক আৰু/অথবা পাসৱৰ্ড সৃষ্টিকৰক",
      "STEP_2_TITLE": "গোপন লিংক সৃষ্টি কৰক",
      "STEP_3_TITLE": "লিংক ভাগ কৰক",
      
      "COMPANY_LOGO_ALT": "সংস্থা লোগো",
      
      "SHARE_TITLE": "এটি গোপন বাৰ্তা ভাগ কৰক",
      "SHARE_DESCRIPTION_PART_1": "বাৰ্তা লিখক আৰু পঠিওৱা, এটি",
      "SHARE_DESCRIPTION_PART_2": "পঢ়াৰ পিছত মচি যাব।",
      
      "SHARE_BULLET_1": "পদক্ষেপ বিহীন।",
      "SHARE_BULLET_2": "গোপনীয়তা সুৰক্ষিত",
      "SHARE_BULLET_3": "এক-সময় দেখা যাব",
      
      "SHARE_ENCRYPTED_BY": "Stellar Security দ্বাৰা সংক্ৰান্ত, সুৰক্ষিত আৰু ৰক্ষিত",
      
      "SHARE_TEXTAREA_PLACEHOLDER": "আপোনাৰ গোপন বাৰ্তা, পাসৱৰ্ড বা সংবেদনশীল তথ্য লিখক *",
      "SHARE_OPTIONS": "বিকল্পসমূহ",
      
      "SHARE_EMPTY": "নথিপাতৰ বাবে খালি ৰাখক।",
      "SHARE_BUTTON": "গোপন লিংক সৃষ্টি কৰক",
      
      "CREATED_TITLE": "আপোনাৰ গোপন সৃষ্টি হৈছে",
      "CREATED_SUBTITLE": "এটি কেৱল একবাৰেই দেখুওৱা হ'ব",
      
      "CREATED_TITLE_SHARE": "লিংক কপি কৰক বা ভাগ কৰক।",
      "CREATED_BUTTON": "কপি",
      "CREATED_CREATE_SECRET": "নতুন গোপন সৃষ্টি কৰক",
      "CREATED_BURNSECRET": "গোপন পুড়াও",
      "URL_COPIED": "URL কপি কৰা হৈছে।",
      "VIEW_SECRET": "গোপন চাওক"
    },
    "CREATEDPAGE": {
      "CREATEDPAGE": "Stellar Secret",
      "HOW_IT_WORKS": "কিদৰে কাম কৰে",
      "DOWNLOAD_APP": "এপ ডাউনলোড কৰক",
      "CREATED_TITLE": "আপোনাৰ গোপন সৃষ্টি হৈছে",
      "CREATED_SUBTITLE": "এটি কেৱল একবাৰেই দেখুওৱা হ'ব",
      "CREATED_TITLE_SHARE": "লিংক কপি কৰক বা ভাগ কৰক।",
      "CREATED_BUTTON": "কপি",
      "CREATED_CREATE_SECRET": "নতুন গোপন সৃষ্টি কৰক",
      "CREATED_BURNSECRET": "গোপন পুড়াও",
      "URL_COPIED": "URL কপি কৰা হৈছে।"
    },
    "CONFIRMATION": {
      "YOURE_GONNA_BURN_THIS_SECRET": "আপুনি এই গোপন পুড়াব",
      "SECRET_UNAVAILABLE_TEXT": "এটি আর উপলব্ধ হ'ব নে",
      "BURN_FOREVER": "চিৰকাল পুড়াও",
      "CANCEL": "বাতিল কৰক"
    },
    "VIEW": {
      "LOGO_TEXT": "Stellar Secret",
      "HOW_IT_WORKS": "কিদৰে কাম কৰে",
      "DOWNLOAD_APP": "এপ ডাউনলোড কৰক",
      "WELCOME_MESSAGE": "নমস্কাৰ, আপুনি এটা গোপন বাৰ্তা লাভ কৰিছে!",
      "INSTRUCTION": "বাৰ্তা লিখক আৰু পঠিওৱা, এটি পঢ়াৰ পিছত মচি যাব।",
      "SHOW_MESSAGE_ONCE": "নিম্নলিখিত বাৰ্তা <strong>কেৱল একবাৰেই</strong> দেখুওৱা হ'ব",
      "OPEN_SECRET_MESSAGE": "গোপন বাৰ্তা মুকলি কৰক",
      "INPUT_PASSPHRASE": "পাসফ্ৰেজ প্ৰবিষ্ট কৰক",
      "PASS_PHRASE_PLACEHOLDER": "পাসফ্ৰেজ",
      "OPEN_SECRET_BUTTON": "গোপন বাৰ্তা মুকলি কৰক",
      "YOUR_SECRET_MESSAGE": "আপোনাৰ গোপন বাৰ্তা",
      "COPY": "কপি",
      "MESSAGE_LABEL": "বাৰ্তা",
      "REPLY": "উত্তৰ",
      "DOWNLOAD_MESSAGE": "ম'বাইলত Stellar Secret ডাউনলোড কৰক, আপোনাৰ গোপন বাৰ্তা সৃষ্টি কৰক",
      "WITHOUT_TRACE": "পদক্ষেপ বিহীন।",
      "PRIVACY_PROTECTED": "গোপনীয়তা সুৰক্ষিত",
      "ONE_TIME_VIEWABLE": "এক-সময় দেখা যাব",
      "SECURITY_TEXT": "সংক্ৰান্ত, সুৰক্ষিত আৰু ৰক্ষিত ",
      "SECURITY_TEXT2": "Stellar Security"
    }
  }
  