{
    "HOME": {
      "HEADER_TITLE": "स्टेलर सिक्रेट",
      "HOW_IT_WORKS": "हे कसे कार्य करते",
      "DOWNLOAD_APP": "ऍप डाउनलोड करा",
      
      "ONE_TIME_SECRET_MESSAGING_TITLE": "एक-वेळ गुप्त संदेश",
      "ONE_TIME_SECRET_MESSAGING_SUBTITLE": "गुपित शेअर करा, आणि फडफड—ते गायब होतात!",
      
      "ENCRYPTED_PROTECTED_BY": "स्टेलर सुरक्षा द्वारे एनक्रिप्टेड, सुरक्षित आणि संरक्षित",
      "WITHOUT_TRACE_TITLE": "खुणेशिवाय",
      "WITHOUT_TRACE_DESCRIPTION": "आम्ही तुमच्या संवेदनशील माहितीची मजबूत सुरक्षा सुनिश्चित करतो. सर्व डेटा क्लायंट-साइडवर एनक्रिप्ट केला जातो. आम्ही तुमचा IP पत्ता, तुम्ही काय शेअर करता, किंवा तुम्ही गुप्त लिंक कोणासोबत शेअर करता हे माहित नाही - आणि सर्वात महत्त्वाचे, सामग्रीसुद्धा.",
      
      "PRIVACY_PROTECTED_TITLE": "गोपनीयता संरक्षित",
      "PRIVACY_PROTECTED_DESCRIPTION": "तुम्ही तयार केलेल्या गुप्त माहितीची लिंक आणि तुम्ही ती कोणासोबत शेअर करता हे तुम्हीच एकटेच माहित असता. गुप्त तयार करताना, तुम्ही एक पासवर्ड जोडू शकता जो अनलॉक होण्यापूर्वी आवश्यक आहे. तसेच, बर्नर-टाइम सेट करणे शक्य आहे. काहीही असो, गुप्त 14 दिवसानंतर डिलीट केली जाईल.",
      
      "END_TO_END_ENCRYPTED_TITLE": "एंड-टू-एंड एनक्रिप्टेड",
      "END_TO_END_ENCRYPTED_DESCRIPTION": "सर्व लिंक आणि सामग्री क्लायंट-साइडवर हॅश केल्या जातात, म्हणजेच आम्ही लिंक आणि सामग्रीची माहितीही नाही. प्रत्येक लिंकचा 36 लांबीचा अद्वितीय आयडी असतो जो एक-मार्ग एनक्रिप्शन आहे ज्यामुळे गुप्त संदेश आणि AES-256 द्वारे एनक्रिप्ट केलेल्या सामग्रीवर प्रवेश केला जाऊ शकतो.",
      
      "HOW_IT_WORKS_TITLE": "हे कसे कार्य करते?",
      "STEP_1_TITLE": "तुमचा संदेश आणि/किंवा पासवर्ड तयार करा",
      "STEP_2_TITLE": "गुप्त लिंक तयार करा",
      "STEP_3_TITLE": "लिंक शेअर करा",
      
      "COMPANY_LOGO_ALT": "कंपनी लोगो",
      
      "SHARE_TITLE": "गुप्त संदेश शेअर करा",
      "SHARE_DESCRIPTION_PART_1": "लेखून आणि संदेश पाठवा, हे",
      "SHARE_DESCRIPTION_PART_2": "वाचल्यानंतर हटवले जाईल.",
      
      "SHARE_BULLET_1": "खुणेशिवाय.",
      "SHARE_BULLET_2": "गोपनीयता संरक्षित",
      "SHARE_BULLET_3": "एक-वेळ पाहता येण्यायोग्य",
      
      "SHARE_ENCRYPTED_BY": "स्टेलर सुरक्षा द्वारे एनक्रिप्टेड, सुरक्षित आणि संरक्षित",
      
      "SHARE_TEXTAREA_PLACEHOLDER": "तुमचा गुप्त संदेश, पासवर्ड किंवा संवेदनशील माहिती लिहा *",
      "SHARE_OPTIONS": "पर्याय",
      
      "SHARE_EMPTY": "काहीही न ठेवणे.",
      "SHARE_BUTTON": "गुप्त लिंक तयार करा",
      
      "CREATED_TITLE": "तुम्ही गुप्त तयार केले आहे",
      "CREATED_SUBTITLE": "हे एकच वेळा दर्शवले जाईल",
      
      "CREATED_TITLE_SHARE": "लिंक कॉपी करा किंवा शेअर करा.",
      "CREATED_BUTTON": "कॉपी",
      "CREATED_CREATE_SECRET": "नवीन गुप्त तयार करा",
      "CREATED_BURNSECRET": "गुप्त जाळा",
      "URL_COPIED": "URL कॉपी झाला आहे.",
      "SHARE_BURNER_TIME":"आयुष्यकाल",
      "SHARE_PASS_PHRASE":"पासफ्रेज",
      "VIEW_SECRET": "गुप्त पहा"
    },
    "HOWITWORK": {
      "HEADER_TITLE": "स्टेलर सिक्रेट",
      "HOW_IT_WORKS": "हे कसे कार्य करते",
      "DOWNLOAD_APP": "ऍप डाउनलोड करा",
      
      "ONE_TIME_SECRET_MESSAGING_TITLE": "एक-वेळ गुप्त संदेश",
      "ONE_TIME_SECRET_MESSAGING_SUBTITLE": "गुपित शेअर करा, आणि फडफड—ते गायब होतात!",
      
      "ENCRYPTED_PROTECTED_BY": "स्टेलर सुरक्षा द्वारे एनक्रिप्टेड, सुरक्षित आणि संरक्षित",
      "WITHOUT_TRACE_TITLE": "खुणेशिवाय",
      "WITHOUT_TRACE_DESCRIPTION": "आम्ही तुमच्या संवेदनशील माहितीची मजबूत सुरक्षा सुनिश्चित करतो. सर्व डेटा क्लायंट-साइडवर एनक्रिप्ट केला जातो. आम्ही तुमचा IP पत्ता, तुम्ही काय शेअर करता, किंवा तुम्ही गुप्त लिंक कोणासोबत शेअर करता हे माहित नाही - आणि सर्वात महत्त्वाचे, सामग्रीसुद्धा.",
      
      "PRIVACY_PROTECTED_TITLE": "गोपनीयता संरक्षित",
      "PRIVACY_PROTECTED_DESCRIPTION": "तुम्ही तयार केलेल्या गुप्त माहितीची लिंक आणि तुम्ही ती कोणासोबत शेअर करता हे तुम्हीच एकटेच माहित असता. गुप्त तयार करताना, तुम्ही एक पासवर्ड जोडू शकता जो अनलॉक होण्यापूर्वी आवश्यक आहे. तसेच, बर्नर-टाइम सेट करणे शक्य आहे. काहीही असो, गुप्त 14 दिवसानंतर डिलीट केली जाईल.",
      
      "END_TO_END_ENCRYPTED_TITLE": "एंड-टू-एंड एनक्रिप्टेड",
      "END_TO_END_ENCRYPTED_DESCRIPTION": "सर्व लिंक आणि सामग्री क्लायंट-साइडवर हॅश केल्या जातात, म्हणजेच आम्ही लिंक आणि सामग्रीची माहितीही नाही. प्रत्येक लिंकचा 36 लांबीचा अद्वितीय आयडी असतो जो एक-मार्ग एनक्रिप्शन आहे ज्यामुळे गुप्त संदेश आणि AES-256 द्वारे एनक्रिप्ट केलेल्या सामग्रीवर प्रवेश केला जाऊ शकतो.",
      
      "HOW_IT_WORKS_TITLE": "हे कसे कार्य करते?",
      "STEP_1_TITLE": "तुमचा संदेश आणि/किंवा पासवर्ड तयार करा",
      "STEP_2_TITLE": "गुप्त लिंक तयार करा",
      "STEP_3_TITLE": "लिंक शेअर करा",
      
      "COMPANY_LOGO_ALT": "कंपनी लोगो",
      
      "SHARE_TITLE": "गुप्त संदेश शेअर करा",
      "SHARE_DESCRIPTION_PART_1": "लेखून आणि संदेश पाठवा, हे",
      "SHARE_DESCRIPTION_PART_2": "वाचल्यानंतर हटवले जाईल.",
      
      "SHARE_BULLET_1": "खुणेशिवाय.",
      "SHARE_BULLET_2": "गोपनीयता संरक्षित",
      "SHARE_BULLET_3": "एक-वेळ पाहता येण्यायोग्य",
      
      "SHARE_ENCRYPTED_BY": "स्टेलर सुरक्षा द्वारे एनक्रिप्टेड, सुरक्षित आणि संरक्षित",
      
      "SHARE_TEXTAREA_PLACEHOLDER": "तुमचा गुप्त संदेश, पासवर्ड किंवा संवेदनशील माहिती लिहा *",
      "SHARE_OPTIONS": "पर्याय",
      
      "SHARE_EMPTY": "काहीही न ठेवणे.",
      "SHARE_BUTTON": "गुप्त लिंक तयार करा",
      
      "CREATED_TITLE": "तुम्ही गुप्त तयार केले आहे",
      "CREATED_SUBTITLE": "हे एकच वेळा दर्शवले जाईल",
      
      "CREATED_TITLE_SHARE": "लिंक कॉपी करा किंवा शेअर करा.",
      "CREATED_BUTTON": "कॉपी",
      "CREATED_CREATE_SECRET": "नवीन गुप्त तयार करा",
      "CREATED_BURNSECRET": "गुप्त जाळा",
      "URL_COPIED": "URL कॉपी झाला आहे.",
      
      "VIEW_SECRET": "गुप्त पहा"
    },
    "CREATEDPAGE": {
      "CREATEDPAGE": "स्टेलर सिक्रेट",
      "HOW_IT_WORKS": "हे कसे कार्य करते",
      "DOWNLOAD_APP": "ऍप डाउनलोड करा",
      "CREATED_TITLE": "तुम्ही गुप्त तयार केले आहे",
      "CREATED_SUBTITLE": "हे एकच वेळा दर्शवले जाईल",
      "CREATED_TITLE_SHARE": "लिंक कॉपी करा किंवा शेअर करा.",
      "CREATED_BUTTON": "कॉपी",
      "CREATED_CREATE_SECRET": "नवीन गुप्त तयार करा",
      "CREATED_BURNSECRET": "गुप्त जाळा",
      "URL_COPIED": "URL कॉपी झाला आहे."
    },
    "CONFIRMATION": {
      "YOURE_GONNA_BURN_THIS_SECRET": "तुम्ही हे गुप्त जाळणार आहात",
      "SECRET_UNAVAILABLE_TEXT": "हे आता उपलब्ध राहणार नाही",
      "BURN_FOREVER": "आयुष्यभर जाळा",
      "CANCEL": "रद्द करा"
    },
    "VIEW": {
      "LOGO_TEXT": "स्टेलर सिक्रेट",
      "HOW_IT_WORKS": "हे कसे कार्य करते",
      "DOWNLOAD_APP": "ऍप डाउनलोड करा",
      "WELCOME_MESSAGE": "नमस्कार, तुम्हाला एक गुप्त संदेश प्राप्त झाला आहे!",
      "INSTRUCTION": "लेखून आणि संदेश पाठवा, हे वाचल्यानंतर हटवले जाईल.",
      "SHOW_MESSAGE_ONCE": "खालील संदेश <strong>फक्त एकच वेळा</strong> दर्शवला जाईल",
      "OPEN_SECRET_MESSAGE": "गुप्त संदेश उघडा",
      "INPUT_PASSPHRASE": "पासफ्रेज प्रविष्ट करा",
      "PASS_PHRASE_PLACEHOLDER": "पासफ्रेज",
      "OPEN_SECRET_BUTTON": "गुप्त संदेश उघडा",
      "YOUR_SECRET_MESSAGE": "तुमचा गुप्त संदेश",
      "COPY": "कॉपी",
      "MESSAGE_LABEL": "संदेश",
      "REPLY": "उत्तर द्या",
      "DOWNLOAD_MESSAGE": "मोबाइलवर स्टेलर सिक्रेट डाउनलोड करा, तुमचे गुप्त संदेश तयार करा",
      "WITHOUT_TRACE": "खुणेशिवाय.",
      "PRIVACY_PROTECTED": "गोपनीयता संरक्षित",
      "ONE_TIME_VIEWABLE": "एक-वेळ पाहता येण्यायोग्य",
      "SECURITY_TEXT": "एनक्रिप्टेड, सुरक्षित आणि संरक्षित ",
      "SECURITY_TEXT2": "स्टेलर सुरक्षा"
    }
  }
  