{
    "HOME": {
      "HEADER_TITLE": "စတဲလာစီးကရက်",
      "HOW_IT_WORKS": "အလုပ်လုပ်ပုံ",
      "DOWNLOAD_APP": "အက်ပ်ဒေါင်းလုပ်ရန်",
      
      "ONE_TIME_SECRET_MESSAGING_TITLE": "တစ်ခါတည်းသော လျို့ဝှက်မက်ဆေ့ခ်ျ",
      "ONE_TIME_SECRET_MESSAGING_SUBTITLE": "လျို့ဝှက်ချက်များမျှဝေရန်၊ ထိုနောက်ပျောက်သွားပါသည်။",
      
      "ENCRYPTED_PROTECTED_BY": "စတဲလာစီးကရက်မှ ချည်းနှီး၊ လုံခြုံပြီး ကာကွယ်ထားသည်",
      "WITHOUT_TRACE_TITLE": "သက်မှတ်မရှိဘဲ",
      "WITHOUT_TRACE_DESCRIPTION": "သင်၏ခံစားရသောအချက်အလက်ကို ခိုင်မာစွာကာကွယ်ထားသည်။ အချက်အလက်အားလုံးကို client-side ပေါ်တွင် ကွပ်မျက်ထားသည်။ သင်၏ IP လိပ်စာ၊ သင်မျှဝေသည့်အကြောင်းအရာ သို့မဟုတ် သင်လျို့ဝှက်ချက်များကို ဘယ်သူနှင့်မျှ မသိပါ။ အရေးကြီးဆုံးကတော့ အကြောင်းအရာပါ။",
      
      "PRIVACY_PROTECTED_TITLE": "ပုဂ္ဂိုလ်ရေးကို ကာကွယ်ထားသည်",
      "PRIVACY_PROTECTED_DESCRIPTION": "သင့်ဖန်တီးသည့် လျို့ဝှက်အချက်အလက်အတွက် လင့်ခ်ကို သင်သာသာသိပြီး သင်မည်သူနှင့်မျှမျှဝေသည်ကိုလည်း သိသည်။ လျို့ဝှက်ချက်တစ်ခုဖန်တီးသောအခါ၊ ဖွင့်လှစ်ရန် မတ်ဆေ့ချ်ကို ဖြည့်ပါ။ သင့်အား အချိန်ကပ်တတ်မှုကို ထည့်သွင်းရန်လည်း အပြုံး။ အချို့အရာကို ရှုပ်ထွေးခြင်းမရှိဘဲ ၁၄ ရက်အတွင်း ဖျက်သိမ်းမည်။",
      
      "END_TO_END_ENCRYPTED_TITLE": "အဆုံးမှအဆုံး သင့်လျော်မှု",
      "END_TO_END_ENCRYPTED_DESCRIPTION": "လင့်ခ်များနှင့် အကြောင်းအရာအားလုံးကို client-side ပေါ်တွင် အထုတ်အဖြတ်ထားသည်။ အဆိုပါအကြောင်းအရာနှင့် လင့်ခ်ကိုမှ ကျွန်တော်တို့လည်း မသိပါ။ အတိုင်းအတာ ၃၆ ရာဂီရှိသော အထူး ID တစ်ခုသည် AES-256 နဲ့ ကွပ်မျက်ထားသည့် လျို့ဝှက်မက်ဆေ့ခ်ျနှင့် အကြောင်းအရာကို အောက်ပိုင်းကနေ ရယူနိုင်ရန် သာဖြစ်ပါသည်။",
      
      "HOW_IT_WORKS_TITLE": "ဒါက ဘယ်လိုအလုပ်လုပ်လဲ?",
      "STEP_1_TITLE": "သင့်မက်ဆေ့ခ်ျနှင့်/သို့မဟုတ် မတ်ဆေ့ချ်ကို ဖန်တီးပါ",
      "STEP_2_TITLE": "လျို့ဝှက်လင့်ခ်ကို ဖန်တီးပါ",
      "STEP_3_TITLE": "လင့်ခ်ကို မျှဝေပေးပါ",
      
      "COMPANY_LOGO_ALT": "ကုမ္ပဏီအမှတ်အသား",
      
      "SHARE_TITLE": "လျို့ဝှက်မက်ဆေ့ခ်ျကို မျှဝေပါ",
      "SHARE_DESCRIPTION_PART_1": "မက်ဆေ့ချျကိုရေးပါ၊ နှင့် ပို့ပါ၊ ထိုနောက်",
      "SHARE_DESCRIPTION_PART_2": "ဖတ်သွားသည့်အခါ ဖျက်သိမ်းပါမည်။",
      
      "SHARE_BULLET_1": "သက်မှတ်မရှိဘဲ။",
      "SHARE_BULLET_2": "ပုဂ္ဂိုလ်ရေးကို ကာကွယ်ထားသည်",
      "SHARE_BULLET_3": "တစ်ခါတည်းကြည့်ရနိုင်သည်",
      
      "SHARE_ENCRYPTED_BY": "စတဲလာစီးကရက်မှ ချည်းနှီး၊ လုံခြုံပြီး ကာကွယ်ထားသည်",
      
      "SHARE_TEXTAREA_PLACEHOLDER": "သင့်လျို့ဝှက်မက်ဆေ့ချျ၊ မတ်ဆေ့ချ် သို့မဟုတ် ချက်ချင်းပြောသည့် အချက်အလက်ကို ရေးပါ *",
      "SHARE_OPTIONS": "ရွေးချယ်မှုများ",
      
      "SHARE_EMPTY": "မရှိလို့ ချီးမြှင့်ပါ။",
      "SHARE_BUTTON": "လျို့ဝှက်လင့်ခ် ဖန်တီးပါ",
      
      "CREATED_TITLE": "သင့်လျို့ဝှက်သည် ဖန်တီးခဲ့သည်",
      "CREATED_SUBTITLE": "၎င်းသည် တစ်ခါသာ ပြသမည်",
      
      "CREATED_TITLE_SHARE": "လင့်ခ်ကို ကော်ပီလုပ်ပါ သို့မဟုတ် မျှဝေပေးပါ။",
      "CREATED_BUTTON": "ကော်ပီလုပ်ပါ",
      "CREATED_CREATE_SECRET": "အသစ်သော လျို့ဝှက်ကို ဖန်တီးပါ",
      "CREATED_BURNSECRET": "လျို့ဝှက်ကို ဖျက်သိမ်းပါ",
      "URL_COPIED": "URL ကို ကော်ပီလုပ်ခဲ့သည်။",
      "SHARE_BURNER_TIME": "အသက်တိုး",
      "SHARE_PASS_PHRASE": "စကားဝှက်",
      "VIEW_SECRET": "လျို့ဝှက်ကို ကြည့်ပါ"
    },
    "HOWITWORK": {
      "HEADER_TITLE": "စတဲလာစီးကရက်",
      "HOW_IT_WORKS": "အလုပ်လုပ်ပုံ",
      "DOWNLOAD_APP": "အက်ပ်ဒေါင်းလုပ်ရန်",
    
      "ONE_TIME_SECRET_MESSAGING_TITLE": "တစ်ခါတည်းသော လျို့ဝှက်မက်ဆေ့ခ်ျ",
      "ONE_TIME_SECRET_MESSAGING_SUBTITLE": "လျို့ဝှက်ချက်များမျှဝေရန်၊ ထိုနောက်ပျောက်သွားပါသည်။",
    
      "ENCRYPTED_PROTECTED_BY": "စတဲလာစီးကရက်မှ ချည်းနှီး၊ လုံခြုံပြီး ကာကွယ်ထားသည်",
      "WITHOUT_TRACE_TITLE": "သက်မှတ်မရှိဘဲ",
      "WITHOUT_TRACE_DESCRIPTION": "သင်၏ခံစားရသောအချက်အလက်ကို ခိုင်မာစွာကာကွယ်ထားသည်။ အချက်အလက်အားလုံးကို client-side ပေါ်တွင် ကွပ်မျက်ထားသည်။ သင်၏ IP လိပ်စာ၊ သင်မျှဝေသည့်အကြောင်းအရာ သို့မဟုတ် သင်လျို့ဝှက်ချက်များကို ဘယ်သူနှင့်မျှ မသိပါ။ အရေးကြီးဆုံးကတော့ အကြောင်းအရာပါ။",
    
      "PRIVACY_PROTECTED_TITLE": "ပုဂ္ဂိုလ်ရေးကို ကာကွယ်ထားသည်",
      "PRIVACY_PROTECTED_DESCRIPTION": "သင့်ဖန်တီးသည့် လျို့ဝှက်အချက်အလက်အတွက် လင့်ခ်ကို သင်သာသာသိပြီး သင်မည်သူနှင့်မျှမျှဝေသည်ကိုလည်း သိသည်။ လျို့ဝှက်ချက်တစ်ခုဖန်တီးသောအခါ၊ ဖွင့်လှစ်ရန် မတ်ဆေ့ချ်ကို ဖြည့်ပါ။ သင့်အား အချိန်ကပ်တတ်မှုကို ထည့်သွင်းရန်လည်း အပြုံး။ အချို့အရာကို ရှုပ်ထွေးခြင်းမရှိဘဲ ၁၄ ရက်အတွင်း ဖျက်သိမ်းမည်။",
    
      "END_TO_END_ENCRYPTED_TITLE": "အဆုံးမှအဆုံး သင့်လျော်မှု",
      "END_TO_END_ENCRYPTED_DESCRIPTION": "လင့်ခ်များနှင့် အကြောင်းအရာအားလုံးကို client-side ပေါ်တွင် အထုတ်အဖြတ်ထားသည်။ အဆိုပါအကြောင်းအရာနှင့် လင့်ခ်ကိုမှ ကျွန်တော်တို့လည်း မသိပါ။ အတိုင်းအတာ ၃၆ ရာဂီရှိသော အထူး ID တစ်ခုသည် AES-256 နဲ့ ကွပ်မျက်ထားသည့် လျို့ဝှက်မက်ဆေ့ခ်ျနှင့် အကြောင်းအရာကို အောက်ပိုင်းကနေ ရယူနိုင်ရန် သာဖြစ်ပါသည်။",
    
      "HOW_IT_WORKS_TITLE": "ဒါက ဘယ်လိုအလုပ်လုပ်လဲ?",
      "STEP_1_TITLE": "သင့်မက်ဆေ့ခ်ျနှင့်/သို့မဟုတ် မတ်ဆေ့ချ်ကို ဖန်တီးပါ",
      "STEP_2_TITLE": "လျို့ဝှက်လင့်ခ်ကို ဖန်တီးပါ",
      "STEP_3_TITLE": "လင့်ခ်ကို မျှဝေပေးပါ",
    
      "COMPANY_LOGO_ALT": "ကုမ္ပဏီအမှတ်အသား",
    
      "SHARE_TITLE": "လျို့ဝှက်မက်ဆေ့ခ်ျကို မျှဝေပါ",
      "SHARE_DESCRIPTION_PART_1": "မက်ဆေ့ချျကိုရေးပါ၊ နှင့် ပို့ပါ၊ ထိုနောက်",
      "SHARE_DESCRIPTION_PART_2": "ဖတ်သွားသည့်အခါ ဖျက်သိမ်းပါမည်။",
    
      "SHARE_BULLET_1": "သက်မှတ်မရှိဘဲ။",
      "SHARE_BULLET_2": "ပုဂ္ဂိုလ်ရေးကို ကာကွယ်ထားသည်",
      "SHARE_BULLET_3": "တစ်ခါတည်းကြည့်ရနိုင်သည်",
    
      "SHARE_ENCRYPTED_BY": "စတဲလာစီးကရက်မှ ချည်းနှီး၊ လုံခြုံပြီး ကာကွယ်ထားသည်",
    
      "SHARE_TEXTAREA_PLACEHOLDER": "သင့်လျို့ဝှက်မက်ဆေ့ခ်ျ၊ မတ်ဆေ့ချ် သို့မဟုတ် ချက်ချင်းပြောသည့် အချက်အလက်ကို ရေးပါ *",
      "SHARE_OPTIONS": "ရွေးချယ်မှုများ",
    
      "SHARE_EMPTY": "မရှိလို့ ချီးမြှင့်ပါ။",
      "SHARE_BUTTON": "လျို့ဝှက်လင့်ခ် ဖန်တီးပါ",
    
      "CREATED_TITLE": "သင့်လျို့ဝှက်သည် ဖန်တီးခဲ့သည်",
      "CREATED_SUBTITLE": "၎င်းသည် တစ်ခါသာ ပြသမည်",
    
      "CREATED_TITLE_SHARE": "လင့်ခ်ကို ကော်ပီလုပ်ပါ သို့မဟုတ် မျှဝေပေးပါ။",
      "CREATED_BUTTON": "ကော်ပီလုပ်ပါ",
      "CREATED_CREATE_SECRET": "အသစ်သော လျို့ဝှက်ကို ဖန်တီးပါ",
      "CREATED_BURNSECRET": "လျို့ဝှက်ကို ဖျက်သိမ်းပါ",
      "URL_COPIED": "URL ကို ကော်ပီလုပ်ခဲ့သည်။",
    
      "VIEW_SECRET": "လျို့ဝှက်ကို ကြည့်ပါ"
    },
    "CREATEDPAGE": {
      "CREATEDPAGE": "စတဲလာစီးကရက်",
      "HOW_IT_WORKS": "အလုပ်လုပ်ပုံ",
      "DOWNLOAD_APP": "အက်ပ်ဒေါင်းလုပ်ရန်",
      "CREATED_TITLE": "သင့်လျို့ဝှက်သည် ဖန်တီးခဲ့သည်",
      "CREATED_SUBTITLE": "၎င်းသည် တစ်ခါသာ ပြသမည်",
      "CREATED_TITLE_SHARE": "လင့်ခ်ကို ကော်ပီလုပ်ပါ သို့မဟုတ် မျှဝေပေးပါ။",
      "CREATED_BUTTON": "ကော်ပီလုပ်ပါ",
      "CREATED_CREATE_SECRET": "အသစ်သော လျို့ဝှက်ကို ဖန်တီးပါ",
      "CREATED_BURNSECRET": "လျို့ဝှက်ကို ဖျက်သိမ်းပါ",
      "URL_COPIED": "URL ကို ကော်ပီလုပ်ခဲ့သည်။"
    },
    "CONFIRMATION": {
      "YOURE_GONNA_BURN_THIS_SECRET": "သင်ဤလျို့ဝှက်ကို ဖျက်သိမ်းရန် သတ်မှတ်ထားသည်",
      "SECRET_UNAVAILABLE_TEXT": "အချိန်မှာမရရှိနိုင်တော့ပါ",
      "BURN_FOREVER": "ရောဂါကြီးဖျက်သိမ်းရန်",
      "CANCEL": "ကာကွယ်ရန်"
    },
    "VIEW": {
      "LOGO_TEXT": "စတဲလာစီးကရက်",
      "HOW_IT_WORKS": "အလုပ်လုပ်ပုံ",
      "DOWNLOAD_APP": "အက်ပ်ဒေါင်းလုပ်ရန်",
      "WELCOME_MESSAGE": "မင်္ဂလာပါ၊ သင်သည် လျို့ဝှက်မက်ဆေ့ခ်ျကို လက်ခံရရှိခဲ့သည်!",
      "INSTRUCTION": "မက်ဆေ့ချျကိုရေးပြီး ပို့ပါ၊ ဖတ်ပြီးလျှင် ဖျက်သိမ်းမည်။",
      "SHOW_MESSAGE_ONCE": "နောက်မှ <strong>တစ်ခါသာ</strong>ပြသမည်",
      "OPEN_SECRET_MESSAGE": "လျို့ဝှက်မက်ဆေ့ချျကို ဖွင့်ပါ",
      "INPUT_PASSPHRASE": "စကားဝှက်ထည့်ပါ",
      "PASS_PHRASE_PLACEHOLDER": "စကားဝှက်",
      "OPEN_SECRET_BUTTON": "လျို့ဝှက်မက်ဆေ့ချျကို ဖွင့်ပါ",
      "YOUR_SECRET_MESSAGE": "သင့်လျို့ဝှက်မက်ဆေ့ချျ",
      "COPY": "ကော်ပီလုပ်ပါ",
      "MESSAGE_LABEL": "မက်ဆေ့ချျ",
      "REPLY": "ပြန်လည်ဖြေပါ",
      "DOWNLOAD_MESSAGE": "မိုဘိုင်းတွင် စတဲလာစီးကရက်ကို ဒေါင်းလုပ်လုပ်ပါ၊ သင့်လျို့ဝှက်မက်ဆေ့ချျများကို ဖန်တီးပါ",
      "WITHOUT_TRACE": "သက်မှတ်မရှိဘဲ။",
      "PRIVACY_PROTECTED": "ပုဂ္ဂိုလ်ရေးကို ကာကွယ်ထားသည်",
      "ONE_TIME_VIEWABLE": "တစ်ခါတည်းကြည့်ရနိုင်သည်",
      "SECURITY_TEXT": "ချည်းနှီး၊ လုံခြုံပြီး ကာကွယ်ထားသည်",
      "SECURITY_TEXT2": "စတဲလာစီးကရက်"
    }
  }
  