{
    "HOME": {
      "HEADER_TITLE": "स्टेलर सिक्रेट",
      "HOW_IT_WORKS": "यसरी काम गर्दछ",
      "DOWNLOAD_APP": "एप डाउनलोड गर्नुहोस्",
      
      "ONE_TIME_SECRET_MESSAGING_TITLE": "एक पटकको गोप्य सन्देश",
      "ONE_TIME_SECRET_MESSAGING_SUBTITLE": "गोप्य सन्देश साझा गर्नुहोस्, र हुलुँ—सर्लक्कै हराउनेछ!",
      
      "ENCRYPTED_PROTECTED_BY": "स्टेलर सुरक्षा द्वारा एन्क्रिप्टेड, सुरक्षित र संरक्षित",
      "WITHOUT_TRACE_TITLE": "कोही निशान बिना",
      "WITHOUT_TRACE_DESCRIPTION": "हामी तपाईंको संवेदनशील जानकारीको बलियो सुरक्षा सुनिश्चित गर्दछौं। सबै डेटा क्लाइन्ट-साइडमा एन्क्रिप्ट गरिएको छ। हामी तपाईंको IP ठेगाना, के तपाईं के साझा गर्नुहुन्छ, वा तपाईं गोप्य लिंकहरू कसँग साझा गर्नुहुन्छ भन्ने कुरा थाहा पाउँदैनौं—र सबैभन्दा महत्त्वपूर्ण कुरा, सामग्री।",
      
      "PRIVACY_PROTECTED_TITLE": "गोपनीयता संरक्षित",
      "PRIVACY_PROTECTED_DESCRIPTION": "तपाईं मात्र जान्नुहुन्छ कि तपाईंले सिर्जना गरेको गोप्य जानकारीको लिंक र तपाईंले यसलाई कसँग साझा गर्नुहुन्छ। एक गोप्य सन्देश सिर्जना गर्दा, यसलाई अनलक गर्नको लागि पासवर्ड थप्न सकिन्छ। यो पनि बर्नर-समय सेट गर्न सकिन्छ। केहि पनि भएन, 14 दिन पछि गोप्य सन्देश मेटिनेछ।",
      
      "END_TO_END_ENCRYPTED_TITLE": "एन्ड-टू-एन्ड एन्क्रिप्टेड",
      "END_TO_END_ENCRYPTED_DESCRIPTION": "सारा लिंकहरू र सामग्री क्लाइन्ट-साइडमा ह्याश गरिएका छन्, जसको मतलब हामीलाई लिंक र सामग्री थाहा छैन। प्रत्येक लिंकमा 36 अक्षरको अनूठो ID छ जुन एक-तर्फी एन्क्रिप्शन हो ताकि गोप्य सन्देश र यसको सामग्रीमा पहुँच प्राप्त गर्न सकियोस् जुन AES-256 सँग एन्क्रिप्ट गरिएको छ।",
      
      "HOW_IT_WORKS_TITLE": "यसरी काम गर्दछ?",
      "STEP_1_TITLE": "तपाईंको सन्देश लेख्नुहोस् र/वा पासवर्ड उत्पन्न गर्नुहोस्",
      "STEP_2_TITLE": "गोप्य लिंक सिर्जना गर्नुहोस्",
      "STEP_3_TITLE": "लिंक साझेदारी गर्नुहोस्",
      
      "COMPANY_LOGO_ALT": "कम्पनी लोगो",
      
      "SHARE_TITLE": "गोप्य सन्देश साझा गर्नुहोस्",
      "SHARE_DESCRIPTION_PART_1": "सन्देश लेख्नुहोस् र पठाउनुहोस्, यसलाई",
      "SHARE_DESCRIPTION_PART_2": "पढिसकेपछि मेटाइनेछ।",
      
      "SHARE_BULLET_1": "कोही निशान बिना।",
      "SHARE_BULLET_2": "गोपनीयता संरक्षित",
      "SHARE_BULLET_3": "एक पटक हेर्न सकिने",
      
      "SHARE_ENCRYPTED_BY": "स्टेलर सुरक्षा द्वारा एन्क्रिप्टेड, सुरक्षित र संरक्षित",
      
      "SHARE_TEXTAREA_PLACEHOLDER": "तपाईंको गोप्य सन्देश, पासवर्ड वा संवेदनशील जानकारी लेख्नुहोस् *",
      "SHARE_OPTIONS": "विकल्पहरू",
      
      "SHARE_EMPTY": "कुनै नभएर छोड्नुहोस्।",
      "SHARE_BUTTON": "गोप्य लिंक सिर्जना गर्नुहोस्",
      
      "CREATED_TITLE": "तपाईंको गोप्य सिर्जना गरिएको छ",
      "CREATED_SUBTITLE": "यो केवल एकपटक मात्र देखाइनेछ",
      
      "CREATED_TITLE_SHARE": "लिंक प्रतिलिपि गर्नुहोस् वा साझा गर्नुहोस्।",
      "CREATED_BUTTON": "प्रतिलिपि गर्नुहोस्",
      "CREATED_CREATE_SECRET": "नयाँ गोप्य सिर्जना गर्नुहोस्",
      "CREATED_BURNSECRET": "गोप्य मेटाउनुहोस्",
      "URL_COPIED": "URL प्रतिलिपि गरिएको छ।",
      "SHARE_BURNER_TIME":"जीवनकाल",
      "SHARE_PASS_PHRASE":"पासफ्रेज",
      "VIEW_SECRET": "गोप्य हेर्नुहोस्"
    },
    "HOWITWORK": {
      "HEADER_TITLE": "स्टेलर सिक्रेट",
      "HOW_IT_WORKS": "यसरी काम गर्दछ",
      "DOWNLOAD_APP": "एप डाउनलोड गर्नुहोस्",
      
      "ONE_TIME_SECRET_MESSAGING_TITLE": "एक पटकको गोप्य सन्देश",
      "ONE_TIME_SECRET_MESSAGING_SUBTITLE": "गोप्य सन्देश साझा गर्नुहोस्, र हुलुँ—सर्लक्कै हराउनेछ!",
      
      "ENCRYPTED_PROTECTED_BY": "स्टेलर सुरक्षा द्वारा एन्क्रिप्टेड, सुरक्षित र संरक्षित",
      "WITHOUT_TRACE_TITLE": "कोही निशान बिना",
      "WITHOUT_TRACE_DESCRIPTION": "हामी तपाईंको संवेदनशील जानकारीको बलियो सुरक्षा सुनिश्चित गर्दछौं। सबै डेटा क्लाइन्ट-साइडमा एन्क्रिप्ट गरिएको छ। हामी तपाईंको IP ठेगाना, के तपाईं के साझा गर्नुहुन्छ, वा तपाईं गोप्य लिंकहरू कसँग साझा गर्नुहुन्छ भन्ने कुरा थाहा पाउँदैनौं—र सबैभन्दा महत्त्वपूर्ण कुरा, सामग्री।",
      
      "PRIVACY_PROTECTED_TITLE": "गोपनीयता संरक्षित",
      "PRIVACY_PROTECTED_DESCRIPTION": "तपाईं मात्र जान्नुहुन्छ कि तपाईंले सिर्जना गरेको गोप्य जानकारीको लिंक र तपाईंले यसलाई कसँग साझा गर्नुहुन्छ। एक गोप्य सन्देश सिर्जना गर्दा, यसलाई अनलक गर्नको लागि पासवर्ड थप्न सकिन्छ। यो पनि बर्नर-समय सेट गर्न सकिन्छ। केहि पनि भएन, 14 दिन पछि गोप्य सन्देश मेटिनेछ।",
      
      "END_TO_END_ENCRYPTED_TITLE": "एन्ड-टू-एन्ड एन्क्रिप्टेड",
      "END_TO_END_ENCRYPTED_DESCRIPTION": "सारा लिंकहरू र सामग्री क्लाइन्ट-साइडमा ह्याश गरिएका छन्, जसको मतलब हामीलाई लिंक र सामग्री थाहा छैन। प्रत्येक लिंकमा 36 अक्षरको अनूठो ID छ जुन एक-तर्फी एन्क्रिप्शन हो ताकि गोप्य सन्देश र यसको सामग्रीमा पहुँच प्राप्त गर्न सकियोस् जुन AES-256 सँग एन्क्रिप्ट गरिएको छ।",
      
      "HOW_IT_WORKS_TITLE": "यसरी काम गर्दछ?",
      "STEP_1_TITLE": "तपाईंको सन्देश लेख्नुहोस् र/वा पासवर्ड उत्पन्न गर्नुहोस्",
      "STEP_2_TITLE": "गोप्य लिंक सिर्जना गर्नुहोस्",
      "STEP_3_TITLE": "लिंक साझेदारी गर्नुहोस्",
      
      "COMPANY_LOGO_ALT": "कम्पनी लोगो",
      
      "SHARE_TITLE": "गोप्य सन्देश साझा गर्नुहोस्",
      "SHARE_DESCRIPTION_PART_1": "सन्देश लेख्नुहोस् र पठाउनुहोस्, यसलाई",
      "SHARE_DESCRIPTION_PART_2": "पढिसकेपछि मेटाइनेछ।",
      
      "SHARE_BULLET_1": "कोही निशान बिना।",
      "SHARE_BULLET_2": "गोपनीयता संरक्षित",
      "SHARE_BULLET_3": "एक पटक हेर्न सकिने",
      
      "SHARE_ENCRYPTED_BY": "स्टेलर सुरक्षा द्वारा एन्क्रिप्टेड, सुरक्षित र संरक्षित",
      
      "SHARE_TEXTAREA_PLACEHOLDER": "तपाईंको गोप्य सन्देश, पासवर्ड वा संवेदनशील जानकारी लेख्नुहोस् *",
      "SHARE_OPTIONS": "विकल्पहरू",
      
      "SHARE_EMPTY": "कुनै नभएर छोड्नुहोस्।",
      "SHARE_BUTTON": "गोप्य लिंक सिर्जना गर्नुहोस्",
      
      "CREATED_TITLE": "तपाईंको गोप्य सिर्जना गरिएको छ",
      "CREATED_SUBTITLE": "यो केवल एकपटक मात्र देखाइनेछ",
      
      "CREATED_TITLE_SHARE": "लिंक प्रतिलिपि गर्नुहोस् वा साझा गर्नुहोस्।",
      "CREATED_BUTTON": "प्रतिलिपि गर्नुहोस्",
      "CREATED_CREATE_SECRET": "नयाँ गोप्य सिर्जना गर्नुहोस्",
      "CREATED_BURNSECRET": "गोप्य मेटाउनुहोस्",
      "URL_COPIED": "URL प्रतिलिपि गरिएको छ।",
      
      "VIEW_SECRET": "गोप्य हेर्नुहोस्"
    },
    "CREATEDPAGE": {
      "CREATEDPAGE": "स्टेलर सिक्रेट",
      "HOW_IT_WORKS": "यसरी काम गर्दछ",
      "DOWNLOAD_APP": "एप डाउनलोड गर्नुहोस्",
      "CREATED_TITLE": "तपाईंको गोप्य सिर्जना गरिएको छ",
      "CREATED_SUBTITLE": "यो केवल एकपटक मात्र देखाइनेछ",
      "CREATED_TITLE_SHARE": "लिंक प्रतिलिपि गर्नुहोस् वा साझा गर्नुहोस्।",
      "CREATED_BUTTON": "प्रतिलिपि गर्नुहोस्",
      "CREATED_CREATE_SECRET": "नयाँ गोप्य सिर्जना गर्नुहोस्",
      "CREATED_BURNSECRET": "गोप्य मेटाउनुहोस्",
      "URL_COPIED": "URL प्रतिलिपि गरिएको छ।"
    },
    "CONFIRMATION": {
      "YOURE_GONNA_BURN_THIS_SECRET": "तपाईं यो गोप्य मेटाउन जानुहुन्छ",
      "SECRET_UNAVAILABLE_TEXT": "यो अब उपलब्ध हुनेछैन",
      "BURN_FOREVER": "सधैंका लागि मेटाउनुहोस्",
      "CANCEL": "रद्द गर्नुहोस्"
    },
    "VIEW": {
      "LOGO_TEXT": "स्टेलर सिक्रेट",
      "HOW_IT_WORKS": "यसरी काम गर्दछ",
      "DOWNLOAD_APP": "एप डाउनलोड गर्नुहोस्",
      "WELCOME_MESSAGE": "नमस्ते, तपाईंलाई एक गोप्य सन्देश प्राप्त भयो!",
      "INSTRUCTION": "सन्देश लेख्नुहोस् र पठाउनुहोस्, यसलाई पढिसकेपछि मेटाइनेछ।",
      "SHOW_MESSAGE_ONCE": "निम्न सन्देश <strong>केवल एकपटक</strong> मात्र देखाइनेछ",
      "OPEN_SECRET_MESSAGE": "गोप्य सन्देश खोल्नुहोस्",
      "INPUT_PASSPHRASE": "पासफ्रेज इनपुट गर्नुहोस्",
      "PASS_PHRASE_PLACEHOLDER": "पासफ्रेज",
      "OPEN_SECRET_BUTTON": "गोप्य सन्देश खोल्नुहोस्",
      "YOUR_SECRET_MESSAGE": "तपाईंको गोप्य सन्देश",
      "COPY": "प्रतिलिपि गर्नुहोस्",
      "MESSAGE_LABEL": "सन्देश",
      "REPLY": "जवाफ दिनुहोस्",
      "DOWNLOAD_MESSAGE": "मोबाइलमा स्टेलर सिक्रेट डाउनलोड गर्नुहोस्, तपाईंको गोप्य सन्देशहरू सिर्जना गर्नुहोस्",
      "WITHOUT_TRACE": "कोही निशान बिना।",
      "PRIVACY_PROTECTED": "गोपनीयता संरक्षित",
      "ONE_TIME_VIEWABLE": "एक पटक हेर्न सकिने",
      "SECURITY_TEXT": "एन्क्रिप्टेड, सुरक्षित र संरक्षित ",
      "SECURITY_TEXT2": "स्टेलर सुरक्षा द्वारा"
    }
  }
  