{
    "HOME": {
      "HEADER_TITLE": "Sirna Seeraa",
      "HOW_IT_WORKS": "Akkaataa itti hojjetu",
      "DOWNLOAD_APP": "App Fayyadami",
      
      "ONE_TIME_SECRET_MESSAGING_TITLE": "Ergaa Sirna Tokkicha",
      "ONE_TIME_SECRET_MESSAGING_SUBTITLE": "Seerota qooduu, achi booda—gonee!",
      
      "ENCRYPTED_PROTECTED_BY": "Nyaatamuu, eegu fi eegamuu Sirna Seeraa",
      "WITHOUT_TRACE_TITLE": "Barbaachisummaa Male",
      "WITHOUT_TRACE_DESCRIPTION": "Osoo dhugaa kee ilaalcha hin qabnu, odeeffannoon kee hunda kaanii hin beeynu. Odeeffannoo hunda client-irratti amansiisaa ta'ee ni eeggama. IP kee, maal qooduu fi eenyu waliin qoodaa akka ta'e, fi akkaataa isiinii yeroo barbaachisaa waliin hunda.",
      
      "PRIVACY_PROTECTED_TITLE": "Aangoo Eegamaa",
      "PRIVACY_PROTECTED_DESCRIPTION": "Linki sirna sirrii tokkicha siif qofa beekkama. Keessatti sirna tokko, ergaa keessan banuu dura password dabaluun ni danda'ama. Akkasumas, yeroo aarsaa kaa'uuf carraa qaba. Haala kamiinuu, sirni ergaa 14 guyyaa booda haquu ni danda'ama.",
      
      "END_TO_END_ENCRYPTED_TITLE": "Gara-gara Encrypted",
      "END_TO_END_ENCRYPTED_DESCRIPTION": "Linki fi qabiyyeen hundi client-irratti hash godhameera, kunis linki fi qabiyyeen hin beeknu jechuudha. Linki hundinuu ID addaa qabdi dheerina 36 fi encryption gara tokkoo ta'ee, Secret Message fi qabiyyeen ishee AES-256 waliin encrypted ta'uu.",
      
      "HOW_IT_WORKS_TITLE": "Akkaataa itti hojjetu?",
      "STEP_1_TITLE": "Ergaa keessan barreessi fi/amma password uumuu",
      "STEP_2_TITLE": "Linkii Sirna Uumi",
      "STEP_3_TITLE": "Linkii qooduu",
      
      "COMPANY_LOGO_ALT": "Lakkaddaa Dhaabbataa",
      
      "SHARE_TITLE": "Ergaa sirrii qooduu",
      "SHARE_DESCRIPTION_PART_1": "Barreessi fi ergaa erguu,",
      "SHARE_DESCRIPTION_PART_2": "ka'umsa booda haquu.",
      
      "SHARE_BULLET_1": "Barbaachisummaa Male.",
      "SHARE_BULLET_2": "Aangoo Eegamaa",
      "SHARE_BULLET_3": "Yeroo tokkicha argamuu",
      
      "SHARE_ENCRYPTED_BY": "Nyaatamuu, eegu fi eegamuu Sirna Seeraa",
      
      "SHARE_TEXTAREA_PLACEHOLDER": "Ergaa sirrii, password ykn odeeffannoo saffisa",
      "SHARE_OPTIONS": "Filannoo",
      
      "SHARE_EMPTY": "Dhaabbadhu bakka hin jirre.",
      "SHARE_BUTTON": "Linkii Sirna Uumi",
      
      "CREATED_TITLE": "Sirni Kee uumameera",
      "CREATED_SUBTITLE": "Yeroo tokko qofa agarsiifama",
      
      "CREATED_TITLE_SHARE": "Linkii kophi'aa ykn qoodaa.",
      "CREATED_BUTTON": "KOPHI",
      "CREATED_CREATE_SECRET": "Sirna Haaraa Uumi",
      "CREATED_BURNSECRET": "Sirna Haquu",
      "URL_COPIED": "URL'n kophi'ameera.",
      "SHARE_BURNER_TIME":"Yeroo Duraa",
      "SHARE_PASS_PHRASE":"Gola",
      "VIEW_SECRET": "Sirna Argadhu"
    },
    "HOWITWORK": {
      "HEADER_TITLE": "Sirna Seeraa",
      "HOW_IT_WORKS": "Akkaataa itti hojjetu",
      "DOWNLOAD_APP": "App Fayyadami",
    
      "ONE_TIME_SECRET_MESSAGING_TITLE": "Ergaa Sirna Tokkicha",
      "ONE_TIME_SECRET_MESSAGING_SUBTITLE": "Seerota qooduu, achi booda—gonee!",
    
      "ENCRYPTED_PROTECTED_BY": "Nyaatamuu, eegu fi eegamuu Sirna Seeraa",
      "WITHOUT_TRACE_TITLE": "Barbaachisummaa Male",
      "WITHOUT_TRACE_DESCRIPTION": "Osoo dhugaa kee ilaalcha hin qabnu, odeeffannoon kee hunda kaanii hin beeynu. Odeeffannoo hunda client-irratti amansiisaa ta'ee ni eeggama. IP kee, maal qooduu fi eenyu waliin qoodaa akka ta'e, fi akkaataa isiinii yeroo barbaachisaa waliin hunda.",
    
      "PRIVACY_PROTECTED_TITLE": "Aangoo Eegamaa",
      "PRIVACY_PROTECTED_DESCRIPTION": "Linki sirna sirrii tokkicha siif qofa beekkama. Keessatti sirna tokko, ergaa keessan banuu dura password dabaluun ni danda'ama. Akkasumas, yeroo aarsaa kaa'uuf carraa qaba. Haala kamiinuu, sirni ergaa 14 guyyaa booda haquu ni danda'ama.",
    
      "END_TO_END_ENCRYPTED_TITLE": "Gara-gara Encrypted",
      "END_TO_END_ENCRYPTED_DESCRIPTION": "Linki fi qabiyyeen hundi client-irratti hash godhameera, kunis linki fi qabiyyeen hin beeknu jechuudha. Linki hundinuu ID addaa qabdi dheerina 36 fi encryption gara tokkoo ta'ee, Secret Message fi qabiyyeen ishee AES-256 waliin encrypted ta'uu.",
    
      "HOW_IT_WORKS_TITLE": "Akkaataa itti hojjetu?",
      "STEP_1_TITLE": "Ergaa keessan barreessi fi/amma password uumuu",
      "STEP_2_TITLE": "Linkii Sirna Uumi",
      "STEP_3_TITLE": "Linkii qooduu",
    
      "COMPANY_LOGO_ALT": "Lakkaddaa Dhaabbataa",
    
      "SHARE_TITLE": "Ergaa sirrii qooduu",
      "SHARE_DESCRIPTION_PART_1": "Barreessi fi ergaa erguu,",
      "SHARE_DESCRIPTION_PART_2": "ka'umsa booda haquu.",
    
      "SHARE_BULLET_1": "Barbaachisummaa Male.",
      "SHARE_BULLET_2": "Aangoo Eegamaa",
      "SHARE_BULLET_3": "Yeroo tokkicha argamuu",
    
      "SHARE_ENCRYPTED_BY": "Nyaatamuu, eegu fi eegamuu Sirna Seeraa",
    
      "SHARE_TEXTAREA_PLACEHOLDER": "Ergaa sirrii, password ykn odeeffannoo saffisa",
      "SHARE_OPTIONS": "Filannoo",
    
      "SHARE_EMPTY": "Dhaabbadhu bakka hin jirre.",
      "SHARE_BUTTON": "Linkii Sirna Uumi",
    
      "CREATED_TITLE": "Sirni Kee uumameera",
      "CREATED_SUBTITLE": "Yeroo tokko qofa agarsiifama",
    
      "CREATED_TITLE_SHARE": "Linkii kophi'aa ykn qoodaa.",
      "CREATED_BUTTON": "KOPHI",
      "CREATED_CREATE_SECRET": "Sirna Haaraa Uumi",
      "CREATED_BURNSECRET": "Sirna Haquu",
      "URL_COPIED": "URL'n kophi'ameera.",
      "VIEW_SECRET": "Sirna Argadhu"
    },
    "CREATEDPAGE": {
      "CREATEDPAGE": "Sirna Seeraa",
      "HOW_IT_WORKS": "Akkaataa itti hojjetu",
      "DOWNLOAD_APP": "App Fayyadami",
      "CREATED_TITLE": "Sirni Kee uumameera",
      "CREATED_SUBTITLE": "Yeroo tokko qofa agarsiifama",
      "CREATED_TITLE_SHARE": "Linkii kophi'aa ykn qoodaa.",
      "CREATED_BUTTON": "KOPHI",
      "CREATED_CREATE_SECRET": "Sirna Haaraa Uumi",
      "CREATED_BURNSECRET": "Sirna Haquu",
      "URL_COPIED": "URL'n kophi'ameera."
    },
    "CONFIRMATION": {
      "YOURE_GONNA_BURN_THIS_SECRET": "Sirni kana haquu barbaadda",
      "SECRET_UNAVAILABLE_TEXT": "Ittuma hin argamu",
      "BURN_FOREVER": "Haqaa Haala",
      "CANCEL": "Cabsuu"
    },
    "VIEW": {
      "LOGO_TEXT": "Sirna Seeraa",
      "HOW_IT_WORKS": "Akkaataa itti hojjetu",
      "DOWNLOAD_APP": "App Fayyadami",
      "WELCOME_MESSAGE": "Baga Nagaan Dhuftan, ergaa sirrii argatte!",
      "INSTRUCTION": "Barreessi fi ergaa erguu, ka'umsa booda haquu.",
      "SHOW_MESSAGE_ONCE": "Ergaa armaan gadi <strong>yeroo tokko qofa</strong> agarsiifama",
      "OPEN_SECRET_MESSAGE": "Ergaa Sirrii Banuu",
      "INPUT_PASSPHRASE": "Gola Galchi",
      "PASS_PHRASE_PLACEHOLDER": "Gola",
      "OPEN_SECRET_BUTTON": "Ergaa Sirrii Banuu",
      "YOUR_SECRET_MESSAGE": "Ergaa Sirrii Kee",
      "COPY": "Kophaa",
      "MESSAGE_LABEL": "Ergaa",
      "REPLY": "Deebii",
      "DOWNLOAD_MESSAGE": "Sirna Seeraa mobile irratti download gochuun, ergaa sirrii kee uumuu",
      "WITHOUT_TRACE": "Barbaachisummaa Male.",
      "PRIVACY_PROTECTED": "Aangoo Eegamaa",
      "ONE_TIME_VIEWABLE": "Yeroo tokkicha argamuu",
      "SECURITY_TEXT": "Nyaatamuu, eegu fi eegamuu",
      "SECURITY_TEXT2": "Sirna Seeraa"
    }
  }
  