{
    "HOME": {
      "HEADER_TITLE": "ସ୍ଟେଲର ସିକ୍ରେଟ",
      "HOW_IT_WORKS": "ଏହା କିପରି କାମ କରେ",
      "DOWNLOAD_APP": "ଆପ୍ ଡାଉନଲୋଡ୍ କରନ୍ତୁ",
      
      "ONE_TIME_SECRET_MESSAGING_TITLE": "ଏକ ମାତ୍ର ସମୟର ସିକ୍ରେଟ ସନ୍ଦେଶ",
      "ONE_TIME_SECRET_MESSAGING_SUBTITLE": "ଗୁପ୍ତ ସନ୍ଦେଶ ଶେୟର କରନ୍ତୁ, ଏବଂ ପୁଣି ନଥିବାକୁ ପଡିବ!",
      
      "ENCRYPTED_PROTECTED_BY": "ସ୍ଟେଲର ସୁରକ୍ଷା ଦ୍ୱାରା ଇନ୍କ୍ରିପ୍ଟେଡ୍, ସୁରକ୍ଷିତ ଏବଂ ରକ୍ଷିତ",
      "WITHOUT_TRACE_TITLE": "ଏକ ଚିହ୍ନ ନାହିଁ",
      "WITHOUT_TRACE_DESCRIPTION": "ଆମେ ଆପଣଙ୍କର ସଂବେଦନଶୀଳ ତଥ୍ୟର ଶକ୍ତିଶାଳୀ ସୁରକ୍ଷା ସୁନିଶ୍ଚିତ କରୁ। ସମସ୍ତ ତଥ୍ୟ କ୍ଲାୟେଣ୍ଟ ସାଇଡ୍ ଉପରେ ଇନ୍କ୍ରିପ୍ଟ କରାଯାଉଛି। ଆମେ ଆପଣଙ୍କର IP ଠିକଣା, କଣ ଆପଣ ଶେୟର କରୁଛନ୍ତି, କିମ୍ବା କାହା ସହିତ ସିକ୍ରେଟ ଲିଙ୍କ୍ସ ଶେୟର କରୁଛନ୍ତି କି ନାହିଁ, କିନ୍ତୁ ସର୍ବପ୍ରଥମେ, ସାମଗ୍ରୀ ଜାଣୁ ନାହିଁ।",
      
      "PRIVACY_PROTECTED_TITLE": "ଗୋପନୀୟତା ସୁରକ୍ଷିତ",
      "PRIVACY_PROTECTED_DESCRIPTION": "ଆପଣ ଏକମାତ୍ର ଜଣେ, ଯିଏ ସିକ୍ରେଟ ସୂଚନା ଲିଙ୍କ୍ଟି ଜାଣିଛନ୍ତି ଏବଂ କିଏ ତାହା ସହ ଶେୟର କରିଛନ୍ତି। ଏକ ସିକ୍ରେଟ ସୃଷ୍ଟି କରିବା ବେଳେ, ଆପଣ ଏହା ଅନଲକ୍ କରାଯିବା ପୂର୍ବରୁ ଏକ ପ୍ରବେଶକୋଡ୍ ଯୋଗ କରିପାରିବେ। ସେଥିରେ ଏକ ଇନ୍ସାନ୍ସ ଶେଷ ସମୟ ବିଧାନ କରିବା ମଧ୍ୟ ସମ୍ଭବ। କୌଣସି ଯେହେତୁ, ଏକ ସିକ୍ରେଟ 14 ଦିନ ପରେ ଡିଲିଟ୍ କରାଯିବ।",
      
      "END_TO_END_ENCRYPTED_TITLE": "ଏଣ୍ଡ-ଟୁ-ଏଣ୍ଡ ଇନ୍କ୍ରିପ୍ଟେଡ୍",
      "END_TO_END_ENCRYPTED_DESCRIPTION": "ସମସ୍ତ ଲିଙ୍କ୍ ଏବଂ ସାମଗ୍ରୀ କ୍ଲାୟେଣ୍ଟ ସାଇଡ୍ ଉପରେ ହ୍ୟାସ୍ ହୋଇଛି, ଯାହାର ଅର୍ଥ ହେଉଛି ଆମେ ସେଗୁଡିକୁ ଜାଣିପାରିବା ନାହିଁ। ପ୍ରତି ଲିଙ୍କରେ 36 ଲମ୍ବର ଏକ ଅନନ୍ୟ ID ରହିଛି ଯାହା ଏକ-ଓୟା ଇନ୍କ୍ରିପ୍ସନ୍ ଯାହା ଏହା ଏକ ସିକ୍ରେଟ ସନ୍ଦେଶ ଏବଂ ଏହାର ସାମଗ୍ରୀକୁ ଆକ୍ସେସ୍ କରିବାକୁ ସକ୍ଷମ କରେ ଯାହା AES-256 ଦ୍ୱାରା ଇନ୍କ୍ରିପ୍ଟ କରାଯାଇଛି।",
      
      "HOW_IT_WORKS_TITLE": "ଏହା କିପରି କାମ କରେ?",
      "STEP_1_TITLE": "ଆପଣଙ୍କର ସନ୍ଦେଶ ଲେଖନ୍ତୁ ଏବଂ/କିମ୍ବା ପ୍ରବେଶକୋଡ୍ ସୃଷ୍ଟି କରନ୍ତୁ",
      "STEP_2_TITLE": "ସିକ୍ରେଟ ଲିଙ୍କ୍ ସୃଷ୍ଟି କରନ୍ତୁ",
      "STEP_3_TITLE": "ଲିଙ୍କ୍ ଶେୟର କରନ୍ତୁ",
      
      "COMPANY_LOGO_ALT": "କମ୍ପାନୀ ଲୋଗୋ",
      
      "SHARE_TITLE": "ଏକ ସିକ୍ରେଟ ସନ୍ଦେଶ ଶେୟର କରନ୍ତୁ",
      "SHARE_DESCRIPTION_PART_1": "ସନ୍ଦେଶ ଲେଖନ୍ତୁ ଏବଂ ପଠାନ୍ତୁ, ଏହା",
      "SHARE_DESCRIPTION_PART_2": "ପଢ଼ିବା ପରେ ଡିଲିଟ୍ ହେବ।",
      
      "SHARE_BULLET_1": "ଏକ ଚିହ୍ନ ନାହିଁ।",
      "SHARE_BULLET_2": "ଗୋପନୀୟତା ସୁରକ୍ଷିତ",
      "SHARE_BULLET_3": "ଏକ ମାତ୍ର ସମୟରେ ଦେଖାଯାଇପାରିବ",
      
      "SHARE_ENCRYPTED_BY": "ସ୍ଟେଲର ସୁରକ୍ଷା ଦ୍ୱାରା ଇନ୍କ୍ରିପ୍ଟେଡ୍, ସୁରକ୍ଷିତ ଏବଂ ରକ୍ଷିତ",
      
      "SHARE_TEXTAREA_PLACEHOLDER": "ଆପଣଙ୍କର ସିକ୍ରେଟ ସନ୍ଦେଶ, ପ୍ରବେଶକୋଡ୍ କିମ୍ବା ସଂବେଦନଶୀଳ ସୂଚନା ଲେଖନ୍ତୁ *",
      "SHARE_OPTIONS": "ବିକଳ୍ପଗୁଡିକ",
      
      "SHARE_EMPTY": "କିଛି ନାହିଁ ଛାଡ଼ନ୍ତୁ।",
      "SHARE_BUTTON": "ସିକ୍ରେଟ ଲିଙ୍କ୍ ସୃଷ୍ଟି କରନ୍ତୁ",
      
      "CREATED_TITLE": "ଆପଣଙ୍କର ସିକ୍ରେଟ ସୃଷ୍ଟି ହୋଇଛି",
      "CREATED_SUBTITLE": "ଏହା କେବଳ ଏକବାର ଦେଖାଯିବ",
      
      "CREATED_TITLE_SHARE": "ଲିଙ୍କ୍ କପି କରନ୍ତୁ କିମ୍ବା ଶେୟର କରନ୍ତୁ।",
      "CREATED_BUTTON": "କପି",
      "CREATED_CREATE_SECRET": "ନୂତନ ସିକ୍ରେଟ ସୃଷ୍ଟି କରନ୍ତୁ",
      "CREATED_BURNSECRET": "ସିକ୍ରେଟ ବର୍ଣ୍ଣ କରନ୍ତୁ",
      "URL_COPIED": "URL କପି କରାଯାଇଛି।",
      "SHARE_BURNER_TIME":"ଆୟୁ",
      "SHARE_PASS_PHRASE":"ପ୍ରବେଶକୋଡ୍",
      "VIEW_SECRET": "ସିକ୍ରେଟ ଦେଖନ୍ତୁ"
    },
    "HOWITWORK": {
      "HEADER_TITLE": "ସ୍ଟେଲର ସିକ୍ରେଟ",
      "HOW_IT_WORKS": "ଏହା କିପରି କାମ କରେ",
      "DOWNLOAD_APP": "ଆପ୍ ଡାଉନଲୋଡ୍ କରନ୍ତୁ",
      
      "ONE_TIME_SECRET_MESSAGING_TITLE": "ଏକ ମାତ୍ର ସମୟର ସିକ୍ରେଟ ସନ୍ଦେଶ",
      "ONE_TIME_SECRET_MESSAGING_SUBTITLE": "ଗୁପ୍ତ ସନ୍ଦେଶ ଶେୟର କରନ୍ତୁ, ଏବଂ ପୁଣି ନଥିବାକୁ ପଡିବ!",
      
      "ENCRYPTED_PROTECTED_BY": "ସ୍ଟେଲର ସୁରକ୍ଷା ଦ୍ୱାରା ଇନ୍କ୍ରିପ୍ଟେଡ୍, ସୁରକ୍ଷିତ ଏବଂ ରକ୍ଷିତ",
      "WITHOUT_TRACE_TITLE": "ଏକ ଚିହ୍ନ ନାହିଁ",
      "WITHOUT_TRACE_DESCRIPTION": "ଆମେ ଆପଣଙ୍କର ସଂବେଦନଶୀଳ ତଥ୍ୟର ଶକ୍ତିଶାଳୀ ସୁରକ୍ଷା ସୁନିଶ୍ଚିତ କରୁ। ସମସ୍ତ ତଥ୍ୟ କ୍ଲାୟେଣ୍ଟ ସାଇଡ୍ ଉପରେ ଇନ୍କ୍ରିପ୍ଟ କରାଯାଉଛି। ଆମେ ଆପଣଙ୍କର IP ଠିକଣା, କଣ ଆପଣ ଶେୟର କରୁଛନ୍ତି, କିମ୍ବା କାହା ସହିତ ସିକ୍ରେଟ ଲିଙ୍କ୍ସ ଶେୟର କରୁଛନ୍ତି କି ନାହିଁ, କିନ୍ତୁ ସର୍ବପ୍ରଥମେ, ସାମଗ୍ରୀ ଜାଣୁ ନାହିଁ।",
      
      "PRIVACY_PROTECTED_TITLE": "ଗୋପନୀୟତା ସୁରକ୍ଷିତ",
      "PRIVACY_PROTECTED_DESCRIPTION": "ଆପଣ ଏକମାତ୍ର ଜଣେ, ଯିଏ ସିକ୍ରେଟ ସୂଚନା ଲିଙ୍କ୍ଟି ଜାଣିଛନ୍ତି ଏବଂ କିଏ ତାହା ସହ ଶେୟର କରିଛନ୍ତି। ଏକ ସିକ୍ରେଟ ସୃଷ୍ଟି କରିବା ବେଳେ, ଆପଣ ଏହା ଅନଲକ୍ କରାଯିବା ପୂର୍ବରୁ ଏକ ପ୍ରବେଶକୋଡ୍ ଯୋଗ କରିପାରିବେ। ସେଥିରେ ଏକ ଇନ୍ସାନ୍ସ ଶେଷ ସମୟ ବିଧାନ କରିବା ମଧ୍ୟ ସମ୍ଭବ। କୌଣସି ଯେହେତୁ, ଏକ ସିକ୍ରେଟ 14 ଦିନ ପରେ ଡିଲିଟ୍ କରାଯିବ।",
      
      "END_TO_END_ENCRYPTED_TITLE": "ଏଣ୍ଡ-ଟୁ-ଏଣ୍ଡ ଇନ୍କ୍ରିପ୍ଟେଡ୍",
      "END_TO_END_ENCRYPTED_DESCRIPTION": "ସମସ୍ତ ଲିଙ୍କ୍ ଏବଂ ସାମଗ୍ରୀ କ୍ଲାୟେଣ୍ଟ ସାଇଡ୍ ଉପରେ ହ୍ୟାସ୍ ହୋଇଛି, ଯାହାର ଅର୍ଥ ହେଉଛି ଆମେ ସେଗୁଡିକୁ ଜାଣିପାରିବା ନାହିଁ। ପ୍ରତି ଲିଙ୍କରେ 36 ଲମ୍ବର ଏକ ଅନନ୍ୟ ID ରହିଛି ଯାହା ଏକ-ଓୟା ଇନ୍କ୍ରିପ୍ସନ୍ ଯାହା ଏହା ଏକ ସିକ୍ରେଟ ସନ୍ଦେଶ ଏବଂ ଏହାର ସାମଗ୍ରୀକୁ ଆକ୍ସେସ୍ କରିବାକୁ ସକ୍ଷମ କରେ ଯାହା AES-256 ଦ୍ୱାରା ଇନ୍କ୍ରିପ୍ଟ କରାଯାଇଛି।",
      
      "HOW_IT_WORKS_TITLE": "ଏହା କିପରି କାମ କରେ?",
      "STEP_1_TITLE": "ଆପଣଙ୍କର ସନ୍ଦେଶ ଲେଖନ୍ତୁ ଏବଂ/କିମ୍ବା ପ୍ରବେଶକୋଡ୍ ସୃଷ୍ଟି କରନ୍ତୁ",
      "STEP_2_TITLE": "ସିକ୍ରେଟ ଲିଙ୍କ୍ ସୃଷ୍ଟି କରନ୍ତୁ",
      "STEP_3_TITLE": "ଲିଙ୍କ୍ ଶେୟର କରନ୍ତୁ",
      
      "COMPANY_LOGO_ALT": "କମ୍ପାନୀ ଲୋଗୋ",
      
      "SHARE_TITLE": "ଏକ ସିକ୍ରେଟ ସନ୍ଦେଶ ଶେୟର କରନ୍ତୁ",
      "SHARE_DESCRIPTION_PART_1": "ସନ୍ଦେଶ ଲେଖନ୍ତୁ ଏବଂ ପଠାନ୍ତୁ, ଏହା",
      "SHARE_DESCRIPTION_PART_2": "ପଢ଼ିବା ପରେ ଡିଲିଟ୍ ହେବ।",
      
      "SHARE_BULLET_1": "ଏକ ଚିହ୍ନ ନାହିଁ।",
      "SHARE_BULLET_2": "ଗୋପନୀୟତା ସୁରକ୍ଷିତ",
      "SHARE_BULLET_3": "ଏକ ମାତ୍ର ସମୟରେ ଦେଖାଯାଇପାରିବ",
      
      "SHARE_ENCRYPTED_BY": "ସ୍ଟେଲର ସୁରକ୍ଷା ଦ୍ୱାରା ଇନ୍କ୍ରିପ୍ଟେଡ୍, ସୁରକ୍ଷିତ ଏବଂ ରକ୍ଷିତ",
      
      "SHARE_TEXTAREA_PLACEHOLDER": "ଆପଣଙ୍କର ସିକ୍ରେଟ ସନ୍ଦେଶ, ପ୍ରବେଶକୋଡ୍ କିମ୍ବା ସଂବେଦନଶୀଳ ସୂଚନା ଲେଖନ୍ତୁ *",
      "SHARE_OPTIONS": "ବିକଳ୍ପଗୁଡିକ",
      
      "SHARE_EMPTY": "କିଛି ନାହିଁ ଛାଡ଼ନ୍ତୁ।",
      "SHARE_BUTTON": "ସିକ୍ରେଟ ଲିଙ୍କ୍ ସୃଷ୍ଟି କରନ୍ତୁ",
      
      "CREATED_TITLE": "ଆପଣଙ୍କର ସିକ୍ରେଟ ସୃଷ୍ଟି ହୋଇଛି",
      "CREATED_SUBTITLE": "ଏହା କେବଳ ଏକବାର ଦେଖାଯିବ",
      
      "CREATED_TITLE_SHARE": "ଲିଙ୍କ୍ କପି କରନ୍ତୁ କିମ୍ବା ଶେୟର କରନ୍ତୁ।",
      "CREATED_BUTTON": "କପି",
      "CREATED_CREATE_SECRET": "ନୂତନ ସିକ୍ରେଟ ସୃଷ୍ଟି କରନ୍ତୁ",
      "CREATED_BURNSECRET": "ସିକ୍ରେଟ ବର୍ଣ୍ଣ କରନ୍ତୁ",
      "URL_COPIED": "URL କପି କରାଯାଇଛି।",
      "SHARE_BURNER_TIME":"ଆୟୁ",
      "SHARE_PASS_PHRASE":"ପ୍ରବେଶକୋଡ୍",
      "VIEW_SECRET": "ସିକ୍ରେଟ ଦେଖନ୍ତୁ"
    },
    "CREATEDPAGE": {
      "CREATEDPAGE": "ସ୍ଟେଲର ସିକ୍ରେଟ",
      "HOW_IT_WORKS": "ଏହା କିପରି କାମ କରେ",
      "DOWNLOAD_APP": "ଆପ୍ ଡାଉନଲୋଡ୍ କରନ୍ତୁ",
      "CREATED_TITLE": "ଆପଣଙ୍କର ସିକ୍ରେଟ ସୃଷ୍ଟି ହୋଇଛି",
      "CREATED_SUBTITLE": "ଏହା କେବଳ ଏକବାର ଦେଖାଯିବ",
      "CREATED_TITLE_SHARE": "ଲିଙ୍କ୍ କପି କରନ୍ତୁ କିମ୍ବା ଶେୟର କରନ୍ତୁ।",
      "CREATED_BUTTON": "କପି",
      "CREATED_CREATE_SECRET": "ନୂତନ ସିକ୍ରେଟ ସୃଷ୍ଟି କରନ୍ତୁ",
      "CREATED_BURNSECRET": "ସିକ୍ରେଟ ବର୍ଣ୍ଣ କରନ୍ତୁ",
      "URL_COPIED": "URL କପି କରାଯାଇଛି।"
    },
    "CONFIRMATION": {
      "YOURE_GONNA_BURN_THIS_SECRET": "ଆପଣ ଏହି ସିକ୍ରେଟ ବର୍ଣ୍ଣ କରିବେ",
      "SECRET_UNAVAILABLE_TEXT": "ଏହା ପ୍ରାପ୍ୟ ହେବ ନାହିଁ",
      "BURN_FOREVER": "ସଦା ପାଇଁ ବର୍ଣ୍ଣ କରନ୍ତୁ",
      "CANCEL": "ବାତିଲ୍ କରନ୍ତୁ"
    },
    "VIEW":{
      "LOGO_TEXT": "ସ୍ଟେଲର ସିକ୍ରେଟ",
      "HOW_IT_WORKS": "ଏହା କିପରି କାମ କରେ",
      "DOWNLOAD_APP": "ଆପ୍ ଡାଉନଲୋଡ୍ କରନ୍ତୁ",
      "WELCOME_MESSAGE": "ନମସ୍କାର, ଆପଣ ଏକ ସିକ୍ରେଟ ସନ୍ଦେଶ ପାଇଛନ୍ତି!",
      "INSTRUCTION": "ସନ୍ଦେଶ ଲେଖନ୍ତୁ ଏବଂ ପଠାନ୍ତୁ, ଏହା ପଢ଼ିବା ପରେ ଡିଲିଟ୍ ହେବ।",
      "SHOW_MESSAGE_ONCE": "ନିମ୍ନଲିଖିତ ସନ୍ଦେଶ କେବଳ <strong>ଏକବାର</strong> ଦେଖାଯିବ",
      "OPEN_SECRET_MESSAGE": "ସିକ୍ରେଟ ସନ୍ଦେଶ ଖୋଲନ୍ତୁ",
      "INPUT_PASSPHRASE": "ପ୍ରବେଶକୋଡ୍ ଦିଅନ୍ତୁ",
      "PASS_PHRASE_PLACEHOLDER": "ପ୍ରବେଶକୋଡ୍",
      "OPEN_SECRET_BUTTON": "ସିକ୍ରେଟ ସନ୍ଦେଶ ଖୋଲନ୍ତୁ",
      "YOUR_SECRET_MESSAGE": "ଆପଣଙ୍କର ସିକ୍ରେଟ ସନ୍ଦେଶ",
      "COPY": "କପି",
      "MESSAGE_LABEL": "ସନ୍ଦେଶ",
      "REPLY": "ଉତ୍ତର ଦିଅନ୍ତୁ",
      "DOWNLOAD_MESSAGE": "ମୋବାଇଲ୍ ରେ ସ୍ଟେଲର ସିକ୍ରେଟ ଡାଉନଲୋଡ୍ କରନ୍ତୁ, ଆପଣଙ୍କର ସିକ୍ରେଟ ସନ୍ଦେଶ ସୃଷ୍ଟି କରନ୍ତୁ",
      "WITHOUT_TRACE": "ଏକ ଚିହ୍ନ ନାହିଁ।",
      "PRIVACY_PROTECTED": "ଗୋପନୀୟତା ସୁରକ୍ଷିତ",
      "ONE_TIME_VIEWABLE": "ଏକ ମାତ୍ର ସମୟରେ ଦେଖାଯାଇପାରିବ",
      "SECURITY_TEXT": "ଇନ୍କ୍ରିପ୍ଟ୍, ସୁରକ୍ଷିତ ଏବଂ",
      "SECURITY_TEXT2":"ସ୍ଟେଲର ସୁରକ୍ଷା ଦ୍ୱାରା"
    }
  }
  