{
    "HOME": {
      "HEADER_TITLE": "ਸਟੈਲਰ ਸਿਕ੍ਰੇਟ",
      "HOW_IT_WORKS": "ਇਹ ਕਿਵੇਂ ਕੰਮ ਕਰਦਾ ਹੈ",
      "DOWNLOAD_APP": "ਐਪ ਡਾਊਨਲੋਡ ਕਰੋ",
      
      "ONE_TIME_SECRET_MESSAGING_TITLE": "ਇੱਕ ਵਾਰ ਦਾ ਸਿਰਫ਼ ਸੁਨੇਹਾ",
      "ONE_TIME_SECRET_MESSAGING_SUBTITLE": "ਸਿੱਖਰਾਂ ਸਾਂਝਾ ਕਰੋ, ਅਤੇ ਓਹ—ਗ਼ਾਇਬ ਹੋ ਜਾਂਦੇ ਹਨ!",
      
      "ENCRYPTED_PROTECTED_BY": "ਸਟੈਲਰ ਸੁਰੱਖਿਆ ਵੱਲੋਂ ਏਨਕ੍ਰਿਪਟ ਕੀਤਾ ਗਿਆ, ਸੁਰੱਖਿਅਤ ਅਤੇ ਸੁਰੱਖਿਅਤ",
      "WITHOUT_TRACE_TITLE": "ਬਿਨਾਂ ਕਿਸੇ ਨਿਸ਼ਾਨ ਦੇ",
      "WITHOUT_TRACE_DESCRIPTION": "ਅਸੀਂ ਤੁਹਾਡੀ ਸੰਵੇਦਨਸ਼ੀਲ ਜਾਣਕਾਰੀ ਦੀ ਮਜ਼ਬੂਤ ਸੁਰੱਖਿਆ ਨੂੰ ਯਕੀਨੀ ਬਣਾਉਂਦੇ ਹਾਂ। ਸਾਰੇ ਡੇਟਾ ਕਲਾਈਂਟ-ਸਾਈਡ 'ਤੇ ਏਨਕ੍ਰਿਪਟ ਕੀਤਾ ਜਾਂਦਾ ਹੈ। ਅਸੀਂ ਤੁਹਾਡਾ IP ਐਡਰੈੱਸ, ਤੁਸੀਂ ਕੀ ਸਾਂਝਾ ਕਰਦੇ ਹੋ ਜਾਂ ਤੁਸੀਂ ਸਿਕ੍ਰੇਟ ਲਿੰਕ ਕਿੱਥੇ ਸਾਂਝਾ ਕਰਦੇ ਹੋ, ਜਾਣਦੇ ਨਹੀਂ - ਅਤੇ ਸਭ ਤੋਂ ਮਹੱਤਵਪੂਰਣ, ਸਮੱਗਰੀ।",
      
      "PRIVACY_PROTECTED_TITLE": "ਪ੍ਰਾਈਵੇਸੀ ਸੁਰੱਖਿਅਤ",
      "PRIVACY_PROTECTED_DESCRIPTION": "ਤੁਸੀਂ ਇਕਲੌਤੇ ਹੋ ਜੋ ਸਿਰਫ਼ ਤੁਹਾਡੀ ਬਣਾਈ ਗਈ ਸਿਕ੍ਰੇਟ ਜਾਣਕਾਰੀ ਦੇ ਲਿੰਕ ਅਤੇ ਕਿਸ ਨਾਲ ਸਾਂਝਾ ਕਰਦੇ ਹੋ ਜਾਣਦੇ ਹੋ। ਸਿਕ੍ਰੇਟ ਬਣਾਉਣ ਸਮੇਂ, ਤੁਸੀਂ ਇਸਨੂੰ ਖੋਲ੍ਹਣ ਤੋਂ ਪਹਿਲਾਂ ਪਾਸਵਰਡ ਜੋੜ ਸਕਦੇ ਹੋ। ਇਸਦੇ ਨਾਲ ਬਰਨਰ-ਟਾਈਮ ਸੈਟ ਕਰਨ ਦਾ ਵਿਕਲਪ ਵੀ ਹੈ। ਕੋਈ ਵੀ ਮਾਮਲਾ ਨਹੀਂ, ਇੱਕ ਸਿਕ੍ਰੇਟ 14 ਦਿਨਾਂ ਬਾਅਦ ਮਿਟਾਇਆ ਜਾਵੇਗਾ।",
      
      "END_TO_END_ENCRYPTED_TITLE": "ਅੰਤ-ਤੱਕ ਏਨਕ੍ਰਿਪਟਡ",
      "END_TO_END_ENCRYPTED_DESCRIPTION": "ਸਾਰੇ ਲਿੰਕ ਅਤੇ ਸਮੱਗਰੀ ਕਲਾਈਂਟ-ਸਾਈਡ 'ਤੇ ਹੈਸ਼ ਕੀਤੇ ਜਾਂਦੇ ਹਨ, ਜਿਸਦਾ ਮਤਲਬ ਹੈ ਕਿ ਅਸੀਂ ਲਿੰਕ ਅਤੇ ਸਮੱਗਰੀ ਨਹੀਂ ਜਾਣਦੇ। ਹਰ ਲਿੰਕ ਦੀ 36 ਦੀ ਲੰਬਾਈ ਦਾ ਇਕ ਵਿਲੱਖਣ ID ਹੁੰਦਾ ਹੈ ਜੋ ਇੱਕ-ਮਾਰਗ ਏਨਕ੍ਰਿਪਸ਼ਨ ਹੈ ਜੋ ਸਿਕ੍ਰੇਟ ਸੁਨੇਹਾ ਅਤੇ ਉਸਦੀ ਸਮੱਗਰੀ ਨੂੰ AES-256 ਨਾਲ ਏਨਕ੍ਰਿਪਟ ਕਰਨ ਯੋਗ ਬਣਾਉਂਦਾ ਹੈ।",
      
      "HOW_IT_WORKS_TITLE": "ਇਹ ਕਿਵੇਂ ਕੰਮ ਕਰਦਾ ਹੈ?",
      "STEP_1_TITLE": "ਆਪਣਾ ਸੁਨੇਹਾ ਲਿਖੋ ਅਤੇ/ਜਾਂ ਪਾਸਵਰਡ ਜਨਰੇਟ ਕਰੋ",
      "STEP_2_TITLE": "ਸਿਕ੍ਰੇਟ ਲਿੰਕ ਬਣਾਓ",
      "STEP_3_TITLE": "ਲਿੰਕ ਸਾਂਝਾ ਕਰੋ",
      
      "COMPANY_LOGO_ALT": "ਕੰਪਨੀ ਲੋਗੋ",
      
      "SHARE_TITLE": "ਇੱਕ ਸਿਕ੍ਰੇਟ ਸੁਨੇਹਾ ਸਾਂਝਾ ਕਰੋ",
      "SHARE_DESCRIPTION_PART_1": "ਲਿਖੋ ਅਤੇ ਸੁਨੇਹਾ ਭੇਜੋ, ਇਹ",
      "SHARE_DESCRIPTION_PART_2": "ਪੜ੍ਹਨ ਤੋਂ ਬਾਅਦ ਮਿਟ ਜਾਵੇਗਾ।",
      
      "SHARE_BULLET_1": "ਬਿਨਾਂ ਕਿਸੇ ਨਿਸ਼ਾਨ ਦੇ।",
      "SHARE_BULLET_2": "ਪ੍ਰਾਈਵੇਸੀ ਸੁਰੱਖਿਅਤ",
      "SHARE_BULLET_3": "ਇੱਕ ਵਾਰ ਦੇਖਣਯੋਗ",
      
      "SHARE_ENCRYPTED_BY": "ਸਟੈਲਰ ਸੁਰੱਖਿਆ ਵੱਲੋਂ ਏਨਕ੍ਰਿਪਟ ਕੀਤਾ ਗਿਆ, ਸੁਰੱਖਿਅਤ ਅਤੇ ਸੁਰੱਖਿਅਤ",
      
      "SHARE_TEXTAREA_PLACEHOLDER": "ਆਪਣਾ ਸਿਕ੍ਰੇਟ ਸੁਨੇਹਾ, ਪਾਸਵਰਡ ਜਾਂ ਸੰਵੇਦਨਸ਼ੀਲ ਜਾਣਕਾਰੀ ਲਿਖੋ *",
      "SHARE_OPTIONS": "ਵਿਕਲਪ",
      
      "SHARE_EMPTY": "ਕੋਈ ਨਹੀਂ ਛੱਡੋ।",
      "SHARE_BUTTON": "ਸਿਕ੍ਰੇਟ ਲਿੰਕ ਬਣਾਓ",
      
      "CREATED_TITLE": "ਤੁਹਾਡਾ ਸਿਕ੍ਰੇਟ ਬਣਾਇਆ ਗਿਆ",
      "CREATED_SUBTITLE": "ਇਹ ਸਿਰਫ਼ ਇੱਕ ਵਾਰ ਹੀ ਦਿਖਾਈ ਦੇਵੇਗਾ",
      
      "CREATED_TITLE_SHARE": "ਲਿੰਕ ਕਾਪੀ ਕਰੋ ਜਾਂ ਸਾਂਝਾ ਕਰੋ।",
      "CREATED_BUTTON": "ਕਾਪੀ",
      "CREATED_CREATE_SECRET": "ਨਵਾਂ ਸਿਕ੍ਰੇਟ ਬਣਾਓ",
      "CREATED_BURNSECRET": "ਸਿਕ੍ਰੇਟ ਸਾਫ਼ ਕਰੋ",
      "URL_COPIED": "URL ਕਾਪੀ ਕੀਤਾ ਗਿਆ ਹੈ।",
      "SHARE_BURNER_TIME":"ਅਮਰਕਾਲ",
      "SHARE_PASS_PHRASE":"ਪਾਸਫਰੇਜ਼",
      "VIEW_SECRET": "ਸਿਕ੍ਰੇਟ ਦੇਖੋ"
    },
    "HOWITWORK": {
      "HEADER_TITLE": "ਸਟੈਲਰ ਸਿਕ੍ਰੇਟ",
      "HOW_IT_WORKS": "ਇਹ ਕਿਵੇਂ ਕੰਮ ਕਰਦਾ ਹੈ",
      "DOWNLOAD_APP": "ਐਪ ਡਾਊਨਲੋਡ ਕਰੋ",
      
      "ONE_TIME_SECRET_MESSAGING_TITLE": "ਇੱਕ ਵਾਰ ਦਾ ਸਿਰਫ਼ ਸੁਨੇਹਾ",
      "ONE_TIME_SECRET_MESSAGING_SUBTITLE": "ਸਿੱਖਰਾਂ ਸਾਂਝਾ ਕਰੋ, ਅਤੇ ਓਹ—ਗ਼ਾਇਬ ਹੋ ਜਾਂਦੇ ਹਨ!",
      
      "ENCRYPTED_PROTECTED_BY": "ਸਟੈਲਰ ਸੁਰੱਖਿਆ ਵੱਲੋਂ ਏਨਕ੍ਰਿਪਟ ਕੀਤਾ ਗਿਆ, ਸੁਰੱਖਿਅਤ ਅਤੇ ਸੁਰੱਖਿਅਤ",
      "WITHOUT_TRACE_TITLE": "ਬਿਨਾਂ ਕਿਸੇ ਨਿਸ਼ਾਨ ਦੇ",
      "WITHOUT_TRACE_DESCRIPTION": "ਅਸੀਂ ਤੁਹਾਡੀ ਸੰਵੇਦਨਸ਼ੀਲ ਜਾਣਕਾਰੀ ਦੀ ਮਜ਼ਬੂਤ ਸੁਰੱਖਿਆ ਨੂੰ ਯਕੀਨੀ ਬਣਾਉਂਦੇ ਹਾਂ। ਸਾਰੇ ਡੇਟਾ ਕਲਾਈਂਟ-ਸਾਈਡ 'ਤੇ ਏਨਕ੍ਰਿਪਟ ਕੀਤਾ ਜਾਂਦਾ ਹੈ। ਅਸੀਂ ਤੁਹਾਡਾ IP ਐਡਰੈੱਸ, ਤੁਸੀਂ ਕੀ ਸਾਂਝਾ ਕਰਦੇ ਹੋ ਜਾਂ ਤੁਸੀਂ ਸਿਕ੍ਰੇਟ ਲਿੰਕ ਕਿੱਥੇ ਸਾਂਝਾ ਕਰਦੇ ਹੋ, ਜਾਣਦੇ ਨਹੀਂ - ਅਤੇ ਸਭ ਤੋਂ ਮਹੱਤਵਪੂਰਣ, ਸਮੱਗਰੀ।",
      
      "PRIVACY_PROTECTED_TITLE": "ਪ੍ਰਾਈਵੇਸੀ ਸੁਰੱਖਿਅਤ",
      "PRIVACY_PROTECTED_DESCRIPTION": "ਤੁਸੀਂ ਇਕਲੌਤੇ ਹੋ ਜੋ ਸਿਰਫ਼ ਤੁਹਾਡੀ ਬਣਾਈ ਗਈ ਸਿਕ੍ਰੇਟ ਜਾਣਕਾਰੀ ਦੇ ਲਿੰਕ ਅਤੇ ਕਿਸ ਨਾਲ ਸਾਂਝਾ ਕਰਦੇ ਹੋ ਜਾਣਦੇ ਹੋ। ਸਿਕ੍ਰੇਟ ਬਣਾਉਣ ਸਮੇਂ, ਤੁਸੀਂ ਇਸਨੂੰ ਖੋਲ੍ਹਣ ਤੋਂ ਪਹਿਲਾਂ ਪਾਸਵਰਡ ਜੋੜ ਸਕਦੇ ਹੋ। ਇਸਦੇ ਨਾਲ ਬਰਨਰ-ਟਾਈਮ ਸੈਟ ਕਰਨ ਦਾ ਵਿਕਲਪ ਵੀ ਹੈ। ਕੋਈ ਵੀ ਮਾਮਲਾ ਨਹੀਂ, ਇੱਕ ਸਿਕ੍ਰੇਟ 14 ਦਿਨਾਂ ਬਾਅਦ ਮਿਟਾਇਆ ਜਾਵੇਗਾ।",
      
      "END_TO_END_ENCRYPTED_TITLE": "ਅੰਤ-ਤੱਕ ਏਨਕ੍ਰਿਪਟਡ",
      "END_TO_END_ENCRYPTED_DESCRIPTION": "ਸਾਰੇ ਲਿੰਕ ਅਤੇ ਸਮੱਗਰੀ ਕਲਾਈਂਟ-ਸਾਈਡ 'ਤੇ ਹੈਸ਼ ਕੀਤੇ ਜਾਂਦੇ ਹਨ, ਜਿਸਦਾ ਮਤਲਬ ਹੈ ਕਿ ਅਸੀਂ ਲਿੰਕ ਅਤੇ ਸਮੱਗਰੀ ਨਹੀਂ ਜਾਣਦੇ। ਹਰ ਲਿੰਕ ਦੀ 36 ਦੀ ਲੰਬਾਈ ਦਾ ਇਕ ਵਿਲੱਖਣ ID ਹੁੰਦਾ ਹੈ ਜੋ ਇੱਕ-ਮਾਰਗ ਏਨਕ੍ਰਿਪਸ਼ਨ ਹੈ ਜੋ ਸਿਕ੍ਰੇਟ ਸੁਨੇਹਾ ਅਤੇ ਉਸਦੀ ਸਮੱਗਰੀ ਨੂੰ AES-256 ਨਾਲ ਏਨਕ੍ਰਿਪਟ ਕਰਨ ਯੋਗ ਬਣਾਉਂਦਾ ਹੈ।",
      
      "HOW_IT_WORKS_TITLE": "ਇਹ ਕਿਵੇਂ ਕੰਮ ਕਰਦਾ ਹੈ?",
      "STEP_1_TITLE": "ਆਪਣਾ ਸੁਨੇਹਾ ਲਿਖੋ ਅਤੇ/ਜਾਂ ਪਾਸਵਰਡ ਜਨਰੇਟ ਕਰੋ",
      "STEP_2_TITLE": "ਸਿਕ੍ਰੇਟ ਲਿੰਕ ਬਣਾਓ",
      "STEP_3_TITLE": "ਲਿੰਕ ਸਾਂਝਾ ਕਰੋ",
      
      "COMPANY_LOGO_ALT": "ਕੰਪਨੀ ਲੋਗੋ",
      
      "SHARE_TITLE": "ਇੱਕ ਸਿਕ੍ਰੇਟ ਸੁਨੇਹਾ ਸਾਂਝਾ ਕਰੋ",
      "SHARE_DESCRIPTION_PART_1": "ਲਿਖੋ ਅਤੇ ਸੁਨੇਹਾ ਭੇਜੋ, ਇਹ",
      "SHARE_DESCRIPTION_PART_2": "ਪੜ੍ਹਨ ਤੋਂ ਬਾਅਦ ਮਿਟ ਜਾਵੇਗਾ।",
      
      "SHARE_BULLET_1": "ਬਿਨਾਂ ਕਿਸੇ ਨਿਸ਼ਾਨ ਦੇ।",
      "SHARE_BULLET_2": "ਪ੍ਰਾਈਵੇਸੀ ਸੁਰੱਖਿਅਤ",
      "SHARE_BULLET_3": "ਇੱਕ ਵਾਰ ਦੇਖਣਯੋਗ",
      
      "SHARE_ENCRYPTED_BY": "ਸਟੈਲਰ ਸੁਰੱਖਿਆ ਵੱਲੋਂ ਏਨਕ੍ਰਿਪਟ ਕੀਤਾ ਗਿਆ, ਸੁਰੱਖਿਅਤ ਅਤੇ ਸੁਰੱਖਿਅਤ",
      
      "SHARE_TEXTAREA_PLACEHOLDER": "ਆਪਣਾ ਸਿਕ੍ਰੇਟ ਸੁਨੇਹਾ, ਪਾਸਵਰਡ ਜਾਂ ਸੰਵੇਦਨਸ਼ੀਲ ਜਾਣਕਾਰੀ ਲਿਖੋ *",
      "SHARE_OPTIONS": "ਵਿਕਲਪ",
      
      "SHARE_EMPTY": "ਕੋਈ ਨਹੀਂ ਛੱਡੋ।",
      "SHARE_BUTTON": "ਸਿਕ੍ਰੇਟ ਲਿੰਕ ਬਣਾਓ",
      
      "CREATED_TITLE": "ਤੁਹਾਡਾ ਸਿਕ੍ਰੇਟ ਬਣਾਇਆ ਗਿਆ",
      "CREATED_SUBTITLE": "ਇਹ ਸਿਰਫ਼ ਇੱਕ ਵਾਰ ਹੀ ਦਿਖਾਈ ਦੇਵੇਗਾ",
      
      "CREATED_TITLE_SHARE": "ਲਿੰਕ ਕਾਪੀ ਕਰੋ ਜਾਂ ਸਾਂਝਾ ਕਰੋ।",
      "CREATED_BUTTON": "ਕਾਪੀ",
      "CREATED_CREATE_SECRET": "ਨਵਾਂ ਸਿਕ੍ਰੇਟ ਬਣਾਓ",
      "CREATED_BURNSECRET": "ਸਿਕ੍ਰੇਟ ਸਾਫ਼ ਕਰੋ",
      "URL_COPIED": "URL ਕਾਪੀ ਕੀਤਾ ਗਿਆ ਹੈ।",
      
      "VIEW_SECRET": "ਸਿਕ੍ਰੇਟ ਦੇਖੋ"
    },
    "CREATEDPAGE": {
      "CREATEDPAGE": "ਸਟੈਲਰ ਸਿਕ੍ਰੇਟ",
      "HOW_IT_WORKS": "ਇਹ ਕਿਵੇਂ ਕੰਮ ਕਰਦਾ ਹੈ",
      "DOWNLOAD_APP": "ਐਪ ਡਾਊਨਲੋਡ ਕਰੋ",
      "CREATED_TITLE": "ਤੁਹਾਡਾ ਸਿਕ੍ਰੇਟ ਬਣਾਇਆ ਗਿਆ",
      "CREATED_SUBTITLE": "ਇਹ ਸਿਰਫ਼ ਇੱਕ ਵਾਰ ਹੀ ਦਿਖਾਈ ਦੇਵੇਗਾ",
      "CREATED_TITLE_SHARE": "ਲਿੰਕ ਕਾਪੀ ਕਰੋ ਜਾਂ ਸਾਂਝਾ ਕਰੋ।",
      "CREATED_BUTTON": "ਕਾਪੀ",
      "CREATED_CREATE_SECRET": "ਨਵਾਂ ਸਿਕ੍ਰੇਟ ਬਣਾਓ",
      "CREATED_BURNSECRET": "ਸਿਕ੍ਰੇਟ ਸਾਫ਼ ਕਰੋ",
      "URL_COPIED": "URL ਕਾਪੀ ਕੀਤਾ ਗਿਆ ਹੈ।"
    },
    "CONFIRMATION": {
      "YOURE_GONNA_BURN_THIS_SECRET": "ਤੁਸੀਂ ਇਹ ਸਿਕ੍ਰੇਟ ਸਾਫ਼ ਕਰਨ ਵਾਲੇ ਹੋ",
      "SECRET_UNAVAILABLE_TEXT": "ਇਹ ਮੌਜੂਦ ਨਹੀਂ ਰਹੇਗਾ",
      "BURN_FOREVER": "ਹਮੇਸ਼ਾਂ ਲਈ ਸਾਫ਼ ਕਰੋ",
      "CANCEL": "ਰੱਦ ਕਰੋ"
    },
    "VIEW": {
      "LOGO_TEXT": "ਸਟੈਲਰ ਸਿਕ੍ਰੇਟ",
      "HOW_IT_WORKS": "ਇਹ ਕਿਵੇਂ ਕੰਮ ਕਰਦਾ ਹੈ",
      "DOWNLOAD_APP": "ਐਪ ਡਾਊਨਲੋਡ ਕਰੋ",
      "WELCOME_MESSAGE": "ਹੈਲੋ, ਤੁਹਾਨੂੰ ਇੱਕ ਸਿਕ੍ਰੇਟ ਸੁਨੇਹਾ ਮਿਲਿਆ ਹੈ!",
      "INSTRUCTION": "ਲਿਖੋ ਅਤੇ ਸੁਨੇਹਾ ਭੇਜੋ, ਇਹ ਪੜ੍ਹਨ ਤੋਂ ਬਾਅਦ ਮਿਟ ਜਾਵੇਗਾ।",
      "SHOW_MESSAGE_ONCE": "ਹੇਠਾਂ ਦਿੱਤਾ ਗਿਆ ਸੁਨੇਹਾ <strong>ਸਿਰਫ਼ ਇੱਕ ਵਾਰ</strong> ਦਿਖਾਈ ਦੇਵੇਗਾ",
      "OPEN_SECRET_MESSAGE": "ਸਿਕ੍ਰੇਟ ਸੁਨੇਹਾ ਖੋਲ੍ਹੋ",
      "INPUT_PASSPHRASE": "ਪਾਸਫਰੇਜ਼ ਦਰਜ ਕਰੋ",
      "PASS_PHRASE_PLACEHOLDER": "ਪਾਸਫਰੇਜ਼",
      "OPEN_SECRET_BUTTON": "ਸਿਕ੍ਰੇਟ ਸੁਨੇਹਾ ਖੋਲ੍ਹੋ",
      "YOUR_SECRET_MESSAGE": "ਤੁਹਾਡਾ ਸਿਕ੍ਰੇਟ ਸੁਨੇਹਾ",
      "COPY": "ਕਾਪੀ",
      "MESSAGE_LABEL": "ਸੁਨੇਹਾ",
      "REPLY": "ਜਵਾਬ ਦੇਵੋ",
      "DOWNLOAD_MESSAGE": "ਮੋਬਾਈਲ 'ਤੇ ਸਟੈਲਰ ਸਿਕ੍ਰੇਟ ਡਾਊਨਲੋਡ ਕਰੋ, ਆਪਣੇ ਸਿਕ੍ਰੇਟ ਸੁਨੇਹੇ ਬਣਾਓ",
      "WITHOUT_TRACE": "ਬਿਨਾਂ ਕਿਸੇ ਨਿਸ਼ਾਨ ਦੇ।",
      "PRIVACY_PROTECTED": "ਪ੍ਰਾਈਵੇਸੀ ਸੁਰੱਖਿਅਤ",
      "ONE_TIME_VIEWABLE": "ਇੱਕ ਵਾਰ ਦੇਖਣਯੋਗ",
      "SECURITY_TEXT": "ਏਨਕ੍ਰਿਪਟ ਕੀਤਾ ਗਿਆ, ਸੁਰੱਖਿਅਤ ਅਤੇ ਸੁਰੱਖਿਅਤ ",
      "SECURITY_TEXT2": "ਸਟੈਲਰ ਸੁਰੱਖਿਆ ਵੱਲੋਂ"
    }
  }
  