{
    "HOME": {
      "HEADER_TITLE": "Tajemnica Stellar",
      "HOW_IT_WORKS": "Jak to działa",
      "DOWNLOAD_APP": "Pobierz aplikację",
      
      "ONE_TIME_SECRET_MESSAGING_TITLE": "Jednorazowe wiadomości tajne",
      "ONE_TIME_SECRET_MESSAGING_SUBTITLE": "Udostępnij tajemnice, a potem... znikają!",
      
      "ENCRYPTED_PROTECTED_BY": "Szyfrowane, zabezpieczone i chronione przez Stellar Security",
      "WITHOUT_TRACE_TITLE": "Bez śladu",
      "WITHOUT_TRACE_DESCRIPTION": "Gwarantujemy solidną ochronę Twoich wrażliwych informacji. Wszystkie dane są szyfrowane po stronie klienta. Nie znamy Twojego adresu IP, tego, co udostępniasz ani z kim dzielisz się tajnymi linkami - a co najważniejsze, treści.",
      
      "PRIVACY_PROTECTED_TITLE": "Ochrona prywatności",
      "PRIVACY_PROTECTED_DESCRIPTION": "Tylko Ty wiesz, jaki jest link do tajnych informacji, które stworzyłeś i z kim je udostępniasz. Przy tworzeniu tajemnicy możesz dodać hasło, zanim zostanie odblokowana. Można również ustawić czas wypalenia. Niezależnie od wszystkiego, tajemnica zostanie usunięta po 14 dniach.",
      
      "END_TO_END_ENCRYPTED_TITLE": "Szyfrowanie end-to-end",
      "END_TO_END_ENCRYPTED_DESCRIPTION": "Wszystkie linki i treści są haszowane po stronie klienta, co oznacza, że nawet my nie znamy linku i treści. Każdy link ma unikalny identyfikator o długości 36, który jest jednokierunkowym szyfrowaniem umożliwiającym dostęp do Tajnej Wiadomości i jej treści szyfrowanej za pomocą AES-256.",
      
      "HOW_IT_WORKS_TITLE": "Jak to działa?",
      "STEP_1_TITLE": "Napisz swoją wiadomość i/lub wygeneruj hasło",
      "STEP_2_TITLE": "Utwórz tajny link",
      "STEP_3_TITLE": "Udostępnij link",
      
      "COMPANY_LOGO_ALT": "Logo firmy",
      
      "SHARE_TITLE": "Udostępnij tajną wiadomość",
      "SHARE_DESCRIPTION_PART_1": "Napisz i wyślij wiadomość, zostanie",
      "SHARE_DESCRIPTION_PART_2": "usunięta po przeczytaniu.",
      
      "SHARE_BULLET_1": "Bez śladu.",
      "SHARE_BULLET_2": "Ochrona prywatności",
      "SHARE_BULLET_3": "Do odczytania jednorazowego",
      
      "SHARE_ENCRYPTED_BY": "Szyfrowane, zabezpieczone i chronione przez Stellar Security",
      
      "SHARE_TEXTAREA_PLACEHOLDER": "Napisz swoją tajną wiadomość, hasło lub wrażliwe informacje *",
      "SHARE_OPTIONS": "Opcje",
      
      "SHARE_EMPTY": "Pozostaw puste, jeśli brak.",
      "SHARE_BUTTON": "Utwórz tajny link",
      
      "CREATED_TITLE": "Twoja tajemnica została utworzona",
      "CREATED_SUBTITLE": "Zostanie pokazana tylko raz",
      
      "CREATED_TITLE_SHARE": "Skopiuj link lub udostępnij go.",
      "CREATED_BUTTON": "KOPIUJ",
      "CREATED_CREATE_SECRET": "Utwórz nową tajemnicę",
      "CREATED_BURNSECRET": "Zniszcz tajemnicę",
      "URL_COPIED": "URL został skopiowany.",
      "SHARE_BURNER_TIME": "Czas życia",
      "SHARE_PASS_PHRASE": "Hasło",
      "VIEW_SECRET": "Wyświetl tajemnicę"
    },
    "HOWITWORK": {
      "HEADER_TITLE": "Tajemnica Stellar",
      "HOW_IT_WORKS": "Jak to działa",
      "DOWNLOAD_APP": "Pobierz aplikację",
    
      "ONE_TIME_SECRET_MESSAGING_TITLE": "Jednorazowe wiadomości tajne",
      "ONE_TIME_SECRET_MESSAGING_SUBTITLE": "Udostępnij tajemnice, a potem... znikają!",
    
      "ENCRYPTED_PROTECTED_BY": "Szyfrowane, zabezpieczone i chronione przez Stellar Security",
      "WITHOUT_TRACE_TITLE": "Bez śladu",
      "WITHOUT_TRACE_DESCRIPTION": "Gwarantujemy solidną ochronę Twoich wrażliwych informacji. Wszystkie dane są szyfrowane po stronie klienta. Nie znamy Twojego adresu IP, tego, co udostępniasz ani z kim dzielisz się tajnymi linkami - a co najważniejsze, treści.",
    
      "PRIVACY_PROTECTED_TITLE": "Ochrona prywatności",
      "PRIVACY_PROTECTED_DESCRIPTION": "Tylko Ty wiesz, jaki jest link do tajnych informacji, które stworzyłeś i z kim je udostępniasz. Przy tworzeniu tajemnicy możesz dodać hasło, zanim zostanie odblokowana. Można również ustawić czas wypalenia. Niezależnie od wszystkiego, tajemnica zostanie usunięta po 14 dniach.",
    
      "END_TO_END_ENCRYPTED_TITLE": "Szyfrowanie end-to-end",
      "END_TO_END_ENCRYPTED_DESCRIPTION": "Wszystkie linki i treści są haszowane po stronie klienta, co oznacza, że nawet my nie znamy linku i treści. Każdy link ma unikalny identyfikator o długości 36, który jest jednokierunkowym szyfrowaniem umożliwiającym dostęp do Tajnej Wiadomości i jej treści szyfrowanej za pomocą AES-256.",
    
      "HOW_IT_WORKS_TITLE": "Jak to działa?",
      "STEP_1_TITLE": "Napisz swoją wiadomość i/lub wygeneruj hasło",
      "STEP_2_TITLE": "Utwórz tajny link",
      "STEP_3_TITLE": "Udostępnij link",
    
      "COMPANY_LOGO_ALT": "Logo firmy",
    
      "SHARE_TITLE": "Udostępnij tajną wiadomość",
      "SHARE_DESCRIPTION_PART_1": "Napisz i wyślij wiadomość, zostanie",
      "SHARE_DESCRIPTION_PART_2": "usunięta po przeczytaniu.",
    
      "SHARE_BULLET_1": "Bez śladu.",
      "SHARE_BULLET_2": "Ochrona prywatności",
      "SHARE_BULLET_3": "Do odczytania jednorazowego",
    
      "SHARE_ENCRYPTED_BY": "Szyfrowane, zabezpieczone i chronione przez Stellar Security",
    
      "SHARE_TEXTAREA_PLACEHOLDER": "Napisz swoją tajną wiadomość, hasło lub wrażliwe informacje *",
      "SHARE_OPTIONS": "Opcje",
    
      "SHARE_EMPTY": "Pozostaw puste, jeśli brak.",
      "SHARE_BUTTON": "Utwórz tajny link",
    
      "CREATED_TITLE": "Twoja tajemnica została utworzona",
      "CREATED_SUBTITLE": "Zostanie pokazana tylko raz",
    
      "CREATED_TITLE_SHARE": "Skopiuj link lub udostępnij go.",
      "CREATED_BUTTON": "KOPIUJ",
      "CREATED_CREATE_SECRET": "Utwórz nową tajemnicę",
      "CREATED_BURNSECRET": "Zniszcz tajemnicę",
      "URL_COPIED": "URL został skopiowany.",
    
      "VIEW_SECRET": "Wyświetl tajemnicę"
    },
    "CREATEDPAGE": {
      "CREATEDPAGE": "Tajemnica Stellar",
      "HOW_IT_WORKS": "Jak to działa",
      "DOWNLOAD_APP": "Pobierz aplikację",
      "CREATED_TITLE": "Twoja tajemnica została utworzona",
      "CREATED_SUBTITLE": "Zostanie pokazana tylko raz",
      "CREATED_TITLE_SHARE": "Skopiuj link lub udostępnij go.",
      "CREATED_BUTTON": "KOPIUJ",
      "CREATED_CREATE_SECRET": "Utwórz nową tajemnicę",
      "CREATED_BURNSECRET": "Zniszcz tajemnicę",
      "URL_COPIED": "URL został skopiowany."
    },
    "CONFIRMATION": {
      "YOURE_GONNA_BURN_THIS_SECRET": "Zamierzasz zniszczyć tę tajemnicę",
      "SECRET_UNAVAILABLE_TEXT": "Nie będzie już dostępna",
      "BURN_FOREVER": "Zniszcz na zawsze",
      "CANCEL": "Anuluj"
    },
    "VIEW": {
      "LOGO_TEXT": "Tajemnica Stellar",
      "HOW_IT_WORKS": "Jak to działa",
      "DOWNLOAD_APP": "Pobierz aplikację",
      "WELCOME_MESSAGE": "Cześć, otrzymałeś tajną wiadomość!",
      "INSTRUCTION": "Napisz i wyślij wiadomość, zostanie usunięta po przeczytaniu.",
      "SHOW_MESSAGE_ONCE": "Poniższa wiadomość zostanie pokazana <strong>tylko raz</strong>",
      "OPEN_SECRET_MESSAGE": "Otwórz tajną wiadomość",
      "INPUT_PASSPHRASE": "Wprowadź hasło",
      "PASS_PHRASE_PLACEHOLDER": "Hasło",
      "OPEN_SECRET_BUTTON": "Otwórz tajną wiadomość",
      "YOUR_SECRET_MESSAGE": "Twoja tajna wiadomość",
      "COPY": "Kopiuj",
      "MESSAGE_LABEL": "Wiadomość",
      "REPLY": "Odpowiedz",
      "DOWNLOAD_MESSAGE": "Pobierz Stellar Secret na telefonie, twórz swoje tajne wiadomości",
      "WITHOUT_TRACE": "Bez śladu.",
      "PRIVACY_PROTECTED": "Ochrona prywatności",
      "ONE_TIME_VIEWABLE": "Do odczytania jednorazowego",
      "SECURITY_TEXT": "Szyfrowane, zabezpieczone i chronione przez ",
      "SECURITY_TEXT2": "Stellar Security"
    }
  }
  