{
    "HOME": {
      "HEADER_TITLE": "ستیلر خفی",
      "HOW_IT_WORKS": "دا څنګه کار کوي",
      "DOWNLOAD_APP": "اپ ډاونلوډ کړئ",
      
      "ONE_TIME_SECRET_MESSAGING_TITLE": "یوه ځل خفی پیغام رسونه",
      "ONE_TIME_SECRET_MESSAGING_SUBTITLE": "خفیات شریک کړئ، او پوف - هغوی تللي دي!",
      
      "ENCRYPTED_PROTECTED_BY": "په ستیلر امنیت لخوا انکرپټ، خوندي او محافظت شوی",
      "WITHOUT_TRACE_TITLE": "بدون کومه نښه",
      "WITHOUT_TRACE_DESCRIPTION": "موږ ستاسو حساس معلوماتو ته د قوي ساتنې تضمین کوو. ټول معلومات د کلاینت په اړخ کې انکرپټ کیږي. موږ ستاسو IP پتې، هغه څه چې تاسو شریکوئ، یا څوک چې تاسو سره خفی لینکونه شریکوئ نه پوهیږو - او تر ټولو مهم، منځپانګه.",
      
      "PRIVACY_PROTECTED_TITLE": "محرمیت خوندي شوی",
      "PRIVACY_PROTECTED_DESCRIPTION": "تاسو یوازینی یاست چې د خفی معلوماتو لینک او د هغه چا سره چې تاسو یې شریکوئ، پوهیږئ. کله چې یو خفی جوړ کړئ، تاسو کولی شئ یو رمز اضافه کړئ مخکې له دې چې خلاص شي. دا هم ممکن دی چې یو سوځیدونکي وخت وټاکئ. په هر حالت کې، یو خفی به د ۱۴ ورځو وروسته حذف شي.",
      
      "END_TO_END_ENCRYPTED_TITLE": "پای تر پای انکرپټ شوی",
      "END_TO_END_ENCRYPTED_DESCRIPTION": "ټول لینکونه او منځپانګه د کلاینت په اړخ کې هاش شوي، چې معنا یې دا ده چې حتی موږ د لینک او منځپانګې نه پوهیږو. هر لینک یو ځانګړی ID لري چې اوږدوالی یې ۳۶ دی، چې د یو لارې انکرپشن دی ترڅو د خفی پیغام او د هغې منځپانګې ته چې د AES-256 سره انکرپټ شوې، لاسرسی ومومئ.",
      
      "HOW_IT_WORKS_TITLE": "دا څنګه کار کوي؟",
      "STEP_1_TITLE": "خپله پیغام ولیکئ او/یا رمز جوړ کړئ",
      "STEP_2_TITLE": "خفی لینک جوړ کړئ",
      "STEP_3_TITLE": "لینک شریک کړئ",
      
      "COMPANY_LOGO_ALT": "د شرکت لوگو",
      
      "SHARE_TITLE": "یوه خفی پیغام شریک کړئ",
      "SHARE_DESCRIPTION_PART_1": "پیغام ولیکئ او واستوئ، دا به",
      "SHARE_DESCRIPTION_PART_2": "ختم شي کله چې ولولئ.",
      
      "SHARE_BULLET_1": "بدون کومه نښه.",
      "SHARE_BULLET_2": "محرمیت خوندي شوی",
      "SHARE_BULLET_3": "یوه ځل لیدل کیدونکی",
      
      "SHARE_ENCRYPTED_BY": "په ستیلر امنیت لخوا انکرپټ، خوندي او محافظت شوی",
      
      "SHARE_TEXTAREA_PLACEHOLDER": "خپله خفی پیغام، رمز یا حساس معلومات ولیکئ *",
      "SHARE_OPTIONS": "اختیارات",
      
      "SHARE_EMPTY": "خالي پریږدئ که هیڅ نه وي.",
      "SHARE_BUTTON": "خفی لینک جوړ کړئ",
      
      "CREATED_TITLE": "ستاسو خفی جوړ شو",
      "CREATED_SUBTITLE": "دا به یوازینی ځل وښودل شي",
      
      "CREATED_TITLE_SHARE": "لینک کاپي کړئ یا شریک کړئ.",
      "CREATED_BUTTON": "کاپي",
      "CREATED_CREATE_SECRET": "نوې خفی جوړ کړئ",
      "CREATED_BURNSECRET": "خفی وسوزوئ",
      "URL_COPIED": "URL کاپي شو.",
      "SHARE_BURNER_TIME":"د ژوند وخت",
      "SHARE_PASS_PHRASE":"پاسفریز",
      "VIEW_SECRET": "خفی وګورئ"
    },
    "HOWITWORK": {
      "HEADER_TITLE": "ستیلر خفی",
      "HOW_IT_WORKS": "دا څنګه کار کوي",
      "DOWNLOAD_APP": "اپ ډاونلوډ کړئ",
      
      "ONE_TIME_SECRET_MESSAGING_TITLE": "یوه ځل خفی پیغام رسونه",
      "ONE_TIME_SECRET_MESSAGING_SUBTITLE": "خفیات شریک کړئ، او پوف - هغوی تللي دي!",
      
      "ENCRYPTED_PROTECTED_BY": "په ستیلر امنیت لخوا انکرپټ، خوندي او محافظت شوی",
      "WITHOUT_TRACE_TITLE": "بدون کومه نښه",
      "WITHOUT_TRACE_DESCRIPTION": "موږ ستاسو حساس معلوماتو ته د قوي ساتنې تضمین کوو. ټول معلومات د کلاینت په اړخ کې انکرپټ کیږي. موږ ستاسو IP پتې، هغه څه چې تاسو شریکوئ، یا څوک چې تاسو سره خفی لینکونه شریکوئ نه پوهیږو - او تر ټولو مهم، منځپانګه.",
      
      "PRIVACY_PROTECTED_TITLE": "محرمیت خوندي شوی",
      "PRIVACY_PROTECTED_DESCRIPTION": "تاسو یوازینی یاست چې د خفی معلوماتو لینک او د هغه چا سره چې تاسو یې شریکوئ، پوهیږئ. کله چې یو خفی جوړ کړئ، تاسو کولی شئ یو رمز اضافه کړئ مخکې له دې چې خلاص شي. دا هم ممکن دی چې یو سوځیدونکي وخت وټاکئ. په هر حالت کې، یو خفی به د ۱۴ ورځو وروسته حذف شي.",
      
      "END_TO_END_ENCRYPTED_TITLE": "پای تر پای انکرپټ شوی",
      "END_TO_END_ENCRYPTED_DESCRIPTION": "ټول لینکونه او منځپانګه د کلاینت په اړخ کې هاش شوي، چې معنا یې دا ده چې حتی موږ د لینک او منځپانګې نه پوهیږو. هر لینک یو ځانګړی ID لري چې اوږدوالی یې ۳۶ دی، چې د یو لارې انکرپشن دی ترڅو د خفی پیغام او د هغې منځپانګې ته چې د AES-256 سره انکرپټ شوې، لاسرسی ومومئ.",
      
      "HOW_IT_WORKS_TITLE": "دا څنګه کار کوي؟",
      "STEP_1_TITLE": "خپله پیغام ولیکئ او/یا رمز جوړ کړئ",
      "STEP_2_TITLE": "خفی لینک جوړ کړئ",
      "STEP_3_TITLE": "لینک شریک کړئ",
      
      "COMPANY_LOGO_ALT": "د شرکت لوگو",
      
      "SHARE_TITLE": "یوه خفی پیغام شریک کړئ",
      "SHARE_DESCRIPTION_PART_1": "پیغام ولیکئ او واستوئ، دا به",
      "SHARE_DESCRIPTION_PART_2": "ختم شي کله چې ولولئ.",
      
      "SHARE_BULLET_1": "بدون کومه نښه.",
      "SHARE_BULLET_2": "محرمیت خوندي شوی",
      "SHARE_BULLET_3": "یوه ځل لیدل کیدونکی",
      
      "SHARE_ENCRYPTED_BY": "په ستیلر امنیت لخوا انکرپټ، خوندي او محافظت شوی",
      
      "SHARE_TEXTAREA_PLACEHOLDER": "خپله خفی پیغام، رمز یا حساس معلومات ولیکئ *",
      "SHARE_OPTIONS": "اختیارات",
      
      "SHARE_EMPTY": "خالي پریږدئ که هیڅ نه وي.",
      "SHARE_BUTTON": "خفی لینک جوړ کړئ",
      
      "CREATED_TITLE": "ستاسو خفی جوړ شو",
      "CREATED_SUBTITLE": "دا به یوازینی ځل وښودل شي",
      
      "CREATED_TITLE_SHARE": "لینک کاپي کړئ یا شریک کړئ.",
      "CREATED_BUTTON": "کاپي",
      "CREATED_CREATE_SECRET": "نوې خفی جوړ کړئ",
      "CREATED_BURNSECRET": "خفی وسوزوئ",
      "URL_COPIED": "URL کاپي شو.",
      
      "VIEW_SECRET": "خفی وګورئ"
    },
    "CREATEDPAGE": {
      "CREATEDPAGE": "ستیلر خفی",
      "HOW_IT_WORKS": "دا څنګه کار کوي",
      "DOWNLOAD_APP": "اپ ډاونلوډ کړئ",
      "CREATED_TITLE": "ستاسو خفی جوړ شو",
      "CREATED_SUBTITLE": "دا به یوازینی ځل وښودل شي",
      "CREATED_TITLE_SHARE": "لینک کاپي کړئ یا شریک کړئ.",
      "CREATED_BUTTON": "کاپي",
      "CREATED_CREATE_SECRET": "نوې خفی جوړ کړئ",
      "CREATED_BURNSECRET": "خفی وسوزوئ",
      "URL_COPIED": "URL کاپي شو."
    },
    "CONFIRMATION": {
      "YOURE_GONNA_BURN_THIS_SECRET": "تاسو به دا خفی وسوزوئ",
      "SECRET_UNAVAILABLE_TEXT": "دا به نور نه وي ترلاسه کیدی",
      "BURN_FOREVER": "تل لپاره وسوزوئ",
      "CANCEL": "لغو"
    },
    "VIEW": {
      "LOGO_TEXT": "ستیلر خفی",
      "HOW_IT_WORKS": "دا څنګه کار کوي",
      "DOWNLOAD_APP": "اپ ډاونلوډ کړئ",
      "WELCOME_MESSAGE": "سلام، تاسو یو خفی پیغام ترلاسه کړ!",
      "INSTRUCTION": "پیغام ولیکئ او واستوئ، دا به ختم شي کله چې ولولئ.",
      "SHOW_MESSAGE_ONCE": "لانډین پیغام به <strong>یوازې یو ځل</strong> وښودل شي",
      "OPEN_SECRET_MESSAGE": "خفی پیغام خلاص کړئ",
      "INPUT_PASSPHRASE": "پاسفریز ولیکئ",
      "PASS_PHRASE_PLACEHOLDER": "پاسفریز",
      "OPEN_SECRET_BUTTON": "خفی پیغام خلاص کړئ",
      "YOUR_SECRET_MESSAGE": "ستاسو خفی پیغام",
      "COPY": "کاپي",
      "MESSAGE_LABEL": "پیغام",
      "REPLY": "ځواب",
      "DOWNLOAD_MESSAGE": "ستیلر خفی موبایل لپاره ډاونلوډ کړئ، خپل خفی پیغامونه جوړ کړئ",
      "WITHOUT_TRACE": "بدون کومه نښه.",
      "PRIVACY_PROTECTED": "محرمیت خوندي شوی",
      "ONE_TIME_VIEWABLE": "یوه ځل لیدل کیدونکی",
      "SECURITY_TEXT": "په ",
      "SECURITY_TEXT2": "ستیلر امنیت"
    }
  }
  