{
    "HOME": {
      "HEADER_TITLE": "Secret Stellar",
      "HOW_IT_WORKS": "Cum funcționează",
      "DOWNLOAD_APP": "Descarcă aplicația",
      
      "ONE_TIME_SECRET_MESSAGING_TITLE": "Mesagerie Secretă Unică",
      "ONE_TIME_SECRET_MESSAGING_SUBTITLE": "Împărtășește secrete, și puff—au dispărut!",
      
      "ENCRYPTED_PROTECTED_BY": "Criptat, securizat și protejat de Stellar Security",
      "WITHOUT_TRACE_TITLE": "Fără urmă",
      "WITHOUT_TRACE_DESCRIPTION": "Asigurăm o protecție robustă a informațiilor tale sensibile. Toate datele sunt criptate pe partea clientului. Nu știm adresa ta IP, ce împărtășești sau cu cine împărtășești linkurile secrete - și cel mai important, conținutul.",
      
      "PRIVACY_PROTECTED_TITLE": "Confidențialitate Protejată",
      "PRIVACY_PROTECTED_DESCRIPTION": "Tu ești singurul care știe linkul către informațiile secrete pe care le-ai creat și cu cine le împărtășești. Când creezi un secret, poți adăuga o parolă înainte să fie deblocat. De asemenea, este posibil să setezi un timp de expirare. Oricum, un secret va fi șters după 14 zile.",
      
      "END_TO_END_ENCRYPTED_TITLE": "Criptat end-to-end",
      "END_TO_END_ENCRYPTED_DESCRIPTION": "Toate linkurile și conținutul sunt hash-uite pe partea clientului, ceea ce înseamnă că nici măcar noi nu știm linkul și conținutul. Fiecare link are un ID unic de lungime de 36 care este o criptare unidirecțională pentru a putea accesa Mesajul Secret și conținutul său, care este criptat cu AES-256.",
      
      "HOW_IT_WORKS_TITLE": "Cum funcționează?",
      "STEP_1_TITLE": "Scrie mesajul tău și/sau generează parolă",
      "STEP_2_TITLE": "Creează Linkul Secret",
      "STEP_3_TITLE": "Împărtășește linkul",
      
      "COMPANY_LOGO_ALT": "Logo-ul companiei",
      
      "SHARE_TITLE": "Împărtășește un mesaj secret",
      "SHARE_DESCRIPTION_PART_1": "Scrie și trimite mesajul, va fi",
      "SHARE_DESCRIPTION_PART_2": "șters după ce a fost citit.",
      
      "SHARE_BULLET_1": "Fără urmă.",
      "SHARE_BULLET_2": "Confidențialitate Protejată",
      "SHARE_BULLET_3": "Vizibil o singură dată",
      
      "SHARE_ENCRYPTED_BY": "Criptat, securizat și protejat de Stellar Security",
      
      "SHARE_TEXTAREA_PLACEHOLDER": "Scrie mesajul tău secret, parola sau informațiile sensibile *",
      "SHARE_OPTIONS": "Opțiuni",
      
      "SHARE_EMPTY": "Lasă gol pentru niciuna.",
      "SHARE_BUTTON": "Creează Linkul Secret",
      
      "CREATED_TITLE": "Secretul tău a fost creat",
      "CREATED_SUBTITLE": "Va fi afișat doar o singură dată",
      
      "CREATED_TITLE_SHARE": "Copiază linkul sau împărtășește-l.",
      "CREATED_BUTTON": "COPIEAZĂ",
      "CREATED_CREATE_SECRET": "Creează un Secret Nou",
      "CREATED_BURNSECRET": "Șterge Secretul",
      "URL_COPIED": "URL-ul a fost copiat.",
      "SHARE_BURNER_TIME":"Durata de viață",
      "SHARE_PASS_PHRASE":"Parolă",
      "VIEW_SECRET": "Vizualizează Secretul"
    },
    "HOWITWORK": {
      "HEADER_TITLE": "Secret Stellar",
      "HOW_IT_WORKS": "Cum funcționează",
      "DOWNLOAD_APP": "Descarcă aplicația",
      
      "ONE_TIME_SECRET_MESSAGING_TITLE": "Mesagerie Secretă Unică",
      "ONE_TIME_SECRET_MESSAGING_SUBTITLE": "Împărtășește secrete, și puff—au dispărut!",
      
      "ENCRYPTED_PROTECTED_BY": "Criptat, securizat și protejat de Stellar Security",
      "WITHOUT_TRACE_TITLE": "Fără urmă",
      "WITHOUT_TRACE_DESCRIPTION": "Asigurăm o protecție robustă a informațiilor tale sensibile. Toate datele sunt criptate pe partea clientului. Nu știm adresa ta IP, ce împărtășești sau cu cine împărtășești linkurile secrete - și cel mai important, conținutul.",
      
      "PRIVACY_PROTECTED_TITLE": "Confidențialitate Protejată",
      "PRIVACY_PROTECTED_DESCRIPTION": "Tu ești singurul care știe linkul către informațiile secrete pe care le-ai creat și cu cine le împărtășești. Când creezi un secret, poți adăuga o parolă înainte să fie deblocat. De asemenea, este posibil să setezi un timp de expirare. Oricum, un secret va fi șters după 14 zile.",
      
      "END_TO_END_ENCRYPTED_TITLE": "Criptat end-to-end",
      "END_TO_END_ENCRYPTED_DESCRIPTION": "Toate linkurile și conținutul sunt hash-uite pe partea clientului, ceea ce înseamnă că nici măcar noi nu știm linkul și conținutul. Fiecare link are un ID unic de lungime de 36 care este o criptare unidirecțională pentru a putea accesa Mesajul Secret și conținutul său, care este criptat cu AES-256.",
      
      "HOW_IT_WORKS_TITLE": "Cum funcționează?",
      "STEP_1_TITLE": "Scrie mesajul tău și/sau generează parolă",
      "STEP_2_TITLE": "Creează Linkul Secret",
      "STEP_3_TITLE": "Împărtășește linkul",
      
      "COMPANY_LOGO_ALT": "Logo-ul companiei",
      
      "SHARE_TITLE": "Împărtășește un mesaj secret",
      "SHARE_DESCRIPTION_PART_1": "Scrie și trimite mesajul, va fi",
      "SHARE_DESCRIPTION_PART_2": "șters după ce a fost citit.",
      
      "SHARE_BULLET_1": "Fără urmă.",
      "SHARE_BULLET_2": "Confidențialitate Protejată",
      "SHARE_BULLET_3": "Vizibil o singură dată",
      
      "SHARE_ENCRYPTED_BY": "Criptat, securizat și protejat de Stellar Security",
      
      "SHARE_TEXTAREA_PLACEHOLDER": "Scrie mesajul tău secret, parola sau informațiile sensibile *",
      "SHARE_OPTIONS": "Opțiuni",
      
      "SHARE_EMPTY": "Lasă gol pentru niciuna.",
      "SHARE_BUTTON": "Creează Linkul Secret",
      
      "CREATED_TITLE": "Secretul tău a fost creat",
      "CREATED_SUBTITLE": "Va fi afișat doar o singură dată",
      
      "CREATED_TITLE_SHARE": "Copiază linkul sau împărtășește-l.",
      "CREATED_BUTTON": "COPIEAZĂ",
      "CREATED_CREATE_SECRET": "Creează un Secret Nou",
      "CREATED_BURNSECRET": "Șterge Secretul",
      "URL_COPIED": "URL-ul a fost copiat.",
      
      "VIEW_SECRET": "Vizualizează Secretul"
    },
    "CREATEDPAGE": {
      "CREATEDPAGE": "Secret Stellar",
      "HOW_IT_WORKS": "Cum funcționează",
      "DOWNLOAD_APP": "Descarcă aplicația",
      "CREATED_TITLE": "Secretul tău a fost creat",
      "CREATED_SUBTITLE": "Va fi afișat doar o singură dată",
      "CREATED_TITLE_SHARE": "Copiază linkul sau împărtășește-l.",
      "CREATED_BUTTON": "COPIEAZĂ",
      "CREATED_CREATE_SECRET": "Creează un Secret Nou",
      "CREATED_BURNSECRET": "Șterge Secretul",
      "URL_COPIED": "URL-ul a fost copiat."
    },
    "CONFIRMATION": {
      "YOURE_GONNA_BURN_THIS_SECRET": "Vei șterge acest secret",
      "SECRET_UNAVAILABLE_TEXT": "Nu va mai fi disponibil",
      "BURN_FOREVER": "Șterge pentru totdeauna",
      "CANCEL": "Anulează"
    },
    "VIEW": {
      "LOGO_TEXT": "Secret Stellar",
      "HOW_IT_WORKS": "Cum funcționează",
      "DOWNLOAD_APP": "Descarcă aplicația",
      "WELCOME_MESSAGE": "Bună, ai primit un mesaj secret!",
      "INSTRUCTION": "Scrie și trimite mesajul, va fi șters după ce a fost citit.",
      "SHOW_MESSAGE_ONCE": "Următorul mesaj va fi afișat <strong>doar o singură dată</strong>",
      "OPEN_SECRET_MESSAGE": "Deschide Mesajul Secret",
      "INPUT_PASSPHRASE": "Introdu Parola",
      "PASS_PHRASE_PLACEHOLDER": "Parolă",
      "OPEN_SECRET_BUTTON": "Deschide Mesajul Secret",
      "YOUR_SECRET_MESSAGE": "Mesajul Tău Secret",
      "COPY": "Copiază",
      "MESSAGE_LABEL": "Mesaj",
      "REPLY": "Răspunde",
      "DOWNLOAD_MESSAGE": "Descarcă Secret Stellar pe mobil, creează-ți mesajele secrete",
      "WITHOUT_TRACE": "Fără urmă.",
      "PRIVACY_PROTECTED": "Confidențialitate Protejată",
      "ONE_TIME_VIEWABLE": "Vizibil o singură dată",
      "SECURITY_TEXT": "Criptat, securizat și protejat de ",
      "SECURITY_TEXT2": "Stellar Security"
    }
  }
  