{
    "HOME": {
      "HEADER_TITLE": "Secret Stellar",
      "HOW_IT_WORKS": "Cum funcționează",
      "DOWNLOAD_APP": "Descarcă aplicația",
      
      "ONE_TIME_SECRET_MESSAGING_TITLE": "Mesaje secrete unice",
      "ONE_TIME_SECRET_MESSAGING_SUBTITLE": "Împărtășește secrete și poof—au dispărut!",
      
      "ENCRYPTED_PROTECTED_BY": "Criptat, securizat și protejat de Stellar Security",
      "WITHOUT_TRACE_TITLE": "Fără urme",
      "WITHOUT_TRACE_DESCRIPTION": "Asigurăm protecția robustă a informațiilor tale sensibile. Toate datele sunt criptate pe partea clientului. Nu știm adresa ta IP, ce împărtășești sau cu cine împărtășești linkurile secrete - și cel mai important, conținutul.",
      
      "PRIVACY_PROTECTED_TITLE": "Confidențialitate protejată",
      "PRIVACY_PROTECTED_DESCRIPTION": "Ești singurul care știe linkul către informațiile secrete pe care le-ai creat și cu cine le împărtășești. Atunci când creezi un secret, poți adăuga o parolă înainte de a putea fi deblocat. De asemenea, este posibil să setezi un timp de distrugere. Indiferent de ce, un secret va fi șters după 14 zile.",
      
      "END_TO_END_ENCRYPTED_TITLE": "Criptat de la capăt la capăt",
      "END_TO_END_ENCRYPTED_DESCRIPTION": "Toate linkurile și conținutul sunt criptate pe partea clientului, ceea ce înseamnă că nici măcar noi nu știm linkul și conținutul. Fiecare link are un ID unic de 36 de caractere care este o criptare într-o singură direcție pentru a putea accesa mesajul secret și conținutul acestuia care este criptat cu AES-256.",
      
      "HOW_IT_WORKS_TITLE": "Cum funcționează?",
      "STEP_1_TITLE": "Scrie mesajul tău și/sau generează o parolă",
      "STEP_2_TITLE": "Creează linkul secret",
      "STEP_3_TITLE": "Împărtășește linkul",
      
      "COMPANY_LOGO_ALT": "Logo companie",
      
      "SHARE_TITLE": "Împărtășește un mesaj secret",
      "SHARE_DESCRIPTION_PART_1": "Scrie și trimite mesajul, acesta va fi",
      "SHARE_DESCRIPTION_PART_2": "șters după ce a fost citit.",
      
      "SHARE_BULLET_1": "Fără urme.",
      "SHARE_BULLET_2": "Confidențialitate protejată",
      "SHARE_BULLET_3": "Vizibil o singură dată",
      
      "SHARE_ENCRYPTED_BY": "Criptat, securizat și protejat de Stellar Security",
      
      "SHARE_TEXTAREA_PLACEHOLDER": "Scrie mesajul tău secret, parola sau informațiile sensibile *",
      "SHARE_OPTIONS": "Opțiuni",
      
      "SHARE_EMPTY": "Lasă gol pentru niciuna.",
      "SHARE_BUTTON": "Creează linkul secret",
      
      "CREATED_TITLE": "Secretul tău a fost creat",
      "CREATED_SUBTITLE": "Va fi afișat doar o dată",
      
      "CREATED_TITLE_SHARE": "Copiază linkul sau împărtășește-l.",
      "CREATED_BUTTON": "COPIEZ",
      "CREATED_CREATE_SECRET": "Creează un nou secret",
      "CREATED_BURNSECRET": "Distruge secretul",
      "URL_COPIED": "URL-ul a fost copiat.",
      "SHARE_BURNER_TIME": "Durata de viață",
      "SHARE_PASS_PHRASE": "Parola",
      "VIEW_SECRET": "Vizualizează secretul"
    },
    "HOWITWORK": {
      "HEADER_TITLE": "Secret Stellar",
      "HOW_IT_WORKS": "Cum funcționează",
      "DOWNLOAD_APP": "Descarcă aplicația",
      
      "ONE_TIME_SECRET_MESSAGING_TITLE": "Mesaje secrete unice",
      "ONE_TIME_SECRET_MESSAGING_SUBTITLE": "Împărtășește secrete și poof—au dispărut!",
      
      "ENCRYPTED_PROTECTED_BY": "Criptat, securizat și protejat de Stellar Security",
      "WITHOUT_TRACE_TITLE": "Fără urme",
      "WITHOUT_TRACE_DESCRIPTION": "Asigurăm protecția robustă a informațiilor tale sensibile. Toate datele sunt criptate pe partea clientului. Nu știm adresa ta IP, ce împărtășești sau cu cine împărtășești linkurile secrete - și cel mai important, conținutul.",
      
      "PRIVACY_PROTECTED_TITLE": "Confidențialitate protejată",
      "PRIVACY_PROTECTED_DESCRIPTION": "Ești singurul care știe linkul către informațiile secrete pe care le-ai creat și cu cine le împărtășești. Atunci când creezi un secret, poți adăuga o parolă înainte de a putea fi deblocat. De asemenea, este posibil să setezi un timp de distrugere. Indiferent de ce, un secret va fi șters după 14 zile.",
      
      "END_TO_END_ENCRYPTED_TITLE": "Criptat de la capăt la capăt",
      "END_TO_END_ENCRYPTED_DESCRIPTION": "Toate linkurile și conținutul sunt criptate pe partea clientului, ceea ce înseamnă că nici măcar noi nu știm linkul și conținutul. Fiecare link are un ID unic de 36 de caractere care este o criptare într-o singură direcție pentru a putea accesa mesajul secret și conținutul acestuia care este criptat cu AES-256.",
      
      "HOW_IT_WORKS_TITLE": "Cum funcționează?",
      "STEP_1_TITLE": "Scrie mesajul tău și/sau generează o parolă",
      "STEP_2_TITLE": "Creează linkul secret",
      "STEP_3_TITLE": "Împărtășește linkul",
      
      "COMPANY_LOGO_ALT": "Logo companie",
      
      "SHARE_TITLE": "Împărtășește un mesaj secret",
      "SHARE_DESCRIPTION_PART_1": "Scrie și trimite mesajul, acesta va fi",
      "SHARE_DESCRIPTION_PART_2": "șters după ce a fost citit.",
      
      "SHARE_BULLET_1": "Fără urme.",
      "SHARE_BULLET_2": "Confidențialitate protejată",
      "SHARE_BULLET_3": "Vizibil o singură dată",
      
      "SHARE_ENCRYPTED_BY": "Criptat, securizat și protejat de Stellar Security",
      
      "SHARE_TEXTAREA_PLACEHOLDER": "Scrie mesajul tău secret, parola sau informațiile sensibile *",
      "SHARE_OPTIONS": "Opțiuni",
      
      "SHARE_EMPTY": "Lasă gol pentru niciuna.",
      "SHARE_BUTTON": "Creează linkul secret",
      
      "CREATED_TITLE": "Secretul tău a fost creat",
      "CREATED_SUBTITLE": "Va fi afișat doar o dată",
      
      "CREATED_TITLE_SHARE": "Copiază linkul sau împărtășește-l.",
      "CREATED_BUTTON": "COPIEZ",
      "CREATED_CREATE_SECRET": "Creează un nou secret",
      "CREATED_BURNSECRET": "Distruge secretul",
      "URL_COPIED": "URL-ul a fost copiat.",
      
      "VIEW_SECRET": "Vizualizează secretul"
    },
    "CREATEDPAGE": {
      "CREATEDPAGE": "Secret Stellar",
      "HOW_IT_WORKS": "Cum funcționează",
      "DOWNLOAD_APP": "Descarcă aplicația",
      "CREATED_TITLE": "Secretul tău a fost creat",
      "CREATED_SUBTITLE": "Va fi afișat doar o dată",
      "CREATED_TITLE_SHARE": "Copiază linkul sau împărtășește-l.",
      "CREATED_BUTTON": "COPIEZ",
      "CREATED_CREATE_SECRET": "Creează un nou secret",
      "CREATED_BURNSECRET": "Distruge secretul",
      "URL_COPIED": "URL-ul a fost copiat."
    },
    "CONFIRMATION": {
      "YOURE_GONNA_BURN_THIS_SECRET": "Vei distruge acest secret",
      "SECRET_UNAVAILABLE_TEXT": "Nu va mai fi disponibil",
      "BURN_FOREVER": "Distruge pentru totdeauna",
      "CANCEL": "Anulează"
    },
    "VIEW": {
      "LOGO_TEXT": "Secret Stellar",
      "HOW_IT_WORKS": "Cum funcționează",
      "DOWNLOAD_APP": "Descarcă aplicația",
      "WELCOME_MESSAGE": "Bună, ai primit un mesaj secret!",
      "INSTRUCTION": "Scrie și trimite mesajul, acesta va fi șters după ce a fost citit.",
      "SHOW_MESSAGE_ONCE": "Următorul mesaj va fi afișat <strong>doar o dată</strong>",
      "OPEN_SECRET_MESSAGE": "Deschide mesajul secret",
      "INPUT_PASSPHRASE": "Introdu parola",
      "PASS_PHRASE_PLACEHOLDER": "Parola",
      "OPEN_SECRET_BUTTON": "Deschide mesajul secret",
      "YOUR_SECRET_MESSAGE": "Mesajul tău secret",
      "COPY": "Copiază",
      "MESSAGE_LABEL": "Mesaj",
      "REPLY": "Răspunde",
      "DOWNLOAD_MESSAGE": "Descarcă Secret Stellar pe mobil, creează mesajele tale secrete",
      "WITHOUT_TRACE": "Fără urme.",
      "PRIVACY_PROTECTED": "Confidențialitate protejată",
      "ONE_TIME_VIEWABLE": "Vizibil o singură dată",
      "SECURITY_TEXT": "Criptat, securizat și protejat de ",
      "SECURITY_TEXT2": "Stellar Security"
    }
  }
  