{
    "HOME": {
      "HEADER_TITLE": "Секрет Стеллар",
      "HOW_IT_WORKS": "Как это работает",
      "DOWNLOAD_APP": "Скачать приложение",
      
      "ONE_TIME_SECRET_MESSAGING_TITLE": "Однократное секретное сообщение",
      "ONE_TIME_SECRET_MESSAGING_SUBTITLE": "Делитесь секретами, и всё - они исчезают!",
      
      "ENCRYPTED_PROTECTED_BY": "Зашифровано, защищено и обеспечено безопасностью Stellar",
      "WITHOUT_TRACE_TITLE": "Без следа",
      "WITHOUT_TRACE_DESCRIPTION": "Мы обеспечиваем надежную защиту вашей конфиденциальной информации. Все данные шифруются на стороне клиента. Мы не знаем ваш IP-адрес, что вы делитесь или с кем вы делитесь секретными ссылками - и самое главное, содержание.",
      
      "PRIVACY_PROTECTED_TITLE": "Конфиденциальность защищена",
      "PRIVACY_PROTECTED_DESCRIPTION": "Только вы знаете ссылку на секретную информацию, которую вы создали, и с кем вы ею делитесь. При создании секрета вы можете добавить пароль, чтобы его можно было разблокировать. Также возможно установить время сгорания. В любом случае секрет будет удален через 14 дней.",
      
      "END_TO_END_ENCRYPTED_TITLE": "Шифрование от конца до конца",
      "END_TO_END_ENCRYPTED_DESCRIPTION": "Все ссылки и содержимое хэшируются на стороне клиента, что означает, что даже мы не знаем ссылку и содержимое. Каждая ссылка имеет уникальный идентификатор длиной 36 символов, который является односторонним шифрованием для доступа к секретному сообщению и его содержимому, которое зашифровано с помощью AES-256.",
      
      "HOW_IT_WORKS_TITLE": "Как это работает?",
      "STEP_1_TITLE": "Напишите ваше сообщение и/или создайте пароль",
      "STEP_2_TITLE": "Создайте секретную ссылку",
      "STEP_3_TITLE": "Поделитесь ссылкой",
      
      "COMPANY_LOGO_ALT": "Логотип компании",
      
      "SHARE_TITLE": "Поделитесь секретным сообщением",
      "SHARE_DESCRIPTION_PART_1": "Напишите и отправьте сообщение, оно будет",
      "SHARE_DESCRIPTION_PART_2": "удалено после прочтения.",
      
      "SHARE_BULLET_1": "Без следа.",
      "SHARE_BULLET_2": "Конфиденциальность защищена",
      "SHARE_BULLET_3": "Однократный просмотр",
      
      "SHARE_ENCRYPTED_BY": "Зашифровано, защищено и обеспечено безопасностью Stellar",
      
      "SHARE_TEXTAREA_PLACEHOLDER": "Напишите ваше секретное сообщение, пароль или конфиденциальную информацию *",
      "SHARE_OPTIONS": "Опции",
      
      "SHARE_EMPTY": "Оставьте пустым, если не нужно.",
      "SHARE_BUTTON": "Создать секретную ссылку",
      
      "CREATED_TITLE": "Ваш секрет создан",
      "CREATED_SUBTITLE": "Он будет показан только один раз",
      
      "CREATED_TITLE_SHARE": "Скопируйте ссылку или поделитесь ею.",
      "CREATED_BUTTON": "СКОПИРОВАТЬ",
      "CREATED_CREATE_SECRET": "Создать новый секрет",
      "CREATED_BURNSECRET": "Сжечь секрет",
      "URL_COPIED": "URL скопирован.",
      "SHARE_BURNER_TIME": "Срок службы",
      "SHARE_PASS_PHRASE": "Пароль",
      "VIEW_SECRET": "Просмотреть секрет"
    },
    "HOWITWORK": {
      "HEADER_TITLE": "Секрет Стеллар",
      "HOW_IT_WORKS": "Как это работает",
      "DOWNLOAD_APP": "Скачать приложение",
      
      "ONE_TIME_SECRET_MESSAGING_TITLE": "Однократное секретное сообщение",
      "ONE_TIME_SECRET_MESSAGING_SUBTITLE": "Делитесь секретами, и всё - они исчезают!",
      
      "ENCRYPTED_PROTECTED_BY": "Зашифровано, защищено и обеспечено безопасностью Stellar",
      "WITHOUT_TRACE_TITLE": "Без следа",
      "WITHOUT_TRACE_DESCRIPTION": "Мы обеспечиваем надежную защиту вашей конфиденциальной информации. Все данные шифруются на стороне клиента. Мы не знаем ваш IP-адрес, что вы делитесь или с кем вы делитесь секретными ссылками - и самое главное, содержание.",
      
      "PRIVACY_PROTECTED_TITLE": "Конфиденциальность защищена",
      "PRIVACY_PROTECTED_DESCRIPTION": "Только вы знаете ссылку на секретную информацию, которую вы создали, и с кем вы ею делитесь. При создании секрета вы можете добавить пароль, чтобы его можно было разблокировать. Также возможно установить время сгорания. В любом случае секрет будет удален через 14 дней.",
      
      "END_TO_END_ENCRYPTED_TITLE": "Шифрование от конца до конца",
      "END_TO_END_ENCRYPTED_DESCRIPTION": "Все ссылки и содержимое хэшируются на стороне клиента, что означает, что даже мы не знаем ссылку и содержимое. Каждая ссылка имеет уникальный идентификатор длиной 36 символов, который является односторонним шифрованием для доступа к секретному сообщению и его содержимому, которое зашифровано с помощью AES-256.",
      
      "HOW_IT_WORKS_TITLE": "Как это работает?",
      "STEP_1_TITLE": "Напишите ваше сообщение и/или создайте пароль",
      "STEP_2_TITLE": "Создайте секретную ссылку",
      "STEP_3_TITLE": "Поделитесь ссылкой",
      
      "COMPANY_LOGO_ALT": "Логотип компании",
      
      "SHARE_TITLE": "Поделитесь секретным сообщением",
      "SHARE_DESCRIPTION_PART_1": "Напишите и отправьте сообщение, оно будет",
      "SHARE_DESCRIPTION_PART_2": "удалено после прочтения.",
      
      "SHARE_BULLET_1": "Без следа.",
      "SHARE_BULLET_2": "Конфиденциальность защищена",
      "SHARE_BULLET_3": "Однократный просмотр",
      
      "SHARE_ENCRYPTED_BY": "Зашифровано, защищено и обеспечено безопасностью Stellar",
      
      "SHARE_TEXTAREA_PLACEHOLDER": "Напишите ваше секретное сообщение, пароль или конфиденциальную информацию *",
      "SHARE_OPTIONS": "Опции",
      
      "SHARE_EMPTY": "Оставьте пустым, если не нужно.",
      "SHARE_BUTTON": "Создать секретную ссылку",
      
      "CREATED_TITLE": "Ваш секрет создан",
      "CREATED_SUBTITLE": "Он будет показан только один раз",
      
      "CREATED_TITLE_SHARE": "Скопируйте ссылку или поделитесь ею.",
      "CREATED_BUTTON": "СКОПИРОВАТЬ",
      "CREATED_CREATE_SECRET": "Создать новый секрет",
      "CREATED_BURNSECRET": "Сжечь секрет",
      "URL_COPIED": "URL скопирован.",
      
      "VIEW_SECRET": "Просмотреть секрет"
    },
    "CREATEDPAGE": {
      "CREATEDPAGE": "Секрет Стеллар",
      "HOW_IT_WORKS": "Как это работает",
      "DOWNLOAD_APP": "Скачать приложение",
      "CREATED_TITLE": "Ваш секрет создан",
      "CREATED_SUBTITLE": "Он будет показан только один раз",
      "CREATED_TITLE_SHARE": "Скопируйте ссылку или поделитесь ею.",
      "CREATED_BUTTON": "СКОПИРОВАТЬ",
      "CREATED_CREATE_SECRET": "Создать новый секрет",
      "CREATED_BURNSECRET": "Сжечь секрет",
      "URL_COPIED": "URL скопирован."
    },
    "CONFIRMATION": {
      "YOURE_GONNA_BURN_THIS_SECRET": "Вы собираетесь сжечь этот секрет",
      "SECRET_UNAVAILABLE_TEXT": "Он больше не будет доступен",
      "BURN_FOREVER": "Сжечь навсегда",
      "CANCEL": "Отменить"
    },
    "VIEW": {
      "LOGO_TEXT": "Секрет Стеллар",
      "HOW_IT_WORKS": "Как это работает",
      "DOWNLOAD_APP": "Скачать приложение",
      "WELCOME_MESSAGE": "Привет, вы получили секретное сообщение!",
      "INSTRUCTION": "Напишите и отправьте сообщение, оно будет удалено после прочтения.",
      "SHOW_MESSAGE_ONCE": "Следующее сообщение будет показано <strong>только один раз</strong>",
      "OPEN_SECRET_MESSAGE": "Открыть секретное сообщение",
      "INPUT_PASSPHRASE": "Введите пароль",
      "PASS_PHRASE_PLACEHOLDER": "Пароль",
      "OPEN_SECRET_BUTTON": "Открыть секретное сообщение",
      "YOUR_SECRET_MESSAGE": "Ваше секретное сообщение",
      "COPY": "Копировать",
      "MESSAGE_LABEL": "Сообщение",
      "REPLY": "Ответить",
      "DOWNLOAD_MESSAGE": "Скачайте Stellar Secret на мобильное устройство, создавайте секретные сообщения",
      "WITHOUT_TRACE": "Без следа.",
      "PRIVACY_PROTECTED": "Конфиденциальность защищена",
      "ONE_TIME_VIEWABLE": "Однократный просмотр",
      "SECURITY_TEXT": "Зашифровано, защищено и обеспечено безопасностью ",
      "SECURITY_TEXT2": "Stellar Security"
    }
  }
  