{
    "HOME": {
      "HEADER_TITLE": "स्टेलर सीक्रेट",
      "HOW_IT_WORKS": "कथं कार्यति",
      "DOWNLOAD_APP": "ऐप् डाउनलोड् कुरुत",
      
      "ONE_TIME_SECRET_MESSAGING_TITLE": "एकवारस्य गोपनीयसन्देशः",
      "ONE_TIME_SECRET_MESSAGING_SUBTITLE": "गोपनीयतां वितरन्तु, तत् अस्ति—अलपकालं अस्ति!",
      
      "ENCRYPTED_PROTECTED_BY": "स्टेलर सुरक्षा द्वारा एन्क्रिप्टेड्, संरक्षितम् च",
      "WITHOUT_TRACE_TITLE": "अवलेपविना",
      "WITHOUT_TRACE_DESCRIPTION": "युष्माकं संवेदनशीलसूचनां दृढरूपेण संरक्षितुम् अस्मासु तत्त्वम्। सर्वाणि दत्ताः क्लायंट्-पार्श्वे एन्क्रिप्टेड् अस्ति। अस्माकं IP पता, यद् युष्मान् वितरति, अथवा यः गुप्तलिंक् यत्र वितरति न जानामः - च मुख्यतया, तस्य सामग्री च न जानामः।",
      
      "PRIVACY_PROTECTED_TITLE": "गोपनीयता संरक्षितम्",
      "PRIVACY_PROTECTED_DESCRIPTION": "युष्माकं केवलम् यः गुप्तसूचनायाः लिंक् वयं सृष्टुम् अस्ति च य: वितरति। गुप्तं निर्मातुं, युष्माकं पासवर्ड् योजयitum शक्नोति यत्र उद्घाटितम्। अपि च यः एकपरीक्षणकालः स्थापयitum शक्नोति। कदाचित्, एक गुप्तं 14 दिनानि पश्चात् नष्टं भविष्यति।",
      
      "END_TO_END_ENCRYPTED_TITLE": "अन्ततः अन्तम् एन्क्रिप्टेड्",
      "END_TO_END_ENCRYPTED_DESCRIPTION": "सर्वाणि लिंकानि च सामग्री च क्लायंट्-पार्श्वे हैश्ड् अस्ति, यः तु यः अस्माकं गुप्तं लिंक् च सामग्री च न जानामः। प्रत्येक लिंक् 36 अङ्कवृत्तम् यथारूपं एकपथ एन्क्रिप्शन अस्ति यः गुप्तसन्देशस्य सामग्री च एईएस्-256 द्वारं एन्क्रिप्टेड् अस्ति।",
      
      "HOW_IT_WORKS_TITLE": "कथं कार्यति?",
      "STEP_1_TITLE": "तव सन्देशं लेखयित्वा च पासवर्ड् जनय",
      "STEP_2_TITLE": "गुप्तलिंकं निर्मातुम्",
      "STEP_3_TITLE": "लिंक् वितर",
      
      "COMPANY_LOGO_ALT": "कम्पनी लोगो",
      
      "SHARE_TITLE": "गुप्तसन्देशं वितर",
      "SHARE_DESCRIPTION_PART_1": "लेखयित्वा संदेशं पठय, एषः",
      "SHARE_DESCRIPTION_PART_2": "पठितमात्रं नष्टम् अस्ति।",
      
      "SHARE_BULLET_1": "अवलेपविना।",
      "SHARE_BULLET_2": "गोपनीयता संरक्षितम्",
      "SHARE_BULLET_3": "एकवारस्य दर्शनीयम्",
      
      "SHARE_ENCRYPTED_BY": "स्टेलर सुरक्षा द्वारा एन्क्रिप्टेड्, संरक्षितम् च",
      
      "SHARE_TEXTAREA_PLACEHOLDER": "तव गुप्तसन्देशं, पासवर्ड् वा संवेदनशीलसूचनां लेखय *",
      "SHARE_OPTIONS": "विकल्पः",
      
      "SHARE_EMPTY": "नास्ति यत्र किञ्चन प्रवृत्तिः",
      "SHARE_BUTTON": "गुप्तलिंकं निर्मातुम्",
      
      "CREATED_TITLE": "तव गुप्तं निर्मितम्",
      "CREATED_SUBTITLE": "एषः केवलं एकवारम् प्रदर्शितः भविष्यति",
      
      "CREATED_TITLE_SHARE": "लिंकं प्रति भागं वा वितर",
      "CREATED_BUTTON": "कॉपी",
      "CREATED_CREATE_SECRET": "नवीनं गुप्तं निर्मातुम्",
      "CREATED_BURNSECRET": "गुप्तं नष्टय",
      "URL_COPIED": "URL कॉपीतं अस्ति।",
      "SHARE_BURNER_TIME":"जीवनकालः",
      "SHARE_PASS_PHRASE":"पासफ्रेज़",
      "VIEW_SECRET": "गुप्तं दर्शय"
    },
    "HOWITWORK": {
      "HEADER_TITLE": "स्टेलर सीक्रेट",
      "HOW_IT_WORKS": "कथं कार्यति",
      "DOWNLOAD_APP": "ऐप् डाउनलोड् कुरुत",
      
      "ONE_TIME_SECRET_MESSAGING_TITLE": "एकवारस्य गोपनीयसन्देशः",
      "ONE_TIME_SECRET_MESSAGING_SUBTITLE": "गोपनीयतां वितरन्तु, तत् अस्ति—अलपकालं अस्ति!",
      
      "ENCRYPTED_PROTECTED_BY": "स्टेलर सुरक्षा द्वारा एन्क्रिप्टेड्, संरक्षितम् च",
      "WITHOUT_TRACE_TITLE": "अवलेपविना",
      "WITHOUT_TRACE_DESCRIPTION": "युष्माकं संवेदनशीलसूचनां दृढरूपेण संरक्षितुम् अस्मासु तत्त्वम्। सर्वाणि दत्ताः क्लायंट्-पार्श्वे एन्क्रिप्टेड् अस्ति। अस्माकं IP पता, यद् युष्मान् वितरति, अथवा यः गुप्तलिंक् यत्र वितरति न जानामः - च मुख्यतया, तस्य सामग्री च न जानामः।",
      
      "PRIVACY_PROTECTED_TITLE": "गोपनीयता संरक्षितम्",
      "PRIVACY_PROTECTED_DESCRIPTION": "युष्माकं केवलम् यः गुप्तसूचनायाः लिंक् वयं सृष्टुम् अस्ति च य: वितरति। गुप्तं निर्मातुं, युष्माकं पासवर्ड् योजयitum शक्नोति यत्र उद्घाटितम्। अपि च यः एकपरीक्षणकालः स्थापयitum शक्नोति। कदाचित्, एक गुप्तं 14 दिनानि पश्चात् नष्टं भविष्यति।",
      
      "END_TO_END_ENCRYPTED_TITLE": "अन्ततः अन्तम् एन्क्रिप्टेड्",
      "END_TO_END_ENCRYPTED_DESCRIPTION": "सर्वाणि लिंकानि च सामग्री च क्लायंट्-पार्श्वे हैश्ड् अस्ति, यः तु यः अस्माकं गुप्तं लिंक् च सामग्री च न जानामः। प्रत्येक लिंक् 36 अङ्कवृत्तम् यथारूपं एकपथ एन्क्रिप्शन अस्ति यः गुप्तसन्देशस्य सामग्री च एईएस्-256 द्वारं एन्क्रिप्टेड् अस्ति।",
      
      "HOW_IT_WORKS_TITLE": "कथं कार्यति?",
      "STEP_1_TITLE": "तव सन्देशं लेखयित्वा च पासवर्ड् जनय",
      "STEP_2_TITLE": "गुप्तलिंकं निर्मातुम्",
      "STEP_3_TITLE": "लिंक् वितर",
      
      "COMPANY_LOGO_ALT": "कम्पनी लोगो",
      
      "SHARE_TITLE": "गुप्तसन्देशं वितर",
      "SHARE_DESCRIPTION_PART_1": "लेखयित्वा संदेशं पठय, एषः",
      "SHARE_DESCRIPTION_PART_2": "पठितमात्रं नष्टम् अस्ति।",
      
      "SHARE_BULLET_1": "अवलेपविना।",
      "SHARE_BULLET_2": "गोपनीयता संरक्षितम्",
      "SHARE_BULLET_3": "एकवारस्य दर्शनीयम्",
      
      "SHARE_ENCRYPTED_BY": "स्टेलर सुरक्षा द्वारा एन्क्रिप्टेड्, संरक्षितम् च",
      
      "SHARE_TEXTAREA_PLACEHOLDER": "तव गुप्तसन्देशं, पासवर्ड् वा संवेदनशीलसूचनां लेखय *",
      "SHARE_OPTIONS": "विकल्पः",
      
      "SHARE_EMPTY": "नास्ति यत्र किञ्चन प्रवृत्तिः",
      "SHARE_BUTTON": "गुप्तलिंकं निर्मातुम्",
      
      "CREATED_TITLE": "तव गुप्तं निर्मितम्",
      "CREATED_SUBTITLE": "एषः केवलं एकवारम् प्रदर्शितः भविष्यति",
      
      "CREATED_TITLE_SHARE": "लिंकं प्रति भागं वा वितर",
      "CREATED_BUTTON": "कॉपी",
      "CREATED_CREATE_SECRET": "नवीनं गुप्तं निर्मातुम्",
      "CREATED_BURNSECRET": "गुप्तं नष्टय",
      "URL_COPIED": "URL कॉपीतं अस्ति।",
      
      "VIEW_SECRET": "गुप्तं दर्शय"
    },
    "CREATEDPAGE": {
      "CREATEDPAGE": "स्टेलर सीक्रेट",
      "HOW_IT_WORKS": "कथं कार्यति",
      "DOWNLOAD_APP": "ऐप् डाउनलोड् कुरुत",
      "CREATED_TITLE": "तव गुप्तं निर्मितम्",
      "CREATED_SUBTITLE": "एषः केवलं एकवारम् प्रदर्शितः भविष्यति",
      "CREATED_TITLE_SHARE": "लिंकं प्रति भागं वा वितर",
      "CREATED_BUTTON": "कॉपी",
      "CREATED_CREATE_SECRET": "नवीनं गुप्तं निर्मातुम्",
      "CREATED_BURNSECRET": "गुप्तं नष्टय",
      "URL_COPIED": "URL कॉपीतं अस्ति।"
    },
    "CONFIRMATION": {
      "YOURE_GONNA_BURN_THIS_SECRET": "त्वं एषं गुप्तं नष्टयिष्यसि",
      "SECRET_UNAVAILABLE_TEXT": "एषः पुनः उपलब्धः न भविष्यति",
      "BURN_FOREVER": "सदैव नष्टय",
      "CANCEL": "रद्दय"
    },
    "VIEW":{
      "LOGO_TEXT": "स्टेलर सीक्रेट",
      "HOW_IT_WORKS": "कथं कार्यति",
      "DOWNLOAD_APP": "ऐप् डाउनलोड् कुरुत",
      "WELCOME_MESSAGE": "नमस्ते, त्वं एक गुप्तसन्देशं प्राप्स्यसि!",
      "INSTRUCTION": "लेखयित्वा संदेशं पठय, एषः पठितमात्रं नष्टम् अस्ति।",
      "SHOW_MESSAGE_ONCE": "निम्नलिखित संदेशः <strong>केवलं एकवारम्</strong> प्रदर्शितः भविष्यति",
      "OPEN_SECRET_MESSAGE": "गुप्तसन्देशं उद्घाटय",
      "INPUT_PASSPHRASE": "पासफ्रेज़ प्रविष्टय",
      "PASS_PHRASE_PLACEHOLDER": "पासफ्रेज़",
      "OPEN_SECRET_BUTTON": "गुप्तसन्देशं उद्घाटय",
      "YOUR_SECRET_MESSAGE": "तव गुप्तसन्देशः",
      "COPY": "कॉपी",
      "MESSAGE_LABEL": "सन्देशः",
      "REPLY": "उत्तरः",
      "DOWNLOAD_MESSAGE": "स्टेलर सीक्रेट् मोबाइल्-उपकरणे डाउनलोड् कुरुत, तव गुप्तसन्देशाः निर्माणम् कुरुत",
      "WITHOUT_TRACE": "अवलेपविना।",
      "PRIVACY_PROTECTED": "गोपनीयता संरक्षितम्",
      "ONE_TIME_VIEWABLE": "एकवारस्य दर्शनीयम्",
      "SECURITY_TEXT": "एन्क्रिप्टेड्, संरक्षितम् च",
      "SECURITY_TEXT2":"स्टेलर सुरक्षा"
    }
  }
  