{
    "HOME": {
      "HEADER_TITLE": "اسٽيلر سيڪريٽ",
      "HOW_IT_WORKS": "اهو ڪيئن ڪم ڪري ٿو",
      "DOWNLOAD_APP": "ايپ ڊائونلوڊ ڪريو",
      
      "ONE_TIME_SECRET_MESSAGING_TITLE": "هڪ وقت جو سيڪريٽ پيغام",
      "ONE_TIME_SECRET_MESSAGING_SUBTITLE": "سيڪريٽ شيئر ڪريو، ۽ پوء—غائب ٿي وڃڻ ڏيو!",
      
      "ENCRYPTED_PROTECTED_BY": "اسٽيلر سيڪيورٽي طرفان انڪرپٽ، محفوظ ۽ محفوظ",
      "WITHOUT_TRACE_TITLE": "ڪو به سراغ ناهي",
      "WITHOUT_TRACE_DESCRIPTION": "اسان توهان جي حساس معلومات جي مضبوط تحفظ کي يقيني بڻائيندا آهيون. سڀ ڊيٽا ڪلائنٽ-سائيڊ تي انڪرپٽ ٿي رهي آهي. اسان توهان جو IP پتو، توهان ڇا شيئر ڪندا آهيو، يا توهان سيڪريٽ لنڪس سان ڪير شيئر ڪري ٿو - ۽ سڀ کان اهم، مواد کي نٿو ڄاڻو.",
      
      "PRIVACY_PROTECTED_TITLE": "پرائيويسي محفوظ آهي",
      "PRIVACY_PROTECTED_DESCRIPTION": "توهان واحد آهيو جيڪو توهان پاران ٺاهيل سيڪريٽ معلومات جي لنڪ کي ڄاڻي ٿو ۽ ان سان ڪنهن کي شيئر ڪري ٿو. جڏهن توهان هڪ سيڪريٽ ٺاهيندا آهيو، توهان هڪ پاسورڊ شامل ڪري سگهو ٿا جيڪو ان کي ان لاڪ ڪرڻ کان اڳ لاڳو ڪيو ويندو. پڻ اهو جلدي وقت مقرر ڪرڻ جي قابل آهي. ڪي به هجي، هڪ سيڪريٽ 14 ڏينهن کان پوء ختم ٿي ويندو.",
      
      "END_TO_END_ENCRYPTED_TITLE": "آخر تائين انڪرپٽ ٿيل",
      "END_TO_END_ENCRYPTED_DESCRIPTION": "سڀ لنڪس ۽ مواد ڪلائنٽ-سائيڊ تي هاش ٿيل آهن، مطلب ته اسان کي لنڪ ۽ مواد نٿو ڄاڻو. هر لنڪ ۾ 36 جي ڊيگهه جي هڪ منفرد ID آهي جيڪا هڪ طرف جي انڪرپشن آهي جيڪو سيڪريٽ پيغام ۽ ان جي مواد تائين رسائي لاءِ آهي جيڪو AES-256 سان انڪرپٽ ٿيل آهي.",
      
      "HOW_IT_WORKS_TITLE": "اهو ڪيئن ڪم ڪري ٿو؟",
      "STEP_1_TITLE": "پنهنجو پيغام لکو ۽/يا پاسورڊ ٺاهي ڇڏيو",
      "STEP_2_TITLE": "سيڪريٽ لنڪ ٺاهيو",
      "STEP_3_TITLE": "لنڪ شيئر ڪريو",
      
      "COMPANY_LOGO_ALT": "ڪمپني جو لوگو",
      
      "SHARE_TITLE": "سيڪريٽ پيغام شيئر ڪريو",
      "SHARE_DESCRIPTION_PART_1": "پيغام لکو ۽ موڪليو، اهو",
      "SHARE_DESCRIPTION_PART_2": "پڙهڻ کان پوء حذف ٿي ويندو.",
      
      "SHARE_BULLET_1": "ڪو به سراغ ناهي.",
      "SHARE_BULLET_2": "پرائيويسي محفوظ آهي",
      "SHARE_BULLET_3": "هڪ وقت ڏسڻ جو",
      
      "SHARE_ENCRYPTED_BY": "اسٽيلر سيڪيورٽي طرفان انڪرپٽ، محفوظ ۽ محفوظ",
      
      "SHARE_TEXTAREA_PLACEHOLDER": "پنهنجو سيڪريٽ پيغام، پاسورڊ يا حساس معلومات لکو *",
      "SHARE_OPTIONS": "آپشنز",
      
      "SHARE_EMPTY": "ڪوبه ناهي ڇڏيو.",
      "SHARE_BUTTON": "سيڪريٽ لنڪ ٺاهيو",
      
      "CREATED_TITLE": "توهان جو سيڪريٽ ٺاهيو ويو",
      "CREATED_SUBTITLE": "اهو صرف هڪ ڀيرو ڏيکاريو ويندو",
      
      "CREATED_TITLE_SHARE": "لنڪ ڪاپي ڪريو يا شيئر ڪريو.",
      "CREATED_BUTTON": "ڪاپي",
      "CREATED_CREATE_SECRET": "نئون سيڪريٽ ٺاهيو",
      "CREATED_BURNSECRET": "سيڪريٽ ساڙڻ",
      "URL_COPIED": "URL ڪاپي ڪيو ويو آهي.",
      "SHARE_BURNER_TIME": "زندگي",
      "SHARE_PASS_PHRASE": "پاسفريز",
      "VIEW_SECRET": "سيڪريٽ ڏسو"
    },
    "HOWITWORK": {
      "HEADER_TITLE": "اسٽيلر سيڪريٽ",
      "HOW_IT_WORKS": "اهو ڪيئن ڪم ڪري ٿو",
      "DOWNLOAD_APP": "ايپ ڊائونلوڊ ڪريو",
      
      "ONE_TIME_SECRET_MESSAGING_TITLE": "هڪ وقت جو سيڪريٽ پيغام",
      "ONE_TIME_SECRET_MESSAGING_SUBTITLE": "سيڪريٽ شيئر ڪريو، ۽ پوء—غائب ٿي وڃڻ ڏيو!",
      
      "ENCRYPTED_PROTECTED_BY": "اسٽيلر سيڪيورٽي طرفان انڪرپٽ، محفوظ ۽ محفوظ",
      "WITHOUT_TRACE_TITLE": "ڪو به سراغ ناهي",
      "WITHOUT_TRACE_DESCRIPTION": "اسان توهان جي حساس معلومات جي مضبوط تحفظ کي يقيني بڻائيندا آهيون. سڀ ڊيٽا ڪلائنٽ-سائيڊ تي انڪرپٽ ٿي رهي آهي. اسان توهان جو IP پتو، توهان ڇا شيئر ڪندا آهيو، يا توهان سيڪريٽ لنڪس سان ڪير شيئر ڪري ٿو - ۽ سڀ کان اهم، مواد کي نٿو ڄاڻو.",
      
      "PRIVACY_PROTECTED_TITLE": "پرائيويسي محفوظ آهي",
      "PRIVACY_PROTECTED_DESCRIPTION": "توهان واحد آهيو جيڪو توهان پاران ٺاهيل سيڪريٽ معلومات جي لنڪ کي ڄاڻي ٿو ۽ ان سان ڪنهن کي شيئر ڪري ٿو. جڏهن توهان هڪ سيڪريٽ ٺاهيندا آهيو، توهان هڪ پاسورڊ شامل ڪري سگهو ٿا جيڪو ان کي ان لاڪ ڪرڻ کان اڳ لاڳو ڪيو ويندو. پڻ اهو جلدي وقت مقرر ڪرڻ جي قابل آهي. ڪي به هجي، هڪ سيڪريٽ 14 ڏينهن کان پوء ختم ٿي ويندو.",
      
      "END_TO_END_ENCRYPTED_TITLE": "آخر تائين انڪرپٽ ٿيل",
      "END_TO_END_ENCRYPTED_DESCRIPTION": "سڀ لنڪس ۽ مواد ڪلائنٽ-سائيڊ تي هاش ٿيل آهن، مطلب ته اسان کي لنڪ ۽ مواد نٿو ڄاڻو. هر لنڪ ۾ 36 جي ڊيگهه جي هڪ منفرد ID آهي جيڪا هڪ طرف جي انڪرپشن آهي جيڪو سيڪريٽ پيغام ۽ ان جي مواد تائين رسائي لاءِ آهي جيڪو AES-256 سان انڪرپٽ ٿيل آهي.",
      
      "HOW_IT_WORKS_TITLE": "اهو ڪيئن ڪم ڪري ٿو؟",
      "STEP_1_TITLE": "پنهنجو پيغام لکو ۽/يا پاسورڊ ٺاهي ڇڏيو",
      "STEP_2_TITLE": "سيڪريٽ لنڪ ٺاهيو",
      "STEP_3_TITLE": "لنڪ شيئر ڪريو",
      
      "COMPANY_LOGO_ALT": "ڪمپني جو لوگو",
      
      "SHARE_TITLE": "سيڪريٽ پيغام شيئر ڪريو",
      "SHARE_DESCRIPTION_PART_1": "پيغام لکو ۽ موڪليو، اهو",
      "SHARE_DESCRIPTION_PART_2": "پڙهڻ کان پوء حذف ٿي ويندو.",
      
      "SHARE_BULLET_1": "ڪو به سراغ ناهي.",
      "SHARE_BULLET_2": "پرائيويسي محفوظ آهي",
      "SHARE_BULLET_3": "هڪ وقت ڏسڻ جو",
      
      "SHARE_ENCRYPTED_BY": "اسٽيلر سيڪيورٽي طرفان انڪرپٽ، محفوظ ۽ محفوظ",
      
      "SHARE_TEXTAREA_PLACEHOLDER": "پنهنجو سيڪريٽ پيغام، پاسورڊ يا حساس معلومات لکو *",
      "SHARE_OPTIONS": "آپشنز",
      
      "SHARE_EMPTY": "ڪوبه ناهي ڇڏيو.",
      "SHARE_BUTTON": "سيڪريٽ لنڪ ٺاهيو",
      
      "CREATED_TITLE": "توهان جو سيڪريٽ ٺاهيو ويو",
      "CREATED_SUBTITLE": "اهو صرف هڪ ڀيرو ڏيکاريو ويندو",
      
      "CREATED_TITLE_SHARE": "لنڪ ڪاپي ڪريو يا شيئر ڪريو.",
      "CREATED_BUTTON": "ڪاپي",
      "CREATED_CREATE_SECRET": "نئون سيڪريٽ ٺاهيو",
      "CREATED_BURNSECRET": "سيڪريٽ ساڙڻ",
      "URL_COPIED": "URL ڪاپي ڪيو ويو آهي.",
      
      "VIEW_SECRET": "سيڪريٽ ڏسو"
    },
    "CREATEDPAGE": {
      "CREATEDPAGE": "اسٽيلر سيڪريٽ",
      "HOW_IT_WORKS": "اهو ڪيئن ڪم ڪري ٿو",
      "DOWNLOAD_APP": "ايپ ڊائونلوڊ ڪريو",
      "CREATED_TITLE": "توهان جو سيڪريٽ ٺاهيو ويو",
      "CREATED_SUBTITLE": "اهو صرف هڪ ڀيرو ڏيکاريو ويندو",
      "CREATED_TITLE_SHARE": "لنڪ ڪاپي ڪريو يا شيئر ڪريو.",
      "CREATED_BUTTON": "ڪاپي",
      "CREATED_CREATE_SECRET": "نئون سيڪريٽ ٺاهيو",
      "CREATED_BURNSECRET": "سيڪريٽ ساڙڻ",
      "URL_COPIED": "URL ڪاپي ڪيو ويو آهي."
    },
    "CONFIRMATION": {
      "YOURE_GONNA_BURN_THIS_SECRET": "توهان اهو سيڪريٽ ساڙڻ وارا آهيو",
      "SECRET_UNAVAILABLE_TEXT": "اهو هاڻي دستياب نه هوندو",
      "BURN_FOREVER": "هميشه لاءِ ساڙڻ",
      "CANCEL": "منسوخ"
    },
    "VIEW": {
      "LOGO_TEXT": "اسٽيلر سيڪريٽ",
      "HOW_IT_WORKS": "اهو ڪيئن ڪم ڪري ٿو",
      "DOWNLOAD_APP": "ايپ ڊائونلوڊ ڪريو",
      "WELCOME_MESSAGE": "هاءِ، توهان کي هڪ سيڪريٽ پيغام مليو آهي!",
      "INSTRUCTION": "پيغام لکو ۽ موڪليو، اهو پڙهڻ کان پوء حذف ٿي ويندو.",
      "SHOW_MESSAGE_ONCE": "هيٺ ڏنل پيغام <strong>صرف هڪ ڀيرو</strong> ڏيکاريو ويندو",
      "OPEN_SECRET_MESSAGE": "سيڪريٽ پيغام کوليو",
      "INPUT_PASSPHRASE": "پاسفريز داخل ڪريو",
      "PASS_PHRASE_PLACEHOLDER": "پاسفريز",
      "OPEN_SECRET_BUTTON": "سيڪريٽ پيغام کوليو",
      "YOUR_SECRET_MESSAGE": "توهان جو سيڪريٽ پيغام",
      "COPY": "ڪاپي",
      "MESSAGE_LABEL": "پيغام",
      "REPLY": "جواب ڏيو",
      "DOWNLOAD_MESSAGE": "اسٽيلر سيڪريٽ موبائل تي ڊائون لوڊ ڪريو، پنهنجي سيڪريٽ پيغامن کي ٺاهيو",
      "WITHOUT_TRACE": "ڪو به سراغ ناهي.",
      "PRIVACY_PROTECTED": "پرائيويسي محفوظ آهي",
      "ONE_TIME_VIEWABLE": "هڪ وقت ڏسڻ جو",
      "SECURITY_TEXT": "انڪرپٽ، محفوظ ۽ محفوظ",
      "SECURITY_TEXT2": "اسٽيلر سيڪيورٽي طرفان"
    }
  }
  