{
    "HOME": {
      "HEADER_TITLE": "ස්ටෙල්ලාර් සීකෘත්",
      "HOW_IT_WORKS": "කෙසේ වැඩ කරන්නේද",
      "DOWNLOAD_APP": "ඉන්ස්ටෝල් කරන්න",
      
      "ONE_TIME_SECRET_MESSAGING_TITLE": "එක් වරක් සීකෘත් පණිවිඩ",
      "ONE_TIME_SECRET_MESSAGING_SUBTITLE": "සීකෘත් බෙදාගන්න, සහ පෝෆ් - ඒවා අමතක වේ!",
      
      "ENCRYPTED_PROTECTED_BY": "ඉන්ක්‍රිප්ට් කරන ලද, ආරක්ෂිත සහ ස්ටෙල්ලාර් ආරක්ෂාවෙන් ආරක්ෂා කරනු ලැබේ",
      "WITHOUT_TRACE_TITLE": "සහල් නාමයකින්",
      "WITHOUT_TRACE_DESCRIPTION": "ඔබගේ සංවේදී තොරතුරු පරිපූර්ණ ආරක්ෂාවක් සහතික කරයි. සියලුම දත්ත පාරිභෝගික-පාර්ශවයේ සංකේතනය කර ඇත. අපට ඔබගේ IP ලිපිනය, ඔබ යටතේ බෙදාගන්නා විශේෂයන් හෝ ඔබ සීකෘත් සබැඳි බෙදාගන්නා පුද්ගලයන් පිළිබඳව කිසිවක් නොතේරේ - සහ ඉතා වැදගත්, අන්තර්ගතය.",
      
      "PRIVACY_PROTECTED_TITLE": "ගෝපනීයතාව ආරක්ෂා කළ හැකි",
      "PRIVACY_PROTECTED_DESCRIPTION": "ඔබට නිර්මාණය කරන ලද සීකෘත් තොරතුරු සඳහා සබැඳිය සහ ඒවා අයත් කරන්නේ කාටද කියන කෙනෙකු පමණි. සීකෘත් එකක් නිර්මාණය කරන විට, එය විවෘත කළ හැකි පසුපස මුරපදයක් එක් කළ හැක. වඩාත් මැදිරියකට වශයෙන්, සීකෘත් 14 දිනකින් මැවීමේ හැකියාව තිබේ.",
      
      "END_TO_END_ENCRYPTED_TITLE": "අවසන්-කින්-අවසන් සංකේතනය කරන ලද",
      "END_TO_END_ENCRYPTED_DESCRIPTION": "සියලු සබැඳි සහ අන්තර්ගතය පාරිභෝගික-පාර්ශවයේ හැෂ් කරන ලද, එමෙන්ම අපට සබැඳිය සහ අන්තර්ගතය තේරෙන්නේ නැත. සෑම සබැඳියකම 36 දිගකූඩයක් ඇති අනික් ලක්ෂණයකින් හැෂ් කරන ලද අංකයක් සහ AES-256 සංකේතනයකින් සීකෘත් පණිවිඩය සහ එහි අන්තර්ගතය පසුබැසීමෙහි.",
      
      "HOW_IT_WORKS_TITLE": "කෙසේ වැඩ කරන්නේද?",
      "STEP_1_TITLE": "ඔබගේ පණිවිඩය ලියන්න සහ/හෝ මුරපදයක් ජනනය කරන්න",
      "STEP_2_TITLE": "සීකෘත් සබැඳිය නිර්මාණය කරන්න",
      "STEP_3_TITLE": "සබැඳිය බෙදාගන්න",
      
      "COMPANY_LOGO_ALT": "සමාගම ලාංඡනය",
      
      "SHARE_TITLE": "සීකෘත් පණිවිඩයක් බෙදාගන්න",
      "SHARE_DESCRIPTION_PART_1": "පණිවිඩය ලිව්වට සහ යැවීම, එය",
      "SHARE_DESCRIPTION_PART_2": "ඉදිරියට කියවීමේදී මැවෙනු ඇත.",
      
      "SHARE_BULLET_1": "සහල් නාමයකින්.",
      "SHARE_BULLET_2": "ගෝපනීයතාව ආරක්ෂා කළ හැකි",
      "SHARE_BULLET_3": "එක් වරක් බලන්න පුළුවන්",
      
      "SHARE_ENCRYPTED_BY": "ඉන්ක්‍රිප්ට් කරන ලද, ආරක්ෂිත සහ ස්ටෙල්ලාර් ආරක්ෂාවෙන් ආරක්ෂා කරනු ලැබේ",
      
      "SHARE_TEXTAREA_PLACEHOLDER": "ඔබගේ සීකෘත් පණිවිඩය, මුරපදය හෝ සංවේදී තොරතුරු ලියන්න *",
      "SHARE_OPTIONS": "විකල්ප",
      
      "SHARE_EMPTY": "කිසිවක් නොමැතිව රඳවා ඇත.",
      "SHARE_BUTTON": "සීකෘත් සබැඳිය නිර්මාණය කරන්න",
      
      "CREATED_TITLE": "ඔබගේ සීකෘත් නිර්මාණය කරන ලදි",
      "CREATED_SUBTITLE": "එය එක් වරක් පමණක් පෙන්නනු ලැබේ",
      
      "CREATED_TITLE_SHARE": "සබැඳිය නකළුවා හෝ බෙදාගන්න.",
      "CREATED_BUTTON": "පිටපත් කරන්න",
      "CREATED_CREATE_SECRET": "අලුත් සීකෘත් නිර්මාණය කරන්න",
      "CREATED_BURNSECRET": "සීකෘත් මැවීම",
      "URL_COPIED": "URL පිටපත් කරන ලදි.",
      "SHARE_BURNER_TIME": "ජීවන කාලය",
      "SHARE_PASS_PHRASE": "මුරපද වාක්‍යය",
      "VIEW_SECRET": "සීකෘත් බලන්න"
    },
    "HOWITWORK": {
      "HEADER_TITLE": "ස්ටෙල්ලාර් සීකෘත්",
      "HOW_IT_WORKS": "කෙසේ වැඩ කරන්නේද",
      "DOWNLOAD_APP": "ඉන්ස්ටෝල් කරන්න",
    
      "ONE_TIME_SECRET_MESSAGING_TITLE": "එක් වරක් සීකෘත් පණිවිඩ",
      "ONE_TIME_SECRET_MESSAGING_SUBTITLE": "සීකෘත් බෙදාගන්න, සහ පෝෆ් - ඒවා අමතක වේ!",
    
      "ENCRYPTED_PROTECTED_BY": "ඉන්ක්‍රිප්ට් කරන ලද, ආරක්ෂිත සහ ස්ටෙල්ලාර් ආරක්ෂාවෙන් ආරක්ෂා කරනු ලැබේ",
      "WITHOUT_TRACE_TITLE": "සහල් නාමයකින්",
      "WITHOUT_TRACE_DESCRIPTION": "ඔබගේ සංවේදී තොරතුරු පරිපූර්ණ ආරක්ෂාවක් සහතික කරයි. සියලුම දත්ත පාරිභෝගික-පාර්ශවයේ සංකේතනය කර ඇත. අපට ඔබගේ IP ලිපිනය, ඔබ යටතේ බෙදාගන්නා විශේෂයන් හෝ ඔබ සීකෘත් සබැඳි බෙදාගන්නා පුද්ගලයන් පිළිබඳව කිසිවක් නොතේරේ - සහ ඉතා වැදගත්, අන්තර්ගතය.",
    
      "PRIVACY_PROTECTED_TITLE": "ගෝපනීයතාව ආරක්ෂා කළ හැකි",
      "PRIVACY_PROTECTED_DESCRIPTION": "ඔබට නිර්මාණය කරන ලද සීකෘත් තොරතුරු සඳහා සබැඳිය සහ ඒවා අයත් කරන්නේ කාටද කියන කෙනෙකු පමණි. සීකෘත් එකක් නිර්මාණය කරන විට, එය විවෘත කළ හැකි පසුපස මුරපදයක් එක් කළ හැක. වඩාත් මැදිරියකට වශයෙන්, සීකෘත් 14 දිනකින් මැවීමේ හැකියාව තිබේ.",
    
      "END_TO_END_ENCRYPTED_TITLE": "අවසන්-කින්-අවසන් සංකේතනය කරන ලද",
      "END_TO_END_ENCRYPTED_DESCRIPTION": "සියලු සබැඳි සහ අන්තර්ගතය පාරිභෝගික-පාර්ශවයේ හැෂ් කරන ලද, එමෙන්ම අපට සබැඳිය සහ අන්තර්ගතය තේරෙන්නේ නැත. සෑම සබැඳියකම 36 දිගකූඩයක් ඇති අනික් ලක්ෂණයකින් හැෂ් කරන ලද අංකයක් සහ AES-256 සංකේතනයකින් සීකෘත් පණිවිඩය සහ එහි අන්තර්ගතය පසුබැසීමෙහි.",
    
      "HOW_IT_WORKS_TITLE": "කෙසේ වැඩ කරන්නේද?",
      "STEP_1_TITLE": "ඔබගේ පණිවිඩය ලියන්න සහ/හෝ මුරපදයක් ජනනය කරන්න",
      "STEP_2_TITLE": "සීකෘත් සබැඳිය නිර්මාණය කරන්න",
      "STEP_3_TITLE": "සබැඳිය බෙදාගන්න",
    
      "COMPANY_LOGO_ALT": "සමාගම ලාංඡනය",
    
      "SHARE_TITLE": "සීකෘත් පණිවිඩයක් බෙදාගන්න",
      "SHARE_DESCRIPTION_PART_1": "පණිවිඩය ලිව්වට සහ යැවීම, එය",
      "SHARE_DESCRIPTION_PART_2": "ඉදිරියට කියවීමේදී මැවෙනු ඇත.",
    
      "SHARE_BULLET_1": "සහල් නාමයකින්.",
      "SHARE_BULLET_2": "ගෝපනීයතාව ආරක්ෂා කළ හැකි",
      "SHARE_BULLET_3": "එක් වරක් බලන්න පුළුවන්",
    
      "SHARE_ENCRYPTED_BY": "ඉන්ක්‍රිප්ට් කරන ලද, ආරක්ෂිත සහ ස්ටෙල්ලාර් ආරක්ෂාවෙන් ආරක්ෂා කරනු ලැබේ",
    
      "SHARE_TEXTAREA_PLACEHOLDER": "ඔබගේ සීකෘත් පණිවිඩය, මුරපදය හෝ සංවේදී තොරතුරු ලියන්න *",
      "SHARE_OPTIONS": "විකල්ප",
    
      "SHARE_EMPTY": "කිසිවක් නොමැතිව රඳවා ඇත.",
      "SHARE_BUTTON": "සීකෘත් සබැඳිය නිර්මාණය කරන්න",
    
      "CREATED_TITLE": "ඔබගේ සීකෘත් නිර්මාණය කරන ලදි",
      "CREATED_SUBTITLE": "එය එක් වරක් පමණක් පෙන්නනු ලැබේ",
    
      "CREATED_TITLE_SHARE": "සබැඳිය නකළුවා හෝ බෙදාගන්න.",
      "CREATED_BUTTON": "පිටපත් කරන්න",
      "CREATED_CREATE_SECRET": "අලුත් සීකෘත් නිර්මාණය කරන්න",
      "CREATED_BURNSECRET": "සීකෘත් මැවීම",
      "URL_COPIED": "URL පිටපත් කරන ලදි.",
    
      "VIEW_SECRET": "සීකෘත් බලන්න"
    },
    "CREATEDPAGE": {
      "CREATEDPAGE": "ස්ටෙල්ලාර් සීකෘත්",
      "HOW_IT_WORKS": "කෙසේ වැඩ කරන්නේද",
      "DOWNLOAD_APP": "ඉන්ස්ටෝල් කරන්න",
      "CREATED_TITLE": "ඔබගේ සීකෘත් නිර්මාණය කරන ලදි",
      "CREATED_SUBTITLE": "එය එක් වරක් පමණක් පෙන්නනු ලැබේ",
      "CREATED_TITLE_SHARE": "සබැඳිය නකළුවා හෝ බෙදාගන්න.",
      "CREATED_BUTTON": "පිටපත් කරන්න",
      "CREATED_CREATE_SECRET": "අලුත් සීකෘත් නිර්මාණය කරන්න",
      "CREATED_BURNSECRET": "සීකෘත් මැවීම",
      "URL_COPIED": "URL පිටපත් කරන ලදි."
    },
    "CONFIRMATION": {
      "YOURE_GONNA_BURN_THIS_SECRET": "ඔබ මෙම සීකෘත් මැවීමට යයි",
      "SECRET_UNAVAILABLE_TEXT": "මෙය තවමත් ලබාගත නොහැක",
      "BURN_FOREVER": "සදාකාලිකව මැවීම",
      "CANCEL": "අවලංගු කරන්න"
    },
    "VIEW": {
      "LOGO_TEXT": "ස්ටෙල්ලාර් සීකෘත්",
      "HOW_IT_WORKS": "කෙසේ වැඩ කරන්නේද",
      "DOWNLOAD_APP": "ඉන්ස්ටෝල් කරන්න",
      "WELCOME_MESSAGE": "හෙලෝ, ඔබට සීකෘත් පණිවිඩයක් ලැබී ඇත!",
      "INSTRUCTION": "පණිවිඩය ලිව්වට සහ යැවීම, එය කියවීමෙන් පසුව මැවෙනු ඇත.",
      "SHOW_MESSAGE_ONCE": "අපි දැක්විය යුතු පණිවිඩය <strong>එක් වරක් පමණක්</strong>",
      "OPEN_SECRET_MESSAGE": "සීකෘත් පණිවිඩය විවෘත කරන්න",
      "INPUT_PASSPHRASE": "මුරපද වාක්‍යය ඇතුළත් කරන්න",
      "PASS_PHRASE_PLACEHOLDER": "මුරපද වාක්‍යය",
      "OPEN_SECRET_BUTTON": "සීකෘත් පණිවිඩය විවෘත කරන්න",
      "YOUR_SECRET_MESSAGE": "ඔබගේ සීකෘත් පණිවිඩය",
      "COPY": "පිටපත් කරන්න",
      "MESSAGE_LABEL": "පණිවිඩය",
      "REPLY": "පිළිතුර",
      "DOWNLOAD_MESSAGE": "ස්ටෙල්ලාර් සීකෘත් මොබයිල් සඳහා බාගත කරන්න, ඔබගේ සීකෘත් පණිවිඩයන් නිර්මාණය කරන්න",
      "WITHOUT_TRACE": "සහල් නාමයකින්.",
      "PRIVACY_PROTECTED": "ගෝපනීයතාව ආරක්ෂා කළ හැකි",
      "ONE_TIME_VIEWABLE": "එක් වරක් බලන්න පුළුවන්",
      "SECURITY_TEXT": "ඉන්ක්‍රිප්ට් කරන ලද, ආරක්ෂිත සහ",
      "SECURITY_TEXT2": "ස්ටෙල්ලාර් ආරක්ෂාව"
    }
  }
  