{
    "HOME": {
      "HEADER_TITLE": "Stellar Secret",
      "HOW_IT_WORKS": "Fa'amolemole fa'atau",
      "DOWNLOAD_APP": "Saini i le App",
      
      "ONE_TIME_SECRET_MESSAGING_TITLE": "Fa'ata'ita'iga Tatau E tasi",
      "ONE_TIME_SECRET_MESSAGING_SUBTITLE": "Fa'asoa fa'amatalaga, ma poof—ua 'aumaia!",
      
      "ENCRYPTED_PROTECTED_BY": "Fa'amatalaga e fa'amaonia, fa'amautu ma puipuia e Stellar Security",
      "WITHOUT_TRACE_TITLE": "E leai ni fa'amaoniga",
      "WITHOUT_TRACE_DESCRIPTION": "Matou te mautinoa i le puipuiga malosi o au fa'amaumauga tāua. O fa'amaumauga uma e fa'amaonia i le tagata fa'aoga. E le iloa e matou lau IP, le mea e fa'asoa ai, po'o ai e fa'asoa ai fa'amatalaga secrecy - ma o le mea e taua, o le fua.",
      
      "PRIVACY_PROTECTED_TITLE": "Fa'amatalaga Puipui",
      "PRIVACY_PROTECTED_DESCRIPTION": "O le fa'amaoniga i le fa'amaonia e tagata e te iloa e fa'apea e fa'afoe ai le fa'amaumauga fa'ata'ita'iga ma o ai e fa'asoa ai. A'o le faia o se fa'amaoniga, e mafai ona e fa'aofi se fa'avae e mafai ona fa'amaonia ai. E mafai fo'i ona fa'atū se taimi fa'atau. E le mafai ona tuai fa'amaoniga i le 14 aso.",
      
      "END_TO_END_ENCRYPTED_TITLE": "Fa'amaonia i le fa'aoga i le pito i le pito",
      "END_TO_END_ENCRYPTED_DESCRIPTION": "O fa'amaumauga uma ma le fa'amaumauga e fa'a'ese'ese i le tagata fa'aoga, o lona uiga e le iloa e matou le fa'amaumauga ma le fa'amaumauga. E mafai e le fa'amaoniga taʻitasi ona avea ma ID fa'ata'ita'iga o le umi o le 36 o se fa'amaoniga i le auala e mafai ai ona e fa'afoe le Fa'amaoniga Fa'amatalaga ma le fa'amaumauga e fa'amaonia i le AES-256.",
      
      "HOW_IT_WORKS_TITLE": "Fa'amolemole fa'atau?",
      "STEP_1_TITLE": "Fa'amolemole fa'ata'ita'iga ma/po'o fa'avae",
      "STEP_2_TITLE": "Fa'amaonia le Fa'amaoniga",
      "STEP_3_TITLE": "Fa'asoa fa'amaoniga",
      
      "COMPANY_LOGO_ALT": "Fa'aoga fa'atau",
      
      "SHARE_TITLE": "Fa'asoa se fa'amaoniga fa'avae",
      "SHARE_DESCRIPTION_PART_1": "Fa'amolemole fa'ata'ita'iga ma fa'asoa fa'amaoniga, o le a",
      "SHARE_DESCRIPTION_PART_2": "fa'amaonia i le fa'avaa.",
      
      "SHARE_BULLET_1": "E leai ni fa'amaoniga.",
      "SHARE_BULLET_2": "Fa'amatalaga Puipui",
      "SHARE_BULLET_3": "Fa'amolemole i se taimi e tasi",
      
      "SHARE_ENCRYPTED_BY": "Fa'amatalaga e fa'amaonia, fa'amautu ma puipuia e Stellar Security",
      
      "SHARE_TEXTAREA_PLACEHOLDER": "Fa'amolemole fa'ata'ita'iga le fa'amaoniga fa'avae, fa'avae po'o fa'amaumauga tāua *",
      "SHARE_OPTIONS": "Fa'avaa",
      
      "SHARE_EMPTY": "Fa'amolemole fa'amolemole e leai.",
      "SHARE_BUTTON": "Fa'amaonia le Fa'amaoniga",
      
      "CREATED_TITLE": "O lau fa'amaoniga ua fa'atūina",
      "CREATED_SUBTITLE": "O le a fa'aalia i se taimi e tasi na'o le",
      
      "CREATED_TITLE_SHARE": "Kopi le fa'amaoniga po'o fa'asoa.",
      "CREATED_BUTTON": "KOPI",
      "CREATED_CREATE_SECRET": "Fa'atūina se fa'amaoniga fou",
      "CREATED_BURNSECRET": "Fa'amama fa'amaoniga",
      "URL_COPIED": "O le URL ua kopiina.",
      "SHARE_BURNER_TIME":"Taimi olaga",
      "SHARE_PASS_PHRASE":"Fa'avae",
      "VIEW_SECRET": "Fa'aalia le fa'amaoniga"
    },
    "HOWITWORK": {
      "HEADER_TITLE": "Stellar Secret",
      "HOW_IT_WORKS": "Fa'amolemole fa'atau",
      "DOWNLOAD_APP": "Saini i le App",
    
      "ONE_TIME_SECRET_MESSAGING_TITLE": "Fa'ata'ita'iga Tatau E tasi",
      "ONE_TIME_SECRET_MESSAGING_SUBTITLE": "Fa'asoa fa'amatalaga, ma poof—ua 'aumaia!",
    
      "ENCRYPTED_PROTECTED_BY": "Fa'amatalaga e fa'amaonia, fa'amautu ma puipuia e Stellar Security",
      "WITHOUT_TRACE_TITLE": "E leai ni fa'amaoniga",
      "WITHOUT_TRACE_DESCRIPTION": "Matou te mautinoa i le puipuiga malosi o au fa'amaumauga tāua. O fa'amaumauga uma e fa'amaonia i le tagata fa'aoga. E le iloa e matou lau IP, le mea e fa'asoa ai, po'o ai e fa'asoa ai fa'amatalaga secrecy - ma o le mea e taua, o le fua.",
    
      "PRIVACY_PROTECTED_TITLE": "Fa'amatalaga Puipui",
      "PRIVACY_PROTECTED_DESCRIPTION": "O le fa'amaoniga i le fa'amaonia e tagata e te iloa e fa'apea e fa'afoe ai le fa'amaumauga fa'ata'ita'iga ma o ai e fa'asoa ai. A'o le faia o se fa'amaoniga, e mafai ona e fa'aofi se fa'avae e mafai ona fa'amaonia ai. E mafai fo'i ona fa'atū se taimi fa'atau. E le mafai ona tuai fa'amaoniga i le 14 aso.",
    
      "END_TO_END_ENCRYPTED_TITLE": "Fa'amaonia i le fa'aoga i le pito i le pito",
      "END_TO_END_ENCRYPTED_DESCRIPTION": "O fa'amaumauga uma ma le fa'amaumauga e fa'a'ese'ese i le tagata fa'aoga, o lona uiga e le iloa e matou le fa'amaumauga ma le fa'amaumauga. E mafai e le fa'amaoniga taʻitasi ona avea ma ID fa'ata'ita'iga o le umi o le 36 o se fa'amaoniga i le auala e mafai ai ona e fa'afoe le Fa'amaoniga Fa'amatalaga ma le fa'amaumauga e fa'amaonia i le AES-256.",
    
      "HOW_IT_WORKS_TITLE": "Fa'amolemole fa'atau?",
      "STEP_1_TITLE": "Fa'amolemole fa'ata'ita'iga ma/po'o fa'avae",
      "STEP_2_TITLE": "Fa'amaonia le Fa'amaoniga",
      "STEP_3_TITLE": "Fa'asoa fa'amaoniga",
    
      "COMPANY_LOGO_ALT": "Fa'aoga fa'atau",
    
      "SHARE_TITLE": "Fa'asoa se fa'amaoniga fa'avae",
      "SHARE_DESCRIPTION_PART_1": "Fa'amolemole fa'ata'ita'iga ma fa'asoa fa'amaoniga, o le a",
      "SHARE_DESCRIPTION_PART_2": "fa'amaonia i le fa'avaa.",
    
      "SHARE_BULLET_1": "E leai ni fa'amaoniga.",
      "SHARE_BULLET_2": "Fa'amatalaga Puipui",
      "SHARE_BULLET_3": "Fa'amolemole i se taimi e tasi",
    
      "SHARE_ENCRYPTED_BY": "Fa'amatalaga e fa'amaonia, fa'amautu ma puipuia e Stellar Security",
    
      "SHARE_TEXTAREA_PLACEHOLDER": "Fa'amolemole fa'ata'ita'iga le fa'amaoniga fa'avae, fa'avae po'o fa'amaumauga tāua *",
      "SHARE_OPTIONS": "Fa'avaa",
    
      "SHARE_EMPTY": "Fa'amolemole fa'amolemole e leai.",
      "SHARE_BUTTON": "Fa'amaonia le Fa'amaoniga",
    
      "CREATED_TITLE": "O lau fa'amaoniga ua fa'atūina",
      "CREATED_SUBTITLE": "O le a fa'aalia i se taimi e tasi na'o le",
    
      "CREATED_TITLE_SHARE": "Kopi le fa'amaoniga po'o fa'asoa.",
      "CREATED_BUTTON": "KOPI",
      "CREATED_CREATE_SECRET": "Fa'atūina se fa'amaoniga fou",
      "CREATED_BURNSECRET": "Fa'amama fa'amaoniga",
      "URL_COPIED": "O le URL ua kopiina.",
    
      "VIEW_SECRET": "Fa'aalia le fa'amaoniga"
    },
    "CREATEDPAGE": {
      "CREATEDPAGE": "Stellar Secret",
      "HOW_IT_WORKS": "Fa'amolemole fa'atau",
      "DOWNLOAD_APP": "Saini i le App",
      "CREATED_TITLE": "O lau fa'amaoniga ua fa'atūina",
      "CREATED_SUBTITLE": "O le a fa'aalia i se taimi e tasi na'o le",
      "CREATED_TITLE_SHARE": "Kopi le fa'amaoniga po'o fa'asoa.",
      "CREATED_BUTTON": "KOPI",
      "CREATED_CREATE_SECRET": "Fa'atūina se fa'amaoniga fou",
      "CREATED_BURNSECRET": "Fa'amama fa'amaoniga",
      "URL_COPIED": "O le URL ua kopiina."
    },
    "CONFIRMATION": {
      "YOURE_GONNA_BURN_THIS_SECRET": "O le a e fa'amama lenei fa'amaoniga",
      "SECRET_UNAVAILABLE_TEXT": "E le mafai ona maua i le isi taimi",
      "BURN_FOREVER": "Fa'amama e fa'avavau",
      "CANCEL": "Fa'asa'o"
    },
    "VIEW": {
      "LOGO_TEXT": "Stellar Secret",
      "HOW_IT_WORKS": "Fa'amolemole fa'atau",
      "DOWNLOAD_APP": "Saini i le App",
      "WELCOME_MESSAGE": "Talofa, ua e mauaina se fa'amaoniga fa'avae!",
      "INSTRUCTION": "Fa'amolemole fa'ata'ita'iga ma fa'asoa fa'amaoniga, o le a",
      "SHOW_MESSAGE_ONCE": "O le fa'amaoniga i lalo o le a fa'aalia <strong>i se taimi e tasi</strong>",
      "OPEN_SECRET_MESSAGE": "Fa'aalia le Fa'amaoniga Fa'avae",
      "INPUT_PASSPHRASE": "Fa'avaa",
      "PASS_PHRASE_PLACEHOLDER": "Fa'avae",
      "OPEN_SECRET_BUTTON": "Fa'aalia le Fa'amaoniga Fa'avae",
      "YOUR_SECRET_MESSAGE": "O lau Fa'amaoniga Fa'avae",
      "COPY": "Kopi",
      "MESSAGE_LABEL": "Fa'amaoniga",
      "REPLY": "Toe fo'i",
      "DOWNLOAD_MESSAGE": "Saini i Stellar Secret i le telefoni, fa'atūina lau fa'amaoniga fa'avae",
      "WITHOUT_TRACE": "E leai ni fa'amaoniga.",
      "PRIVACY_PROTECTED": "Fa'amatalaga Puipui",
      "ONE_TIME_VIEWABLE": "Fa'amolemole i se taimi e tasi",
      "SECURITY_TEXT": "Fa'amatalaga e fa'amaonia, fa'amautu ma puipuia e ",
      "SECURITY_TEXT2": "Stellar Security"
    }
  }
  