{
    "HOME": {
      "HEADER_TITLE": "Sirta Stellar",
      "HOW_IT_WORKS": "Sida ay u shaqeyso",
      "DOWNLOAD_APP": "Soo Degso App",
      
      "ONE_TIME_SECRET_MESSAGING_TITLE": "Waa Soo Diris Sir Ah Hal Mar",
      "ONE_TIME_SECRET_MESSAGING_SUBTITLE": "Siraha la wadaag, kadibna—waxaana ka tagaa!",
      
      "ENCRYPTED_PROTECTED_BY": "Lagu xafiday, ammaaneysan oo ilaalinaya Sirta Stellar",
      "WITHOUT_TRACE_TITLE": "Iyadoo aan raad lahayn",
      "WITHOUT_TRACE_DESCRIPTION": "Waxaan xaqiijinaynaa ilaalinta xooggan ee macluumaadkaaga xasaasiga ah. Dhammaan xogta waxaa lagu qariyaa dhinaca macmiilka. Ma aqaanin cinwaankaaga IP-ga, waxa aad wadaagto, ama cidda aad la wadaagayso xiriirka sirta - iyo waxa ugu muhiimsan, waxa ku jira.",
      
      "PRIVACY_PROTECTED_TITLE": "Ilaalinta Asturnaanta",
      "PRIVACY_PROTECTED_DESCRIPTION": "Adiga kaliya ayaa og xiriirka sirta ah ee aad abuurtay iyo cidda aad la wadaagayso. Markaad abuurayso sir, waxaad ku dari kartaa eray sir ah ka hor inta aan la furin. Sidoo kale waxaa suurtagal ah in la dejiyo waqtiga burburka. Waa maxayba, sirta waxaa la tirtiri doonaa kadib 14 maalmood.",
      
      "END_TO_END_ENCRYPTED_TITLE": "Lagu qariyey dhammaan dhinacyada",
      "END_TO_END_ENCRYPTED_DESCRIPTION": "Dhammaan xiriirada iyo waxyaabaha waxaa lagu hash-gareeyaa dhinaca macmiilka, taasoo macnaheedu yahay inaan xitaa aanan aqoon xiriirka iyo waxa ku jira. Xiriir kastaa wuxuu leeyahay aqoonsi gaar ah oo dhererkiisu yahay 36 oo ah hash hal-jid ah si aad u gashid Sirta iyo waxa ku jira oo lagu qariyay AES-256.",
      
      "HOW_IT_WORKS_TITLE": "Sida ay u shaqeyso?",
      "STEP_1_TITLE": "Qor farriintaada iyo/ama abuuri eray sir ah",
      "STEP_2_TITLE": "Abuur Xiriir Sir ah",
      "STEP_3_TITLE": "Wadaag xiriirka",
      
      "COMPANY_LOGO_ALT": "Astaan Shirkadeed",
      
      "SHARE_TITLE": "Wadaag farriin sir ah",
      "SHARE_DESCRIPTION_PART_1": "Qor oo dir farriinta, waxay noqon doontaa",
      "SHARE_DESCRIPTION_PART_2": "la tirtiri doono marka la akhriyo.",
      
      "SHARE_BULLET_1": "Iyadoo aan raad lahayn.",
      "SHARE_BULLET_2": "Ilaalinta Asturnaanta",
      "SHARE_BULLET_3": "Hal mar kaliya la arki karo",
      
      "SHARE_ENCRYPTED_BY": "Lagu xafiday, ammaaneysan oo ilaalinaya Sirta Stellar",
      
      "SHARE_TEXTAREA_PLACEHOLDER": "Qor farriintaada Sirta ah, eray sir ah ama macluumaad xasaasi ah *",
      "SHARE_OPTIONS": "Ikhtiyaarada",
      
      "SHARE_EMPTY": "Ka tag meel bannaan haddii aan loo baahnayn.",
      "SHARE_BUTTON": "Abuur Xiriir Sir ah",
      
      "CREATED_TITLE": "Sirtaada waa la abuurtay",
      "CREATED_SUBTITLE": "Waxay muuqan doontaa hal mar kaliya",
      
      "CREATED_TITLE_SHARE": "Nuqul ka dhig xiriirka ama wadaag.",
      "CREATED_BUTTON": "NUQULE",
      "CREATED_CREATE_SECRET": "Abuur Sir Cusub",
      "CREATED_BURNSECRET": "Gub Sirta",
      "URL_COPIED": "URL-kii waa la nuqulay.",
      "SHARE_BURNER_TIME":"Nolosha",
      "SHARE_PASS_PHRASE":"Eray Sir",
      "VIEW_SECRET": "Arag Sirta"
    },
    "HOWITWORK": {
      "HEADER_TITLE": "Sirta Stellar",
      "HOW_IT_WORKS": "Sida ay u shaqeyso",
      "DOWNLOAD_APP": "Soo Degso App",
      
      "ONE_TIME_SECRET_MESSAGING_TITLE": "Waa Soo Diris Sir Ah Hal Mar",
      "ONE_TIME_SECRET_MESSAGING_SUBTITLE": "Siraha la wadaag, kadibna—waxaana ka tagaa!",
      
      "ENCRYPTED_PROTECTED_BY": "Lagu xafiday, ammaaneysan oo ilaalinaya Sirta Stellar",
      "WITHOUT_TRACE_TITLE": "Iyadoo aan raad lahayn",
      "WITHOUT_TRACE_DESCRIPTION": "Waxaan xaqiijinaynaa ilaalinta xooggan ee macluumaadkaaga xasaasiga ah. Dhammaan xogta waxaa lagu qariyaa dhinaca macmiilka. Ma aqaanin cinwaankaaga IP-ga, waxa aad wadaagto, ama cidda aad la wadaagayso xiriirka sirta - iyo waxa ugu muhiimsan, waxa ku jira.",
      
      "PRIVACY_PROTECTED_TITLE": "Ilaalinta Asturnaanta",
      "PRIVACY_PROTECTED_DESCRIPTION": "Adiga kaliya ayaa og xiriirka sirta ah ee aad abuurtay iyo cidda aad la wadaagayso. Markaad abuurayso sir, waxaad ku dari kartaa eray sir ah ka hor inta aan la furin. Sidoo kale waxaa suurtagal ah in la dejiyo waqtiga burburka. Waa maxayba, sirta waxaa la tirtiri doonaa kadib 14 maalmood.",
      
      "END_TO_END_ENCRYPTED_TITLE": "Lagu qariyey dhammaan dhinacyada",
      "END_TO_END_ENCRYPTED_DESCRIPTION": "Dhammaan xiriirada iyo waxyaabaha waxaa lagu hash-gareeyaa dhinaca macmiilka, taasoo macnaheedu yahay inaan xitaa aanan aqoon xiriirka iyo waxa ku jira. Xiriir kastaa wuxuu leeyahay aqoonsi gaar ah oo dhererkiisu yahay 36 oo ah hash hal-jid ah si aad u gashid Sirta iyo waxa ku jira oo lagu qariyay AES-256.",
      
      "HOW_IT_WORKS_TITLE": "Sida ay u shaqeyso?",
      "STEP_1_TITLE": "Qor farriintaada iyo/ama abuuri eray sir ah",
      "STEP_2_TITLE": "Abuur Xiriir Sir ah",
      "STEP_3_TITLE": "Wadaag xiriirka",
      
      "COMPANY_LOGO_ALT": "Astaan Shirkadeed",
      
      "SHARE_TITLE": "Wadaag farriin sir ah",
      "SHARE_DESCRIPTION_PART_1": "Qor oo dir farriinta, waxay noqon doontaa",
      "SHARE_DESCRIPTION_PART_2": "la tirtiri doono marka la akhriyo.",
      
      "SHARE_BULLET_1": "Iyadoo aan raad lahayn.",
      "SHARE_BULLET_2": "Ilaalinta Asturnaanta",
      "SHARE_BULLET_3": "Hal mar kaliya la arki karo",
      
      "SHARE_ENCRYPTED_BY": "Lagu xafiday, ammaaneysan oo ilaalinaya Sirta Stellar",
      
      "SHARE_TEXTAREA_PLACEHOLDER": "Qor farriintaada Sirta ah, eray sir ah ama macluumaad xasaasi ah *",
      "SHARE_OPTIONS": "Ikhtiyaarada",
      
      "SHARE_EMPTY": "Ka tag meel bannaan haddii aan loo baahnayn.",
      "SHARE_BUTTON": "Abuur Xiriir Sir ah",
      
      "CREATED_TITLE": "Sirtaada waa la abuurtay",
      "CREATED_SUBTITLE": "Waxay muuqan doontaa hal mar kaliya",
      
      "CREATED_TITLE_SHARE": "Nuqul ka dhig xiriirka ama wadaag.",
      "CREATED_BUTTON": "NUQULE",
      "CREATED_CREATE_SECRET": "Abuur Sir Cusub",
      "CREATED_BURNSECRET": "Gub Sirta",
      "URL_COPIED": "URL-kii waa la nuqulay.",
      
      "VIEW_SECRET": "Arag Sirta"
    },
    "CREATEDPAGE": {
      "CREATEDPAGE": "Sirta Stellar",
      "HOW_IT_WORKS": "Sida ay u shaqeyso",
      "DOWNLOAD_APP": "Soo Degso App",
      "CREATED_TITLE": "Sirtaada waa la abuurtay",
      "CREATED_SUBTITLE": "Waxay muuqan doontaa hal mar kaliya",
      "CREATED_TITLE_SHARE": "Nuqul ka dhig xiriirka ama wadaag.",
      "CREATED_BUTTON": "NUQULE",
      "CREATED_CREATE_SECRET": "Abuur Sir Cusub",
      "CREATED_BURNSECRET": "Gub Sirta",
      "URL_COPIED": "URL-kii waa la nuqulay."
    },
    "CONFIRMATION": {
      "YOURE_GONNA_BURN_THIS_SECRET": "Waxaad gubaysaa sirtaan",
      "SECRET_UNAVAILABLE_TEXT": "Ma heli doontid mar dambe",
      "BURN_FOREVER": "Gub Mudnaanta",
      "CANCEL": "Canshe"
    },
    "VIEW": {
      "LOGO_TEXT": "Sirta Stellar",
      "HOW_IT_WORKS": "Sida ay u shaqeyso",
      "DOWNLOAD_APP": "Soo Degso App",
      "WELCOME_MESSAGE": "Salaan, waxaad heshay farriin sir ah!",
      "INSTRUCTION": "Qor oo dir farriinta, waxay noqon doontaa la tirtiri doono marka la akhriyo.",
      "SHOW_MESSAGE_ONCE": "Farriinta soo socota waxaa la muujin doonaa <strong>hal mar kaliya</strong>",
      "OPEN_SECRET_MESSAGE": "Fur Farriinta Sirta",
      "INPUT_PASSPHRASE": "Gali Eray Sir",
      "PASS_PHRASE_PLACEHOLDER": "Eray Sir",
      "OPEN_SECRET_BUTTON": "Fur Farriinta Sirta",
      "YOUR_SECRET_MESSAGE": "Farriintaada Sirta",
      "COPY": "Nuqul",
      "MESSAGE_LABEL": "Farriin",
      "REPLY": "Jawaab",
      "DOWNLOAD_MESSAGE": "Soo degso Sirta Stellar mobilka, abuuro farriimahaaga sirta ah",
      "WITHOUT_TRACE": "Iyadoo aan raad lahayn.",
      "PRIVACY_PROTECTED": "Ilaalinta Asturnaanta",
      "ONE_TIME_VIEWABLE": "Hal mar kaliya la arki karo",
      "SECURITY_TEXT": "Lagu xafiday, ammaaneysan oo ilaalinaya ",
      "SECURITY_TEXT2": "Sirta Stellar"
    }
  }
  