{
    "HOME": {
      "HEADER_TITLE": "Sekreti Stellar",
      "HOW_IT_WORKS": "Si funksionon",
      "DOWNLOAD_APP": "Shkarko Aplikacionin",
      
      "ONE_TIME_SECRET_MESSAGING_TITLE": "Mesazhe Sekrete për Një Herë",
      "ONE_TIME_SECRET_MESSAGING_SUBTITLE": "Ndani sekrete, dhe poof—shkarkohen!",
      
      "ENCRYPTED_PROTECTED_BY": "Enkriptimi, i siguruar dhe mbrojtur nga Stellar Security",
      "WITHOUT_TRACE_TITLE": "Pa gjurmë",
      "WITHOUT_TRACE_DESCRIPTION": "Ne sigurojmë mbrojtje të fortë të informacionit tuaj të ndjeshëm. Të gjitha të dhënat janë të enkriptuara në anën e klientit. Ne nuk e dimë adresën tuaj IP, çfarë ndani, ose me kë ndani lidhjet sekrete - dhe më e rëndësishmja, përmbajtjen.",
      
      "PRIVACY_PROTECTED_TITLE": "Mbrojtja e Privatësisë",
      "PRIVACY_PROTECTED_DESCRIPTION": "Jeni vetëm ju që e dini lidhjen me informacionin sekret që krijuat dhe me kë e ndani atë. Kur krijoni një sekret, mund të shtoni një fjalëkalim para se të mund të zhbllokohet. Po ashtu është e mundur të vendosni një kohë për djegie. Pa marrë parasysh, një sekret do të fshihet pas 14 ditësh.",
      
      "END_TO_END_ENCRYPTED_TITLE": "Enkriptimi nga fundi në fund",
      "END_TO_END_ENCRYPTED_DESCRIPTION": "Të gjitha lidhjet dhe përmbajtjet janë të hash-uar në anën e klientit, që do të thotë se as ne nuk e dimë lidhjen dhe përmbajtjen. Çdo lidhje ka një ID unike me gjatësi 36 që është një enkriptim një-drejtim për të pasur mundësi të aksesoni Mesazhin Sekret dhe përmbajtjen e tij që është e enkriptuar me AES-256.",
      
      "HOW_IT_WORKS_TITLE": "Si funksionon?",
      "STEP_1_TITLE": "Shkruani mesazhin tuaj dhe/o ose gjeneroni fjalëkalim",
      "STEP_2_TITLE": "Krijoni Lidhjen Sekrete",
      "STEP_3_TITLE": "Ndani lidhjen",
      
      "COMPANY_LOGO_ALT": "Logo e Kompanisë",
      
      "SHARE_TITLE": "Ndani një mesazh sekret",
      "SHARE_DESCRIPTION_PART_1": "Shkruani dhe dërgoni mesazhin, do të",
      "SHARE_DESCRIPTION_PART_2": "fshihet sapo të lexohet.",
      
      "SHARE_BULLET_1": "Pa gjurmë.",
      "SHARE_BULLET_2": "Mbrojtja e Privatësisë",
      "SHARE_BULLET_3": "I shikueshëm për një herë",
      
      "SHARE_ENCRYPTED_BY": "Enkriptimi, i siguruar dhe mbrojtur nga Stellar Security",
      
      "SHARE_TEXTAREA_PLACEHOLDER": "Shkruani mesazhin tuaj sekret, fjalëkalimin ose informacionin e ndjeshëm *",
      "SHARE_OPTIONS": "Opsionet",
      
      "SHARE_EMPTY": "Lëreni bosh për asnjë.",
      "SHARE_BUTTON": "Krijo Lidhjen Sekrete",
      
      "CREATED_TITLE": "Sekreti juaj u krijua",
      "CREATED_SUBTITLE": "Do të shfaqet vetëm një herë",
      
      "CREATED_TITLE_SHARE": "Kopjoni lidhjen ose ndajeni atë.",
      "CREATED_BUTTON": "KOPJO",
      "CREATED_CREATE_SECRET": "Krijo Sekret të Ri",
      "CREATED_BURNSECRET": "Digjni Sekretin",
      "URL_COPIED": "URL-ja është kopjuar.",
      "SHARE_BURNER_TIME": "Kohëzgjatja",
      "SHARE_PASS_PHRASE": "Fjalëkalim",
      "VIEW_SECRET": "Shiko Sekretin"
    },
    "HOWITWORK": {
      "HEADER_TITLE": "Sekreti Stellar",
      "HOW_IT_WORKS": "Si funksionon",
      "DOWNLOAD_APP": "Shkarko Aplikacionin",
      
      "ONE_TIME_SECRET_MESSAGING_TITLE": "Mesazhe Sekrete për Një Herë",
      "ONE_TIME_SECRET_MESSAGING_SUBTITLE": "Ndani sekrete, dhe poof—shkarkohen!",
      
      "ENCRYPTED_PROTECTED_BY": "Enkriptimi, i siguruar dhe mbrojtur nga Stellar Security",
      "WITHOUT_TRACE_TITLE": "Pa gjurmë",
      "WITHOUT_TRACE_DESCRIPTION": "Ne sigurojmë mbrojtje të fortë të informacionit tuaj të ndjeshëm. Të gjitha të dhënat janë të enkriptuara në anën e klientit. Ne nuk e dimë adresën tuaj IP, çfarë ndani, ose me kë ndani lidhjet sekrete - dhe më e rëndësishmja, përmbajtjen.",
      
      "PRIVACY_PROTECTED_TITLE": "Mbrojtja e Privatësisë",
      "PRIVACY_PROTECTED_DESCRIPTION": "Jeni vetëm ju që e dini lidhjen me informacionin sekret që krijuat dhe me kë e ndani atë. Kur krijoni një sekret, mund të shtoni një fjalëkalim para se të mund të zhbllokohet. Po ashtu është e mundur të vendosni një kohë për djegie. Pa marrë parasysh, një sekret do të fshihet pas 14 ditësh.",
      
      "END_TO_END_ENCRYPTED_TITLE": "Enkriptimi nga fundi në fund",
      "END_TO_END_ENCRYPTED_DESCRIPTION": "Të gjitha lidhjet dhe përmbajtjet janë të hash-uar në anën e klientit, që do të thotë se as ne nuk e dimë lidhjen dhe përmbajtjen. Çdo lidhje ka një ID unike me gjatësi 36 që është një enkriptim një-drejtim për të pasur mundësi të aksesoni Mesazhin Sekret dhe përmbajtjen e tij që është e enkriptuar me AES-256.",
      
      "HOW_IT_WORKS_TITLE": "Si funksionon?",
      "STEP_1_TITLE": "Shkruani mesazhin tuaj dhe/o ose gjeneroni fjalëkalim",
      "STEP_2_TITLE": "Krijoni Lidhjen Sekrete",
      "STEP_3_TITLE": "Ndani lidhjen",
      
      "COMPANY_LOGO_ALT": "Logo e Kompanisë",
      
      "SHARE_TITLE": "Ndani një mesazh sekret",
      "SHARE_DESCRIPTION_PART_1": "Shkruani dhe dërgoni mesazhin, do të",
      "SHARE_DESCRIPTION_PART_2": "fshihet sapo të lexohet.",
      
      "SHARE_BULLET_1": "Pa gjurmë.",
      "SHARE_BULLET_2": "Mbrojtja e Privatësisë",
      "SHARE_BULLET_3": "I shikueshëm për një herë",
      
      "SHARE_ENCRYPTED_BY": "Enkriptimi, i siguruar dhe mbrojtur nga Stellar Security",
      
      "SHARE_TEXTAREA_PLACEHOLDER": "Shkruani mesazhin tuaj sekret, fjalëkalimin ose informacionin e ndjeshëm *",
      "SHARE_OPTIONS": "Opsionet",
      
      "SHARE_EMPTY": "Lëreni bosh për asnjë.",
      "SHARE_BUTTON": "Krijo Lidhjen Sekrete",
      
      "CREATED_TITLE": "Sekreti juaj u krijua",
      "CREATED_SUBTITLE": "Do të shfaqet vetëm një herë",
      
      "CREATED_TITLE_SHARE": "Kopjoni lidhjen ose ndajeni atë.",
      "CREATED_BUTTON": "KOPJO",
      "CREATED_CREATE_SECRET": "Krijo Sekret të Ri",
      "CREATED_BURNSECRET": "Digjni Sekretin",
      "URL_COPIED": "URL-ja është kopjuar.",
      
      "VIEW_SECRET": "Shiko Sekretin"
    },
    "CREATEDPAGE": {
      "CREATEDPAGE": "Sekreti Stellar",
      "HOW_IT_WORKS": "Si funksionon",
      "DOWNLOAD_APP": "Shkarko Aplikacionin",
      "CREATED_TITLE": "Sekreti juaj u krijua",
      "CREATED_SUBTITLE": "Do të shfaqet vetëm një herë",
      "CREATED_TITLE_SHARE": "Kopjoni lidhjen ose ndajeni atë.",
      "CREATED_BUTTON": "KOPJO",
      "CREATED_CREATE_SECRET": "Krijo Sekret të Ri",
      "CREATED_BURNSECRET": "Digjni Sekretin",
      "URL_COPIED": "URL-ja është kopjuar."
    },
    "CONFIRMATION": {
      "YOURE_GONNA_BURN_THIS_SECRET": "Do të digjni këtë sekret",
      "SECRET_UNAVAILABLE_TEXT": "Nuk do të jetë më i disponueshëm",
      "BURN_FOREVER": "Digjni Përgjithmonë",
      "CANCEL": "Anulo"
    },
    "VIEW": {
      "LOGO_TEXT": "Sekreti Stellar",
      "HOW_IT_WORKS": "Si funksionon",
      "DOWNLOAD_APP": "Shkarko Aplikacionin",
      "WELCOME_MESSAGE": "Përshëndetje, keni marrë një mesazh sekret!",
      "INSTRUCTION": "Shkruani dhe dërgoni mesazhin, do të fshihet sapo të lexohet.",
      "SHOW_MESSAGE_ONCE": "Mesazhi në vijim do të shfaqet <strong>vetëm një herë</strong>",
      "OPEN_SECRET_MESSAGE": "Hap Mesazhin Sekret",
      "INPUT_PASSPHRASE": "Futni Fjalëkalimin",
      "PASS_PHRASE_PLACEHOLDER": "Fjalëkalim",
      "OPEN_SECRET_BUTTON": "Hap Mesazhin Sekret",
      "YOUR_SECRET_MESSAGE": "Mesazhi Juaj Sekret",
      "COPY": "Kopjo",
      "MESSAGE_LABEL": "Mesazhi",
      "REPLY": "Përgjigju",
      "DOWNLOAD_MESSAGE": "Shkarkoni Stellar Secret në celular, krijoni mesazhet tuaja sekrete",
      "WITHOUT_TRACE": "Pa gjurmë.",
      "PRIVACY_PROTECTED": "Mbrojtja e Privatësisë",
      "ONE_TIME_VIEWABLE": "I shikueshëm për një herë",
      "SECURITY_TEXT": "Enkriptimi, i siguruar dhe mbrojtur nga ",
      "SECURITY_TEXT2": "Stellar Security"
    }
  }
  