{
    "HOME": {
      "HEADER_TITLE": "Rahasia Stellar",
      "HOW_IT_WORKS": "Kumaha carana",
      "DOWNLOAD_APP": "Unduh Aplikasi",
      
      "ONE_TIME_SECRET_MESSAGING_TITLE": "Pesan Rahasia Sakali Wae",
      "ONE_TIME_SECRET_MESSAGING_SUBTITLE": "Bagikeun rahasia, sareng geura leungit!",
      
      "ENCRYPTED_PROTECTED_BY": "Terenskripsi, aman, sareng dilindungi ku Kaamanan Stellar",
      "WITHOUT_TRACE_TITLE": "Tanpa jejak",
      "WITHOUT_TRACE_DESCRIPTION": "Kami mastikeun perlindungan anu kuat pikeun inpormasi sénsitip anjeun. Sakabéh data énkripsi di sisi klien. Kami henteu terang alamat IP anjeun, naon anu anjeun bagikeun, atanapi saha anu anjeun bagikeun tautan rahasia sareng - sareng anu paling penting, eusi na.",
      
      "PRIVACY_PROTECTED_TITLE": "Privasi Terlindungi",
      "PRIVACY_PROTECTED_DESCRIPTION": "Anjeun anu munggaran anu terang tautan ka inpormasi rahasia anu anjeun ciptakeun sareng saha anu anjeun bagikeun. Nalika nyiptakeun rahasia, anjeun tiasa nambahkeun kecap sandi sateuacan tiasa dibuka. Ogé tiasa nyetél waktos pembakaran. Naon waé, rahasia bakal dihapus saatos 14 dinten.",
      
      "END_TO_END_ENCRYPTED_TITLE": "Enkripsi ti awal nepi ka akhir",
      "END_TO_END_ENCRYPTED_DESCRIPTION": "Sadaya tautan sareng eusi di-hash di sisi klien, anu hartosna bahkan kami henteu terang tautan sareng eusi na. Unggal tautan gaduh ID unik anu panjangna 36 anu mangrupikeun énkripsi hiji arah pikeun tiasa ngaksés Pesan Rahasia sareng eusi na anu diénkripsi ku AES-256.",
      
      "HOW_IT_WORKS_TITLE": "Kumaha carana?",
      "STEP_1_TITLE": "Tulis pesen anjeun sareng/atau hasilkeun kecap sandi",
      "STEP_2_TITLE": "Jieun Tautan Rahasia",
      "STEP_3_TITLE": "Bagikeun tautan",
      
      "COMPANY_LOGO_ALT": "Logo Perusahaan",
      
      "SHARE_TITLE": "Bagikeun pesen rahasia",
      "SHARE_DESCRIPTION_PART_1": "Tulis sareng kirim pesen, éta bakal",
      "SHARE_DESCRIPTION_PART_2": "dihapus saatos dibaca.",
      
      "SHARE_BULLET_1": "Tanpa jejak.",
      "SHARE_BULLET_2": "Privasi Terlindungi",
      "SHARE_BULLET_3": "Dapat ditingali sakali waé",
      
      "SHARE_ENCRYPTED_BY": "Terenskripsi, aman, sareng dilindungi ku Kaamanan Stellar",
      
      "SHARE_TEXTAREA_PLACEHOLDER": "Tulis pesen Rahasia anjeun, kecap sandi atanapi inpormasi sénsitip *",
      "SHARE_OPTIONS": "Pilihan",
      
      "SHARE_EMPTY": "Tinggal kosong pikeun henteu aya.",
      "SHARE_BUTTON": "Jieun Tautan Rahasia",
      
      "CREATED_TITLE": "Rahasia anjeun parantos diciptakeun",
      "CREATED_SUBTITLE": "Ieu bakal dipintonkeun ngan sakali",
      
      "CREATED_TITLE_SHARE": "Salin tautan atanapi bagikeun.",
      "CREATED_BUTTON": "SALIN",
      "CREATED_CREATE_SECRET": "Jieun Rahasia Anyar",
      "CREATED_BURNSECRET": "Bakar Rahasia",
      "URL_COPIED": "URL parantos disalin.",
      "SHARE_BURNER_TIME":"Umur",
      "SHARE_PASS_PHRASE":"Frasa Kode",
      "VIEW_SECRET": "Tingali Rahasia"
    },
    "HOWITWORK": {
      "HEADER_TITLE": "Rahasia Stellar",
      "HOW_IT_WORKS": "Kumaha carana",
      "DOWNLOAD_APP": "Unduh Aplikasi",
    
      "ONE_TIME_SECRET_MESSAGING_TITLE": "Pesan Rahasia Sakali Wae",
      "ONE_TIME_SECRET_MESSAGING_SUBTITLE": "Bagikeun rahasia, sareng geura leungit!",
    
      "ENCRYPTED_PROTECTED_BY": "Terenskripsi, aman, sareng dilindungi ku Kaamanan Stellar",
      "WITHOUT_TRACE_TITLE": "Tanpa jejak",
      "WITHOUT_TRACE_DESCRIPTION": "Kami mastikeun perlindungan anu kuat pikeun inpormasi sénsitip anjeun. Sakabéh data énkripsi di sisi klien. Kami henteu terang alamat IP anjeun, naon anu anjeun bagikeun, atanapi saha anu anjeun bagikeun tautan rahasia sareng - sareng anu paling penting, eusi na.",
    
      "PRIVACY_PROTECTED_TITLE": "Privasi Terlindungi",
      "PRIVACY_PROTECTED_DESCRIPTION": "Anjeun anu munggaran anu terang tautan ka inpormasi rahasia anu anjeun ciptakeun sareng saha anu anjeun bagikeun. Nalika nyiptakeun rahasia, anjeun tiasa nambahkeun kecap sandi sateuacan tiasa dibuka. Ogé tiasa nyetél waktos pembakaran. Naon waé, rahasia bakal dihapus saatos 14 dinten.",
    
      "END_TO_END_ENCRYPTED_TITLE": "Enkripsi ti awal nepi ka akhir",
      "END_TO_END_ENCRYPTED_DESCRIPTION": "Sadaya tautan sareng eusi di-hash di sisi klien, anu hartosna bahkan kami henteu terang tautan sareng eusi na. Unggal tautan gaduh ID unik anu panjangna 36 anu mangrupikeun énkripsi hiji arah pikeun tiasa ngaksés Pesan Rahasia sareng eusi na anu diénkripsi ku AES-256.",
    
      "HOW_IT_WORKS_TITLE": "Kumaha carana?",
      "STEP_1_TITLE": "Tulis pesen anjeun sareng/atau hasilkeun kecap sandi",
      "STEP_2_TITLE": "Jieun Tautan Rahasia",
      "STEP_3_TITLE": "Bagikeun tautan",
    
      "COMPANY_LOGO_ALT": "Logo Perusahaan",
    
      "SHARE_TITLE": "Bagikeun pesen rahasia",
      "SHARE_DESCRIPTION_PART_1": "Tulis sareng kirim pesen, éta bakal",
      "SHARE_DESCRIPTION_PART_2": "dihapus saatos dibaca.",
    
      "SHARE_BULLET_1": "Tanpa jejak.",
      "SHARE_BULLET_2": "Privasi Terlindungi",
      "SHARE_BULLET_3": "Dapat ditingali sakali waé",
    
      "SHARE_ENCRYPTED_BY": "Terenskripsi, aman, sareng dilindungi ku Kaamanan Stellar",
    
      "SHARE_TEXTAREA_PLACEHOLDER": "Tulis pesen Rahasia anjeun, kecap sandi atanapi inpormasi sénsitip *",
      "SHARE_OPTIONS": "Pilihan",
    
      "SHARE_EMPTY": "Tinggal kosong pikeun henteu aya.",
      "SHARE_BUTTON": "Jieun Tautan Rahasia",
    
      "CREATED_TITLE": "Rahasia anjeun parantos diciptakeun",
      "CREATED_SUBTITLE": "Ieu bakal dipintonkeun ngan sakali",
    
      "CREATED_TITLE_SHARE": "Salin tautan atanapi bagikeun.",
      "CREATED_BUTTON": "SALIN",
      "CREATED_CREATE_SECRET": "Jieun Rahasia Anyar",
      "CREATED_BURNSECRET": "Bakar Rahasia",
      "URL_COPIED": "URL parantos disalin.",
    
      "VIEW_SECRET": "Tingali Rahasia"
    },
    "CREATEDPAGE": {
      "CREATEDPAGE": "Rahasia Stellar",
      "HOW_IT_WORKS": "Kumaha carana",
      "DOWNLOAD_APP": "Unduh Aplikasi",
      "CREATED_TITLE": "Rahasia anjeun parantos diciptakeun",
      "CREATED_SUBTITLE": "Ieu bakal dipintonkeun ngan sakali",
      "CREATED_TITLE_SHARE": "Salin tautan atanapi bagikeun.",
      "CREATED_BUTTON": "SALIN",
      "CREATED_CREATE_SECRET": "Jieun Rahasia Anyar",
      "CREATED_BURNSECRET": "Bakar Rahasia",
      "URL_COPIED": "URL parantos disalin."
    },
    "CONFIRMATION": {
      "YOURE_GONNA_BURN_THIS_SECRET": "Anjeun bakal ngabakar rahasia ieu",
      "SECRET_UNAVAILABLE_TEXT": "Éta moal sayogi deui",
      "BURN_FOREVER": "Bakar Sapanjangna",
      "CANCEL": "Batal"
    },
    "VIEW": {
      "LOGO_TEXT": "Rahasia Stellar",
      "HOW_IT_WORKS": "Kumaha carana",
      "DOWNLOAD_APP": "Unduh Aplikasi",
      "WELCOME_MESSAGE": "Halo, anjeun nampi pesen rahasia!",
      "INSTRUCTION": "Tulis sareng kirim pesen, éta bakal dihapus saatos dibaca.",
      "SHOW_MESSAGE_ONCE": "Pesen anu bakal dipintonkeun <strong>najan sakali</strong>",
      "OPEN_SECRET_MESSAGE": "Buka Pesen Rahasia",
      "INPUT_PASSPHRASE": "Masukkan Frasa Kode",
      "PASS_PHRASE_PLACEHOLDER": "Frasa Kode",
      "OPEN_SECRET_BUTTON": "Buka Pesen Rahasia",
      "YOUR_SECRET_MESSAGE": "Pesen Rahasia Anjeun",
      "COPY": "Salin",
      "MESSAGE_LABEL": "Pesen",
      "REPLY": "Balas",
      "DOWNLOAD_MESSAGE": "Unduh Stellar Secret di mobile, jieun pesen rahasia anjeun",
      "WITHOUT_TRACE": "Tanpa jejak.",
      "PRIVACY_PROTECTED": "Privasi Terlindungi",
      "ONE_TIME_VIEWABLE": "Dapat ditingali sakali waé",
      "SECURITY_TEXT": "Terenskripsi, aman, sareng dilindungi ku ",
      "SECURITY_TEXT2": "Kaamanan Stellar"
    }
  }
  