{
    "HOME": {
      "HEADER_TITLE": "Stellar Secret",
      "HOW_IT_WORKS": "Hur det fungerar",
      "DOWNLOAD_APP": "Ladda ner appen",
      
      "ONE_TIME_SECRET_MESSAGING_TITLE": "Engångs hemlig meddelande",
      "ONE_TIME_SECRET_MESSAGING_SUBTITLE": "Dela hemligheter, och poff—de är borta!",
      
      "ENCRYPTED_PROTECTED_BY": "Krypterad, säker och skyddad av Stellar Security",
      "WITHOUT_TRACE_TITLE": "Utan spår",
      "WITHOUT_TRACE_DESCRIPTION": "Vi säkerställer robust skydd av din känsliga information. All data krypteras på klientsidan. Vi vet inte din IP-adress, vad du delar, eller med vem du delar de hemliga länkarna - och viktigast av allt, innehållet.",
      
      "PRIVACY_PROTECTED_TITLE": "Sekretess skyddad",
      "PRIVACY_PROTECTED_DESCRIPTION": "Du är den enda som vet länken till den hemliga informationen du skapade och med vem du delar den. När du skapar en hemlighet kan du lägga till ett lösenord innan det kan låsas upp. Det är också möjligt att ställa in en bränningstid. Oavsett vad, kommer en hemlighet att raderas efter 14 dagar.",
      
      "END_TO_END_ENCRYPTED_TITLE": "End-to-end krypterad",
      "END_TO_END_ENCRYPTED_DESCRIPTION": "Alla länkar och innehåll är hashade på klientsidan, vilket betyder att inte ens vi vet länken och innehållet. Varje länk har ett unikt ID av längd 36 som är en envägs kryptering för att få åtkomst till det hemliga meddelandet och dess innehåll som är krypterat med AES-256.",
      
      "HOW_IT_WORKS_TITLE": "Hur det fungerar?",
      "STEP_1_TITLE": "Skriv ditt meddelande och/eller generera ett lösenord",
      "STEP_2_TITLE": "Skapa hemlig länk",
      "STEP_3_TITLE": "Dela länk",
      
      "COMPANY_LOGO_ALT": "Företagslogotyp",
      
      "SHARE_TITLE": "Dela ett hemligt meddelande",
      "SHARE_DESCRIPTION_PART_1": "Skriv och skicka meddelandet, det kommer att vara",
      "SHARE_DESCRIPTION_PART_2": "borttaget när det har lästs.",
      
      "SHARE_BULLET_1": "Utan spår.",
      "SHARE_BULLET_2": "Sekretess skyddad",
      "SHARE_BULLET_3": "Engångsvisning",
      
      "SHARE_ENCRYPTED_BY": "Krypterad, säker och skyddad av Stellar Security",
      
      "SHARE_TEXTAREA_PLACEHOLDER": "Skriv ditt hemliga meddelande, lösenord eller känslig information *",
      "SHARE_OPTIONS": "Alternativ",
      
      "SHARE_EMPTY": "Lämna tomt för inget.",
      "SHARE_BUTTON": "Skapa hemlig länk",
      
      "CREATED_TITLE": "Din hemlighet har skapats",
      "CREATED_SUBTITLE": "Det kommer att visas endast en gång",
      
      "CREATED_TITLE_SHARE": "Kopiera länk eller dela den.",
      "CREATED_BUTTON": "KOPIERA",
      "CREATED_CREATE_SECRET": "Skapa ny hemlighet",
      "CREATED_BURNSECRET": "Bränn hemlighet",
      "URL_COPIED": "URL:en har kopierats.",
      "SHARE_BURNER_TIME": "Livstid",
      "SHARE_PASS_PHRASE": "Lösenfras",
      "VIEW_SECRET": "Visa hemlighet"
    },
    "HOWITWORK": {
      "HEADER_TITLE": "Stellar Secret",
      "HOW_IT_WORKS": "Hur det fungerar",
      "DOWNLOAD_APP": "Ladda ner appen",
      
      "ONE_TIME_SECRET_MESSAGING_TITLE": "Engångs hemlig meddelande",
      "ONE_TIME_SECRET_MESSAGING_SUBTITLE": "Dela hemligheter, och poff—de är borta!",
      
      "ENCRYPTED_PROTECTED_BY": "Krypterad, säker och skyddad av Stellar Security",
      "WITHOUT_TRACE_TITLE": "Utan spår",
      "WITHOUT_TRACE_DESCRIPTION": "Vi säkerställer robust skydd av din känsliga information. All data krypteras på klientsidan. Vi vet inte din IP-adress, vad du delar, eller med vem du delar de hemliga länkarna - och viktigast av allt, innehållet.",
      
      "PRIVACY_PROTECTED_TITLE": "Sekretess skyddad",
      "PRIVACY_PROTECTED_DESCRIPTION": "Du är den enda som vet länken till den hemliga informationen du skapade och med vem du delar den. När du skapar en hemlighet kan du lägga till ett lösenord innan det kan låsas upp. Det är också möjligt att ställa in en bränningstid. Oavsett vad, kommer en hemlighet att raderas efter 14 dagar.",
      
      "END_TO_END_ENCRYPTED_TITLE": "End-to-end krypterad",
      "END_TO_END_ENCRYPTED_DESCRIPTION": "Alla länkar och innehåll är hashade på klientsidan, vilket betyder att inte ens vi vet länken och innehållet. Varje länk har ett unikt ID av längd 36 som är en envägs kryptering för att få åtkomst till det hemliga meddelandet och dess innehåll som är krypterat med AES-256.",
      
      "HOW_IT_WORKS_TITLE": "Hur det fungerar?",
      "STEP_1_TITLE": "Skriv ditt meddelande och/eller generera ett lösenord",
      "STEP_2_TITLE": "Skapa hemlig länk",
      "STEP_3_TITLE": "Dela länk",
      
      "COMPANY_LOGO_ALT": "Företagslogotyp",
      
      "SHARE_TITLE": "Dela ett hemligt meddelande",
      "SHARE_DESCRIPTION_PART_1": "Skriv och skicka meddelandet, det kommer att vara",
      "SHARE_DESCRIPTION_PART_2": "borttaget när det har lästs.",
      
      "SHARE_BULLET_1": "Utan spår.",
      "SHARE_BULLET_2": "Sekretess skyddad",
      "SHARE_BULLET_3": "Engångsvisning",
      
      "SHARE_ENCRYPTED_BY": "Krypterad, säker och skyddad av Stellar Security",
      
      "SHARE_TEXTAREA_PLACEHOLDER": "Skriv ditt hemliga meddelande, lösenord eller känslig information *",
      "SHARE_OPTIONS": "Alternativ",
      
      "SHARE_EMPTY": "Lämna tomt för inget.",
      "SHARE_BUTTON": "Skapa hemlig länk",
      
      "CREATED_TITLE": "Din hemlighet har skapats",
      "CREATED_SUBTITLE": "Det kommer att visas endast en gång",
      
      "CREATED_TITLE_SHARE": "Kopiera länk eller dela den.",
      "CREATED_BUTTON": "KOPIERA",
      "CREATED_CREATE_SECRET": "Skapa ny hemlighet",
      "CREATED_BURNSECRET": "Bränn hemlighet",
      "URL_COPIED": "URL:en har kopierats.",
      
      "VIEW_SECRET": "Visa hemlighet"
    },
    "CREATEDPAGE": {
      "CREATEDPAGE": "Stellar Secret",
      "HOW_IT_WORKS": "Hur det fungerar",
      "DOWNLOAD_APP": "Ladda ner appen",
      "CREATED_TITLE": "Din hemlighet har skapats",
      "CREATED_SUBTITLE": "Det kommer att visas endast en gång",
      "CREATED_TITLE_SHARE": "Kopiera länk eller dela den.",
      "CREATED_BUTTON": "KOPIERA",
      "CREATED_CREATE_SECRET": "Skapa ny hemlighet",
      "CREATED_BURNSECRET": "Bränn hemlighet",
      "URL_COPIED": "URL:en har kopierats."
    },
    "CONFIRMATION": {
      "YOURE_GONNA_BURN_THIS_SECRET": "Du kommer att bränna denna hemlighet",
      "SECRET_UNAVAILABLE_TEXT": "Det kommer inte att vara tillgängligt längre",
      "BURN_FOREVER": "Bränn för alltid",
      "CANCEL": "Avbryt"
    },
    "VIEW": {
      "LOGO_TEXT": "Stellar Secret",
      "HOW_IT_WORKS": "Hur det fungerar",
      "DOWNLOAD_APP": "Ladda ner appen",
      "WELCOME_MESSAGE": "Hej där, du har fått ett hemligt meddelande!",
      "INSTRUCTION": "Skriv och skicka meddelandet, det kommer att raderas när det har lästs.",
      "SHOW_MESSAGE_ONCE": "Det följande meddelandet kommer att visas <strong>bara en gång</strong>",
      "OPEN_SECRET_MESSAGE": "Öppna hemligt meddelande",
      "INPUT_PASSPHRASE": "Ange lösenfras",
      "PASS_PHRASE_PLACEHOLDER": "Lösenfras",
      "OPEN_SECRET_BUTTON": "Öppna hemligt meddelande",
      "YOUR_SECRET_MESSAGE": "Ditt hemliga meddelande",
      "COPY": "Kopiera",
      "MESSAGE_LABEL": "Meddelande",
      "REPLY": "Svara",
      "DOWNLOAD_MESSAGE": "Ladda ner Stellar Secret på mobil, skapa dina hemliga meddelanden",
      "WITHOUT_TRACE": "Utan spår.",
      "PRIVACY_PROTECTED": "Sekretess skyddad",
      "ONE_TIME_VIEWABLE": "Engångsvisning",
      "SECURITY_TEXT": "Krypterad, säker och skyddad av ",
      "SECURITY_TEXT2": "Stellar Security"
    }
  }
  