{
    "HOME": {
      "HEADER_TITLE": "Siri ya Nyota",
      "HOW_IT_WORKS": "Jinsi inavyofanya kazi",
      "DOWNLOAD_APP": "Pakua Programu",
      
      "ONE_TIME_SECRET_MESSAGING_TITLE": "Ujumbe wa Siri wa Mara Moja",
      "ONE_TIME_SECRET_MESSAGING_SUBTITLE": "Shiriki siri, na poof—zimepotea!",
      
      "ENCRYPTED_PROTECTED_BY": "Imejificha, salama na kulindwa na Usalama wa Nyota",
      "WITHOUT_TRACE_TITLE": "Bila Kidokezo",
      "WITHOUT_TRACE_DESCRIPTION": "Tunahakikisha ulinzi thabiti wa taarifa zako za nyeti. Data zote zinafichwa kwenye upande wa mteja. Hatujui anwani yako ya IP, kile unachoshiriki, au na nani unashiriki viungo vya siri - na muhimu zaidi, maudhui.",
      
      "PRIVACY_PROTECTED_TITLE": "Faragha Iliyo Salama",
      "PRIVACY_PROTECTED_DESCRIPTION": "Wewe ndiye pekee anayejua kiungo cha taarifa za siri ulizozunda na na nani unashiriki nazo. Unapounda siri, unaweza kuongeza nenosiri kabla ya kufunguliwa. Pia inawezekana kuweka muda wa kuchoma. Haijalishi, siri itafuta baada ya siku 14.",
      
      "END_TO_END_ENCRYPTED_TITLE": "Imejificha Mwishoni Mwisho",
      "END_TO_END_ENCRYPTED_DESCRIPTION": "Viungo na maudhui yote yanatambulishwa kwenye upande wa mteja, ambayo inamaanisha hata sisi hatujui kiungo na maudhui. Kila kiungo kina ID ya kipekee yenye urefu wa 36 ambayo ni usimbaji wa njia moja ili kupata Ujumbe wa Siri na maudhui yake yaliyosimbwa kwa AES-256.",
      
      "HOW_IT_WORKS_TITLE": "Jinsi inavyofanya kazi?",
      "STEP_1_TITLE": "Andika ujumbe wako na/au tengeneza nenosiri",
      "STEP_2_TITLE": "Unda Kiungo cha Siri",
      "STEP_3_TITLE": "Shiriki kiungo",
      
      "COMPANY_LOGO_ALT": "Nembo ya Kampuni",
      
      "SHARE_TITLE": "Shiriki ujumbe wa siri",
      "SHARE_DESCRIPTION_PART_1": "Andika na tuma ujumbe, utakuwa",
      "SHARE_DESCRIPTION_PART_2": "imefutwa mara baada ya kusomwa.",
      
      "SHARE_BULLET_1": "Bila Kidokezo.",
      "SHARE_BULLET_2": "Faragha Iliyo Salama",
      "SHARE_BULLET_3": "Inayoonyeshwa mara moja",
      
      "SHARE_ENCRYPTED_BY": "Imejificha, salama na kulindwa na Usalama wa Nyota",
      
      "SHARE_TEXTAREA_PLACEHOLDER": "Andika ujumbe wako wa Siri, nenosiri au taarifa nyeti *",
      "SHARE_OPTIONS": "Chaguo",
      
      "SHARE_EMPTY": "Acha tupu kwa hakuna.",
      "SHARE_BUTTON": "Unda Kiungo cha Siri",
      
      "CREATED_TITLE": "Siri yako imeundwa",
      "CREATED_SUBTITLE": "Itakuwa inavyoonyeshwa mara moja tu",
      
      "CREATED_TITLE_SHARE": "Nakili kiungo au shiriki.",
      "CREATED_BUTTON": "NAKILI",
      "CREATED_CREATE_SECRET": "Unda Siri Mpya",
      "CREATED_BURNSECRET": "Choma Siri",
      "URL_COPIED": "URL imekopi.",
      "SHARE_BURNER_TIME":"Muda wa Maisha",
      "SHARE_PASS_PHRASE":"Nenosiri",
      "VIEW_SECRET": "Tazama Siri"
    },
    "HOWITWORK": {
      "HEADER_TITLE": "Siri ya Nyota",
      "HOW_IT_WORKS": "Jinsi inavyofanya kazi",
      "DOWNLOAD_APP": "Pakua Programu",
      
      "ONE_TIME_SECRET_MESSAGING_TITLE": "Ujumbe wa Siri wa Mara Moja",
      "ONE_TIME_SECRET_MESSAGING_SUBTITLE": "Shiriki siri, na poof—zimepotea!",
      
      "ENCRYPTED_PROTECTED_BY": "Imejificha, salama na kulindwa na Usalama wa Nyota",
      "WITHOUT_TRACE_TITLE": "Bila Kidokezo",
      "WITHOUT_TRACE_DESCRIPTION": "Tunahakikisha ulinzi thabiti wa taarifa zako za nyeti. Data zote zinafichwa kwenye upande wa mteja. Hatujui anwani yako ya IP, kile unachoshiriki, au na nani unashiriki viungo vya siri - na muhimu zaidi, maudhui.",
      
      "PRIVACY_PROTECTED_TITLE": "Faragha Iliyo Salama",
      "PRIVACY_PROTECTED_DESCRIPTION": "Wewe ndiye pekee anayejua kiungo cha taarifa za siri ulizozunda na na nani unashiriki nazo. Unapounda siri, unaweza kuongeza nenosiri kabla ya kufunguliwa. Pia inawezekana kuweka muda wa kuchoma. Haijalishi, siri itafuta baada ya siku 14.",
      
      "END_TO_END_ENCRYPTED_TITLE": "Imejificha Mwishoni Mwisho",
      "END_TO_END_ENCRYPTED_DESCRIPTION": "Viungo na maudhui yote yanatambulishwa kwenye upande wa mteja, ambayo inamaanisha hata sisi hatujui kiungo na maudhui. Kila kiungo kina ID ya kipekee yenye urefu wa 36 ambayo ni usimbaji wa njia moja ili kupata Ujumbe wa Siri na maudhui yake yaliyosimbwa kwa AES-256.",
      
      "HOW_IT_WORKS_TITLE": "Jinsi inavyofanya kazi?",
      "STEP_1_TITLE": "Andika ujumbe wako na/au tengeneza nenosiri",
      "STEP_2_TITLE": "Unda Kiungo cha Siri",
      "STEP_3_TITLE": "Shiriki kiungo",
      
      "COMPANY_LOGO_ALT": "Nembo ya Kampuni",
      
      "SHARE_TITLE": "Shiriki ujumbe wa siri",
      "SHARE_DESCRIPTION_PART_1": "Andika na tuma ujumbe, utakuwa",
      "SHARE_DESCRIPTION_PART_2": "imefutwa mara baada ya kusomwa.",
      
      "SHARE_BULLET_1": "Bila Kidokezo.",
      "SHARE_BULLET_2": "Faragha Iliyo Salama",
      "SHARE_BULLET_3": "Inayoonyeshwa mara moja",
      
      "SHARE_ENCRYPTED_BY": "Imejificha, salama na kulindwa na Usalama wa Nyota",
      
      "SHARE_TEXTAREA_PLACEHOLDER": "Andika ujumbe wako wa Siri, nenosiri au taarifa nyeti *",
      "SHARE_OPTIONS": "Chaguo",
      
      "SHARE_EMPTY": "Acha tupu kwa hakuna.",
      "SHARE_BUTTON": "Unda Kiungo cha Siri",
      
      "CREATED_TITLE": "Siri yako imeundwa",
      "CREATED_SUBTITLE": "Itakuwa inavyoonyeshwa mara moja tu",
      
      "CREATED_TITLE_SHARE": "Nakili kiungo au shiriki.",
      "CREATED_BUTTON": "NAKILI",
      "CREATED_CREATE_SECRET": "Unda Siri Mpya",
      "CREATED_BURNSECRET": "Choma Siri",
      "URL_COPIED": "URL imekopi.",
      
      "VIEW_SECRET": "Tazama Siri"
    },
    "CREATEDPAGE": {
      "CREATEDPAGE": "Siri ya Nyota",
      "HOW_IT_WORKS": "Jinsi inavyofanya kazi",
      "DOWNLOAD_APP": "Pakua Programu",
      "CREATED_TITLE": "Siri yako imeundwa",
      "CREATED_SUBTITLE": "Itakuwa inavyoonyeshwa mara moja tu",
      "CREATED_TITLE_SHARE": "Nakili kiungo au shiriki.",
      "CREATED_BUTTON": "NAKILI",
      "CREATED_CREATE_SECRET": "Unda Siri Mpya",
      "CREATED_BURNSECRET": "Choma Siri",
      "URL_COPIED": "URL imekopi."
    },
    "CONFIRMATION": {
      "YOURE_GONNA_BURN_THIS_SECRET": "Unakwenda kuchoma siri hii",
      "SECRET_UNAVAILABLE_TEXT": "Haijatakuwa inapatikana tena",
      "BURN_FOREVER": "Choma Milele",
      "CANCEL": "Ghairi"
    },
    "VIEW": {
      "LOGO_TEXT": "Siri ya Nyota",
      "HOW_IT_WORKS": "Jinsi inavyofanya kazi",
      "DOWNLOAD_APP": "Pakua Programu",
      "WELCOME_MESSAGE": "Habari, umepokea ujumbe wa siri!",
      "INSTRUCTION": "Andika na tuma ujumbe, utakuwa umefutwa mara baada ya kusomwa.",
      "SHOW_MESSAGE_ONCE": "Ujumbe ufuatao utaonyeshwa <strong>mara moja tu</strong>",
      "OPEN_SECRET_MESSAGE": "Fungua Ujumbe wa Siri",
      "INPUT_PASSPHRASE": "Ingiza Nenosiri",
      "PASS_PHRASE_PLACEHOLDER": "Nenosiri",
      "OPEN_SECRET_BUTTON": "Fungua Ujumbe wa Siri",
      "YOUR_SECRET_MESSAGE": "Ujumbe Wako wa Siri",
      "COPY": "Nakili",
      "MESSAGE_LABEL": "Ujumbe",
      "REPLY": "Jibu",
      "DOWNLOAD_MESSAGE": "Pakua Siri ya Nyota kwenye simu, tengeneza ujumbe wako wa siri",
      "WITHOUT_TRACE": "Bila Kidokezo.",
      "PRIVACY_PROTECTED": "Faragha Iliyo Salama",
      "ONE_TIME_VIEWABLE": "Inayoonyeshwa mara moja",
      "SECURITY_TEXT": "Imejificha, salama na kulindwa na ",
      "SECURITY_TEXT2": "Usalama wa Nyota"
    }
  }
  