{
    "HOME": {
      "HEADER_TITLE": "ஸ்டெல்லர் சீக்ரெட்",
      "HOW_IT_WORKS": "எப்படி வேலை செய்கிறது",
      "DOWNLOAD_APP": "அப் பதிவிறக்கம் செய்யவும்",
      
      "ONE_TIME_SECRET_MESSAGING_TITLE": "ஒற்றை முறை ரகசிய மெசேஜிங்",
      "ONE_TIME_SECRET_MESSAGING_SUBTITLE": "ரகசியங்களைப் பகிரவும், அது исчез்கிறது!",
      
      "ENCRYPTED_PROTECTED_BY": "ஸ்டெல்லர் பாதுகாப்பு மூலம் குறியாக்கம் செய்யப்பட்டு, பாதுகாக்கப்பட்டது",
      "WITHOUT_TRACE_TITLE": "குழப்பமில்லா",
      "WITHOUT_TRACE_DESCRIPTION": "உங்கள் உணர்ச்சிகரமான தகவல்களின் உறுதியான பாதுகாப்பை நாங்கள் உறுதி செய்கிறோம். அனைத்து தரவும் கிளையன்ட்-தரப்பு மீது குறியாக்கமாக்கப்படுகிறது. உங்கள் IP முகவரியை, நீங்கள் என்ன பகிருகிறீர்கள் என்பதையும், நீங்கள் ரகசிய இணைப்புகளை யாருடன் பகிர்கிறீர்கள் என்பதையும் நாங்கள் அறியாது - முக்கியமாக, உள்ளடக்கம்.",
      
      "PRIVACY_PROTECTED_TITLE": "தனியுரிமை பாதுகாக்கப்பட்டுள்ளது",
      "PRIVACY_PROTECTED_DESCRIPTION": "நீங்கள் உருவாக்கிய ரகசிய தகவலுக்கான இணைப்பையும், அதை யாருடன் பகிர்கிறீர்களோ அதை மட்டும் நீங்கள் அறிவீர்கள். ஒரு ரகசியத்தை உருவாக்கும் போது, அதை திறக்கப்படுவதற்கு முன் ஒரு கடவுச்சொல்லைச் சேர்க்கலாம். எப்போது வேண்டுமானாலும், 14 நாட்களுக்கு பிறகு ஒரு ரகசியம் அழிக்கப்படும்.",
      
      "END_TO_END_ENCRYPTED_TITLE": "முடிவிலிருந்து முடிவுக்குள் குறியாக்கம் செய்யப்பட்டது",
      "END_TO_END_ENCRYPTED_DESCRIPTION": "அனைத்து இணைப்புகளும் உள்ளடக்கங்களும் கிளையன்ட்-தரப்பு மீது ஹாஷ் செய்யப்படுகிறது, அதாவது நாங்கள் கூட இணைப்பையும் உள்ளடக்கத்தைப் படிக்கவில்லை. ஒவ்வொரு இணைப்புக்கும் 36 அளவுள்ள தனித்துவமான அடையாளம் உள்ளது, இது AES-256 மூலம் குறியாக்கப்பட்ட ரகசிய செய்தியை அணுகக்கூடிய ஒரே வழியாக ஒரு கடவுச்சொல்லாகும்.",
      
      "HOW_IT_WORKS_TITLE": "எப்படி வேலை செய்கிறது?",
      "STEP_1_TITLE": "உங்கள் செய்தியையும்/அல்லது கடவுச்சொல்லை உருவாக்கவும்",
      "STEP_2_TITLE": "ரகசிய இணைப்பை உருவாக்கவும்",
      "STEP_3_TITLE": "இணைப்பைப் பகிரவும்",
      
      "COMPANY_LOGO_ALT": "நிறுவனத்தின் லோகோ",
      
      "SHARE_TITLE": "ஒரு ரகசிய மெசேஜ் பகிரவும்",
      "SHARE_DESCRIPTION_PART_1": "செய்தியைப் எழுதவும் மற்றும் அனுப்பவும், இது",
      "SHARE_DESCRIPTION_PART_2": "அகல்வாகவே அழிக்கப்படும்.",
      
      "SHARE_BULLET_1": "குழப்பமில்லா.",
      "SHARE_BULLET_2": "தனியுரிமை பாதுகாக்கப்பட்டுள்ளது",
      "SHARE_BULLET_3": "ஒற்றை முறை பார்வையிடப்படும்",
      
      "SHARE_ENCRYPTED_BY": "ஸ்டெல்லர் பாதுகாப்பு மூலம் குறியாக்கம் செய்யப்பட்டு, பாதுகாக்கப்பட்டது",
      
      "SHARE_TEXTAREA_PLACEHOLDER": "உங்கள் ரகசிய செய்தி, கடவுச்சொல் அல்லது உணர்ச்சிகரமான தகவலைப் எழுதவும் *",
      "SHARE_OPTIONS": "விருப்பங்கள்",
      
      "SHARE_EMPTY": "எதுவும் இல்லாவிடில் வெறும் இடத்தை விடுங்கள்.",
      "SHARE_BUTTON": "ரகசிய இணைப்பை உருவாக்கவும்",
      
      "CREATED_TITLE": "உங்கள் ரகசியம் உருவாக்கப்பட்டது",
      "CREATED_SUBTITLE": "அது ஒரே முறையுடன் மட்டுமே காட்சியளிக்கப்படும்",
      
      "CREATED_TITLE_SHARE": "இணைப்பைப் நகலெடுக்கவும் அல்லது பகிரவும்.",
      "CREATED_BUTTON": "நகலெடுக்கவும்",
      "CREATED_CREATE_SECRET": "புதிய ரகசியத்தை உருவாக்கவும்",
      "CREATED_BURNSECRET": "ரகசியத்தை எரிக்கவும்",
      "URL_COPIED": "URL நகலெடுக்கப்பட்டது.",
      "SHARE_BURNER_TIME":"நாட்களுக்குள்",
      "SHARE_PASS_PHRASE":"கடவுச்சொல்",
      "VIEW_SECRET": "ரகசியத்தைப் பார்க்கவும்"
    },
    "HOWITWORK": {
      "HEADER_TITLE": "ஸ்டெல்லர் சீக்ரெட்",
      "HOW_IT_WORKS": "எப்படி வேலை செய்கிறது",
      "DOWNLOAD_APP": "அப் பதிவிறக்கம் செய்யவும்",
      
      "ONE_TIME_SECRET_MESSAGING_TITLE": "ஒற்றை முறை ரகசிய மெசேஜிங்",
      "ONE_TIME_SECRET_MESSAGING_SUBTITLE": "ரகசியங்களைப் பகிரவும், அது исчез்கிறது!",
      
      "ENCRYPTED_PROTECTED_BY": "ஸ்டெல்லர் பாதுகாப்பு மூலம் குறியாக்கம் செய்யப்பட்டு, பாதுகாக்கப்பட்டது",
      "WITHOUT_TRACE_TITLE": "குழப்பமில்லா",
      "WITHOUT_TRACE_DESCRIPTION": "உங்கள் உணர்ச்சிகரமான தகவல்களின் உறுதியான பாதுகாப்பை நாங்கள் உறுதி செய்கிறோம். அனைத்து தரவும் கிளையன்ட்-தரப்பு மீது குறியாக்கமாக்கப்படுகிறது. உங்கள் IP முகவரியை, நீங்கள் என்ன பகிருகிறீர்கள் என்பதையும், நீங்கள் ரகசிய இணைப்புகளை யாருடன் பகிர்கிறீர்கள் என்பதையும் நாங்கள் அறியாது - முக்கியமாக, உள்ளடக்கம்.",
      
      "PRIVACY_PROTECTED_TITLE": "தனியுரிமை பாதுகாக்கப்பட்டுள்ளது",
      "PRIVACY_PROTECTED_DESCRIPTION": "நீங்கள் உருவாக்கிய ரகசிய தகவலுக்கான இணைப்பையும், அதை யாருடன் பகிர்கிறீர்களோ அதை மட்டும் நீங்கள் அறிவீர்கள். ஒரு ரகசியத்தை உருவாக்கும் போது, அதை திறக்கப்படுவதற்கு முன் ஒரு கடவுச்சொல்லைச் சேர்க்கலாம். எப்போது வேண்டுமானாலும், 14 நாட்களுக்கு பிறகு ஒரு ரகசியம் அழிக்கப்படும்.",
      
      "END_TO_END_ENCRYPTED_TITLE": "முடிவிலிருந்து முடிவுக்குள் குறியாக்கம் செய்யப்பட்டது",
      "END_TO_END_ENCRYPTED_DESCRIPTION": "அனைத்து இணைப்புகளும் உள்ளடக்கங்களும் கிளையன்ட்-தரப்பு மீது ஹாஷ் செய்யப்படுகிறது, அதாவது நாங்கள் கூட இணைப்பையும் உள்ளடக்கத்தைப் படிக்கவில்லை. ஒவ்வொரு இணைப்புக்கும் 36 அளவுள்ள தனித்துவமான அடையாளம் உள்ளது, இது AES-256 மூலம் குறியாக்கப்பட்ட ரகசிய செய்தியை அணுகக்கூடிய ஒரே வழியாக ஒரு கடவுச்சொல்லாகும்.",
      
      "HOW_IT_WORKS_TITLE": "எப்படி வேலை செய்கிறது?",
      "STEP_1_TITLE": "உங்கள் செய்தியையும்/அல்லது கடவுச்சொல்லை உருவாக்கவும்",
      "STEP_2_TITLE": "ரகசிய இணைப்பை உருவாக்கவும்",
      "STEP_3_TITLE": "இணைப்பைப் பகிரவும்",
      
      "COMPANY_LOGO_ALT": "நிறுவனத்தின் லோகோ",
      
      "SHARE_TITLE": "ஒரு ரகசிய மெசேஜ் பகிரவும்",
      "SHARE_DESCRIPTION_PART_1": "செய்தியைப் எழுதவும் மற்றும் அனுப்பவும், இது",
      "SHARE_DESCRIPTION_PART_2": "அகல்வாகவே அழிக்கப்படும்.",
      
      "SHARE_BULLET_1": "குழப்பமில்லா.",
      "SHARE_BULLET_2": "தனியுரிமை பாதுகாக்கப்பட்டுள்ளது",
      "SHARE_BULLET_3": "ஒற்றை முறை பார்வையிடப்படும்",
      
      "SHARE_ENCRYPTED_BY": "ஸ்டெல்லர் பாதுகாப்பு மூலம் குறியாக்கம் செய்யப்பட்டு, பாதுகாக்கப்பட்டது",
      
      "SHARE_TEXTAREA_PLACEHOLDER": "உங்கள் ரகசிய செய்தி, கடவுச்சொல் அல்லது உணர்ச்சிகரமான தகவலைப் எழுதவும் *",
      "SHARE_OPTIONS": "விருப்பங்கள்",
      
      "SHARE_EMPTY": "எதுவும் இல்லாவிடில் வெறும் இடத்தை விடுங்கள்.",
      "SHARE_BUTTON": "ரகசிய இணைப்பை உருவாக்கவும்",
      
      "CREATED_TITLE": "உங்கள் ரகசியம் உருவாக்கப்பட்டது",
      "CREATED_SUBTITLE": "அது ஒரே முறையுடன் மட்டுமே காட்சியளிக்கப்படும்",
      
      "CREATED_TITLE_SHARE": "இணைப்பைப் நகலெடுக்கவும் அல்லது பகிரவும்.",
      "CREATED_BUTTON": "நகலெடுக்கவும்",
      "CREATED_CREATE_SECRET": "புதிய ரகசியத்தை உருவாக்கவும்",
      "CREATED_BURNSECRET": "ரகசியத்தை எரிக்கவும்",
      "URL_COPIED": "URL நகலெடுக்கப்பட்டது.",
      
      "VIEW_SECRET": "ரகசியத்தைப் பார்க்கவும்"
    },
    "CREATEDPAGE": {
      "CREATEDPAGE": "ஸ்டெல்லர் சீக்ரெட்",
      "HOW_IT_WORKS": "எப்படி வேலை செய்கிறது",
      "DOWNLOAD_APP": "அப் பதிவிறக்கம் செய்யவும்",
      "CREATED_TITLE": "உங்கள் ரகசியம் உருவாக்கப்பட்டது",
      "CREATED_SUBTITLE": "அது ஒரே முறையுடன் மட்டுமே காட்சியளிக்கப்படும்",
      "CREATED_TITLE_SHARE": "இணைப்பைப் நகலெடுக்கவும் அல்லது பகிரவும்.",
      "CREATED_BUTTON": "நகலெடுக்கவும்",
      "CREATED_CREATE_SECRET": "புதிய ரகசியத்தை உருவாக்கவும்",
      "CREATED_BURNSECRET": "ரகசியத்தை எரிக்கவும்",
      "URL_COPIED": "URL நகலெடுக்கப்பட்டது."
    },
    "CONFIRMATION": {
      "YOURE_GONNA_BURN_THIS_SECRET": "நீங்கள் இந்த ரகசியத்தை எரிக்கப் போகிறீர்கள்",
      "SECRET_UNAVAILABLE_TEXT": "இதுவே கிடைக்கப்பெறாது",
      "BURN_FOREVER": "என்றைக்கும் எரிக்கவும்",
      "CANCEL": "ரத்து செய்யவும்"
    },
    "VIEW":{
      "LOGO_TEXT": "ஸ்டெல்லர் சீக்ரெட்",
      "HOW_IT_WORKS": "எப்படி வேலை செய்கிறது",
      "DOWNLOAD_APP": "அப் பதிவிறக்கம் செய்யவும்",
      "WELCOME_MESSAGE": "வணக்கம், நீங்கள் ஒரு ரகசிய செய்தியைப் பெற்றீர்கள்!",
      "INSTRUCTION": "செய்தியைப் எழுதவும் மற்றும் அனுப்பவும், இது ஒரே முறையுடன் மட்டுமே அழிக்கப்படும்.",
      "SHOW_MESSAGE_ONCE": "அடுத்த செய்தி <strong>ஒரே முறையுடன்</strong> மட்டுமே காட்சியளிக்கப்படும்",
      "OPEN_SECRET_MESSAGE": "ரகசிய செய்தியை திறக்கவும்",
      "INPUT_PASSPHRASE": "கடவுச்சொல்லை உள்ளிடவும்",
      "PASS_PHRASE_PLACEHOLDER": "கடவுச்சொல்",
      "OPEN_SECRET_BUTTON": "ரகசிய செய்தியை திறக்கவும்",
      "YOUR_SECRET_MESSAGE": "உங்கள் ரகசிய செய்தி",
      "COPY": "நகலெடுக்கவும்",
      "MESSAGE_LABEL": "செய்தி",
      "REPLY": "பதிலளிக்கவும்",
      "DOWNLOAD_MESSAGE": "மொபைலில் ஸ்டெல்லர் சீக்ரெட் பதிவிறக்கம் செய்யவும், உங்கள் ரகசிய செய்திகளை உருவாக்கவும்",
      "WITHOUT_TRACE": "குழப்பமில்லா.",
      "PRIVACY_PROTECTED": "தனியுரிமை பாதுகாக்கப்பட்டுள்ளது",
      "ONE_TIME_VIEWABLE": "ஒற்றை முறை பார்வையிடப்படும்",
      "SECURITY_TEXT": "குறியாக்கம் செய்யப்பட்டு, பாதுகாக்கப்பட்டது ",
      "SECURITY_TEXT2":"ஸ்டெல்லர் பாதுகாப்பு மூலம்"
    }
  }
  