{
    "HOME": {
      "HEADER_TITLE": "స్టెల్లర్ సీక్రెట్",
      "HOW_IT_WORKS": "ఎలా పనిచేస్తుంది",
      "DOWNLOAD_APP": "యాప్ డౌన్‌లోడ్ చేసుకోండి",
      
      "ONE_TIME_SECRET_MESSAGING_TITLE": "ఒకసారికి సీక్రెట్ మెసేజింగ్",
      "ONE_TIME_SECRET_MESSAGING_SUBTITLE": "సీక్రెట్‌లు పంచుకోండి, మరియు పోయిన తర్వాత—వాటిని కనిపెట్టలేము!",
      
      "ENCRYPTED_PROTECTED_BY": "స్టెల్లర్ సెక్యూరిటీ ద్వారా ఎన్‌క్రిప్టెడ్, సురక్షితంగా మరియు రక్షితంగా",
      "WITHOUT_TRACE_TITLE": "నిశ్శబ్దంగా",
      "WITHOUT_TRACE_DESCRIPTION": "మీ संवेदनशील సమాచారాన్ని మేము బలంగా రక్షిస్తాము. అన్ని డేటా క్లయింట్-సైడ్‌పై ఎన్‌క్రిప్ట్ చేయబడుతుంది. మీ IP చిరునామా, మీరు ఏమి పంచుకుంటారు లేదా మీరు సీక్రెట్ లింక్‌లను ఎవరికీ పంచుకుంటారు అనే విషయంలో మేము తెలియదు—ముఖ్యంగా, విషయాన్ని.",
      
      "PRIVACY_PROTECTED_TITLE": "ప్రైవసీ రక్షణ",
      "PRIVACY_PROTECTED_DESCRIPTION": "మీరు సృష్టించిన సీక్రెట్ సమాచారం లింక్ మరియు మీకు అందించేవారిని మాత్రమే మీరు తెలుసుకుంటారు. సీక్రెట్ సృష్టించేటప్పుడు, అది బ్లాక్ చేసేందుకు ఒక పాస్వర్డ్‌ని జోడించవచ్చు. అలాగే, ఒక బర్నర్-సమయం సెట్ చేయవచ్చు. ఏమి జరగకపోయినా, సీక్రెట్ 14 రోజులకు తర్వాత తీసివేయబడుతుంది.",
      
      "END_TO_END_ENCRYPTED_TITLE": "ఎండ్-టు-ఎండ్ ఎన్‌క్రిప్టెడ్",
      "END_TO_END_ENCRYPTED_DESCRIPTION": "అన్ని లింకులు మరియు విషయాలు క్లయింట్-సైడ్‌పై హాష్డ్ చేయబడతాయి, అంటే మేము కూడా లింక్ మరియు విషయాన్ని తెలుసుకోలేము. ప్రతి లింక్ 36 యొక్క ఒక ప్రత్యేక ID కలిగి ఉంటుంది, ఇది AES-256 తో ఎన్‌క్రిప్ట్ చేసిన సీక్రెట్ మెసేజ్ మరియు దాని విషయాన్ని యాక్సెస్ చేయడానికి ఒకవైపు ఎన్‌క్రిప్షన్.",
      
      "HOW_IT_WORKS_TITLE": "ఇది ఎలా పనిచేస్తుంది?",
      "STEP_1_TITLE": "మీ సందేశాన్ని మరియు/లేదా పాస్వర్డ్‌ను సృష్టించండి",
      "STEP_2_TITLE": "సీక్రెట్ లింక్ సృష్టించండి",
      "STEP_3_TITLE": "లింక్‌ను పంచుకోండి",
      
      "COMPANY_LOGO_ALT": "కంపెనీ లోగో",
      
      "SHARE_TITLE": "ఒక సీక్రెట్ సందేశాన్ని పంచుకోండి",
      "SHARE_DESCRIPTION_PART_1": "సందేశాన్ని రాయండి మరియు పంపండి, అది",
      "SHARE_DESCRIPTION_PART_2": "చదివిన తర్వాత తీసివేయబడుతుంది.",
      
      "SHARE_BULLET_1": "నిశ్శబ్దంగా.",
      "SHARE_BULLET_2": "ప్రైవసీ రక్షితమైనది",
      "SHARE_BULLET_3": "ఒకసారి మాత్రమే చూడగలిగేది",
      
      "SHARE_ENCRYPTED_BY": "స్టెల్లర్ సెక్యూరిటీ ద్వారా ఎన్‌క్రిప్టెడ్, సురక్షితంగా మరియు రక్షితంగా",
      
      "SHARE_TEXTAREA_PLACEHOLDER": "మీ సీక్రెట్ సందేశాన్ని, పాస్వర్డ్ లేదా సున్నితమైన సమాచారం రాయండి *",
      "SHARE_OPTIONS": "ఎంపికలు",
      
      "SHARE_EMPTY": "ఏదీ లేదు కోసం ఖాళీగా ఉంచండి.",
      "SHARE_BUTTON": "సీక్రెట్ లింక్ సృష్టించండి",
      
      "CREATED_TITLE": "మీ సీక్రెట్ సృష్టించబడింది",
      "CREATED_SUBTITLE": "ఇది ఒకసారి మాత్రమే చూపించబడుతుంది",
      
      "CREATED_TITLE_SHARE": "లింక్‌ను కాపీ చేయండి లేదా పంచుకోండి.",
      "CREATED_BUTTON": "కాపీ",
      "CREATED_CREATE_SECRET": "కొత్త సీక్రెట్ సృష్టించండి",
      "CREATED_BURNSECRET": "సీక్రెట్ బర్న్ చేయండి",
      "URL_COPIED": "URL కాపీ చేయబడింది.",
      "SHARE_BURNER_TIME": "లైఫ్‌టైమ్",
      "SHARE_PASS_PHRASE": "పాస్‌ఫ్రేజ్",
      "VIEW_SECRET": "సీక్రెట్ చూడండి"
    },
    "HOWITWORK": {
      "HEADER_TITLE": "స్టెల్లర్ సీక్రెట్",
      "HOW_IT_WORKS": "ఎలా పనిచేస్తుంది",
      "DOWNLOAD_APP": "యాప్ డౌన్‌లోడ్ చేసుకోండి",
      
      "ONE_TIME_SECRET_MESSAGING_TITLE": "ఒకసారికి సీక్రెట్ మెసేజింగ్",
      "ONE_TIME_SECRET_MESSAGING_SUBTITLE": "సీక్రెట్‌లు పంచుకోండి, మరియు పోయిన తర్వాత—వాటిని కనిపెట్టలేము!",
      
      "ENCRYPTED_PROTECTED_BY": "స్టెల్లర్ సెక్యూరిటీ ద్వారా ఎన్‌క్రిప్టెడ్, సురక్షితంగా మరియు రక్షితంగా",
      "WITHOUT_TRACE_TITLE": "నిశ్శబ్దంగా",
      "WITHOUT_TRACE_DESCRIPTION": "మీ संवेदनशील సమాచారాన్ని మేము బలంగా రక్షిస్తాము. అన్ని డేటా క్లయింట్-సైడ్‌పై ఎన్‌క్రిప్ట్ చేయబడుతుంది. మీ IP చిరునామా, మీరు ఏమి పంచుకుంటారు లేదా మీరు సీక్రెట్ లింక్‌లను ఎవరికీ పంచుకుంటారు అనే విషయంలో మేము తెలియదు—ముఖ్యంగా, విషయాన్ని.",
      
      "PRIVACY_PROTECTED_TITLE": "ప్రైవసీ రక్షణ",
      "PRIVACY_PROTECTED_DESCRIPTION": "మీరు సృష్టించిన సీక్రెట్ సమాచారం లింక్ మరియు మీకు అందించేవారిని మాత్రమే మీరు తెలుసుకుంటారు. సీక్రెట్ సృష్టించేటప్పుడు, అది బ్లాక్ చేసేందుకు ఒక పాస్వర్డ్‌ని జోడించవచ్చు. అలాగే, ఒక బర్నర్-సమయం సెట్ చేయవచ్చు. ఏమి జరగకపోయినా, సీక్రెట్ 14 రోజులకు తర్వాత తీసివేయబడుతుంది.",
      
      "END_TO_END_ENCRYPTED_TITLE": "ఎండ్-టు-ఎండ్ ఎన్‌క్రిప్టెడ్",
      "END_TO_END_ENCRYPTED_DESCRIPTION": "అన్ని లింకులు మరియు విషయాలు క్లయింట్-సైడ్‌పై హాష్డ్ చేయబడతాయి, అంటే మేము కూడా లింక్ మరియు విషయాన్ని తెలుసుకోలేము. ప్రతి లింక్ 36 యొక్క ఒక ప్రత్యేక ID కలిగి ఉంటుంది, ఇది AES-256 తో ఎన్‌క్రిప్ట్ చేసిన సీక్రెట్ మెసేజ్ మరియు దాని విషయాన్ని యాక్సెస్ చేయడానికి ఒకవైపు ఎన్‌క్రిప్షన్.",
      
      "HOW_IT_WORKS_TITLE": "ఇది ఎలా పనిచేస్తుంది?",
      "STEP_1_TITLE": "మీ సందేశాన్ని మరియు/లేదా పాస్వర్డ్‌ను సృష్టించండి",
      "STEP_2_TITLE": "సీక్రెట్ లింక్ సృష్టించండి",
      "STEP_3_TITLE": "లింక్‌ను పంచుకోండి",
      
      "COMPANY_LOGO_ALT": "కంపెనీ లోగో",
      
      "SHARE_TITLE": "ఒక సీక్రెట్ సందేశాన్ని పంచుకోండి",
      "SHARE_DESCRIPTION_PART_1": "సందేశాన్ని రాయండి మరియు పంపండి, అది",
      "SHARE_DESCRIPTION_PART_2": "చదివిన తర్వాత తీసివేయబడుతుంది.",
      
      "SHARE_BULLET_1": "నిశ్శబ్దంగా.",
      "SHARE_BULLET_2": "ప్రైవసీ రక్షితమైనది",
      "SHARE_BULLET_3": "ఒకసారి మాత్రమే చూడగలిగేది",
      
      "SHARE_ENCRYPTED_BY": "స్టెల్లర్ సెక్యూరిటీ ద్వారా ఎన్‌క్రిప్టెడ్, సురక్షితంగా మరియు రక్షితంగా",
      
      "SHARE_TEXTAREA_PLACEHOLDER": "మీ సీక్రెట్ సందేశాన్ని, పాస్వర్డ్ లేదా సున్నితమైన సమాచారం రాయండి *",
      "SHARE_OPTIONS": "ఎంపికలు",
      
      "SHARE_EMPTY": "ఏదీ లేదు కోసం ఖాళీగా ఉంచండి.",
      "SHARE_BUTTON": "సీక్రెట్ లింక్ సృష్టించండి",
      
      "CREATED_TITLE": "మీ సీక్రెట్ సృష్టించబడింది",
      "CREATED_SUBTITLE": "ఇది ఒకసారి మాత్రమే చూపించబడుతుంది",
      
      "CREATED_TITLE_SHARE": "లింక్‌ను కాపీ చేయండి లేదా పంచుకోండి.",
      "CREATED_BUTTON": "కాపీ",
      "CREATED_CREATE_SECRET": "కొత్త సీక్రెట్ సృష్టించండి",
      "CREATED_BURNSECRET": "సీక్రెట్ బర్న్ చేయండి",
      "URL_COPIED": "URL కాపీ చేయబడింది.",
      
      "VIEW_SECRET": "సీక్రెట్ చూడండి"
    },
    "CREATEDPAGE": {
      "CREATEDPAGE": "స్టెల్లర్ సీక్రెట్",
      "HOW_IT_WORKS": "ఎలా పనిచేస్తుంది",
      "DOWNLOAD_APP": "యాప్ డౌన్‌లోడ్ చేసుకోండి",
      "CREATED_TITLE": "మీ సీక్రెట్ సృష్టించబడింది",
      "CREATED_SUBTITLE": "ఇది ఒకసారి మాత్రమే చూపించబడుతుంది",
      "CREATED_TITLE_SHARE": "లింక్‌ను కాపీ చేయండి లేదా పంచుకోండి.",
      "CREATED_BUTTON": "కాపీ",
      "CREATED_CREATE_SECRET": "కొత్త సీక్రెట్ సృష్టించండి",
      "CREATED_BURNSECRET": "సీక్రెట్ బర్న్ చేయండి",
      "URL_COPIED": "URL కాపీ చేయబడింది."
    },
    "CONFIRMATION": {
      "YOURE_GONNA_BURN_THIS_SECRET": "మీరు ఈ సీక్రెట్‌ని బర్న్ చేయబోతున్నారు",
      "SECRET_UNAVAILABLE_TEXT": "ఇది ఇక అందుబాటులో ఉండదు",
      "BURN_FOREVER": "ఎప్పటికి బర్న్ చేయండి",
      "CANCEL": "రద్దు చేయండి"
    },
    "VIEW": {
      "LOGO_TEXT": "స్టెల్లర్ సీక్రెట్",
      "HOW_IT_WORKS": "ఎలా పనిచేస్తుంది",
      "DOWNLOAD_APP": "యాప్ డౌన్‌లోడ్ చేసుకోండి",
      "WELCOME_MESSAGE": "హాయ్, మీరు ఒక సీక్రెట్ సందేశాన్ని అందుకున్నారు!",
      "INSTRUCTION": "సందేశాన్ని రాయండి మరియు పంపండి, అది చదివిన తర్వాత తీసివేయబడుతుంది.",
      "SHOW_MESSAGE_ONCE": "తరువాత సందేశం <strong>ఒకసారి మాత్రమే</strong> చూపించబడుతుంది",
      "OPEN_SECRET_MESSAGE": "సీక్రెట్ సందేశాన్ని ఓపెన్ చేయండి",
      "INPUT_PASSPHRASE": "పాస్‌ఫ్రేజ్‌ని నమోదు చేయండి",
      "PASS_PHRASE_PLACEHOLDER": "పాస్‌ఫ్రేజ్",
      "OPEN_SECRET_BUTTON": "సీక్రెట్ సందేశాన్ని ఓపెన్ చేయండి",
      "YOUR_SECRET_MESSAGE": "మీ సీక్రెట్ సందేశం",
      "COPY": "కాపీ",
      "MESSAGE_LABEL": "సందేశం",
      "REPLY": "స్పందించండి",
      "DOWNLOAD_MESSAGE": "మొబైల్‌లో స్టెల్లర్ సీక్రెట్ డౌన్‌లోడ్ చేసుకోండి, మీ సీక్రెట్ సందేశాలను సృష్టించండి",
      "WITHOUT_TRACE": "నిశ్శబ్దంగా.",
      "PRIVACY_PROTECTED": "ప్రైవసీ రక్షితమైనది",
      "ONE_TIME_VIEWABLE": "ఒకసారి మాత్రమే చూడగలిగేది",
      "SECURITY_TEXT": "ఎన్‌క్రిప్టెడ్, సురక్షితంగా మరియు రక్షితంగా ",
      "SECURITY_TEXT2": "స్టెల్లర్ సెక్యూరిటీ"
    }
  }
  