{
    "HOME": {
      "HEADER_TITLE": "Сирри Ситораӣ",
      "HOW_IT_WORKS": "Чӣ гуна кор мекунад",
      "DOWNLOAD_APP": "Баргузор кардан",
      
      "ONE_TIME_SECRET_MESSAGING_TITLE": "Паёмҳои сиррии як маротиба",
      "ONE_TIME_SECRET_MESSAGING_SUBTITLE": "Сиррҳоро тақсим кунед ва ҳеҷ гоҳ намонанд!",
      
      "ENCRYPTED_PROTECTED_BY": "Кодакунӣ, ҳифз ва муҳофизат бо Амнияти Ситораӣ",
      "WITHOUT_TRACE_TITLE": "Бе изи",
      "WITHOUT_TRACE_DESCRIPTION": "Мо муҳофизати қавии маълумоти шумо таъмини мекунем. Ҳама маълумотҳо дар тарафи мизоҷ кодакунӣ мешаванд. Мо на IP-адреси шуморо, на он чизеро, ки шумо мубодила мекунед, ва на кӣ бо кӣ мубодила мекунад - ва муҳимтар аз ҳама, мундариҷа намедонем.",
      
      "PRIVACY_PROTECTED_TITLE": "Ҳифзи хусусият",
      "PRIVACY_PROTECTED_DESCRIPTION": "Шумо танҳо касе ҳастед, ки пайванд ба маълумоти сиррии эҷодкардаи шумо ва бо кӣ мубодила мекунед, медонед. Вақте ки сирр эҷод мекунед, шумо метавонед пасвораро илова кунед, ки барои кушоданаш лозим аст. Ҳамчунин имконпазир аст, ки вақти сӯзонданро гузоред. Ҳар чӣ бошад, сирр пас аз 14 рӯз нест карда мешавад.",
      
      "END_TO_END_ENCRYPTED_TITLE": "Кодакунӣ то охир",
      "END_TO_END_ENCRYPTED_DESCRIPTION": "Ҳама пайвандҳо ва мундариҷа дар тарафи мизоҷ хаст мешаванд, ки ҳатто мо пайванд ва мундариҷаро намедонем. Ҳар пайванд дорои ID-и махсуси 36 мебошад, ки кодакунӣ барои дастрасӣ ба Паёми Сирри ва мундариҷа бо AES-256 мебошад.",
      
      "HOW_IT_WORKS_TITLE": "Чӣ гуна кор мекунад?",
      "STEP_1_TITLE": "Паём ё пасвора созед",
      "STEP_2_TITLE": "Пайванди сирр эҷод кунед",
      "STEP_3_TITLE": "Пайвандро мубодила кунед",
      
      "COMPANY_LOGO_ALT": "Логотипи ширкат",
      
      "SHARE_TITLE": "Паёми сиррро мубодила кунед",
      "SHARE_DESCRIPTION_PART_1": "Паёмро нависед ва фиристед, он",
      "SHARE_DESCRIPTION_PART_2": "пас аз хондан нест карда мешавад.",
      
      "SHARE_BULLET_1": "Бе изи.",
      "SHARE_BULLET_2": "Ҳифзи хусусият",
      "SHARE_BULLET_3": "Як маротиба намоёнашаванда",
      
      "SHARE_ENCRYPTED_BY": "Кодакунӣ, ҳифз ва муҳофизат бо Амнияти Ситораӣ",
      
      "SHARE_TEXTAREA_PLACEHOLDER": "Паёми сиррии худро нависед, пасвора ё маълумоти ҳассос *",
      "SHARE_OPTIONS": "Опсияҳо",
      
      "SHARE_EMPTY": "Барои ҳеҷ чиз холӣ гузоред.",
      "SHARE_BUTTON": "Пайванди Сиррро эҷод кунед",
      
      "CREATED_TITLE": "Сирри шумо эҷод шуд",
      "CREATED_SUBTITLE": "Он танҳо як маротиба намоиш дода мешавад",
      
      "CREATED_TITLE_SHARE": "Пайвандро нусхагирӣ кунед ё мубодила кунед.",
      "CREATED_BUTTON": "НУСХА",
      "CREATED_CREATE_SECRET": "Сирри нав эҷод кунед",
      "CREATED_BURNSECRET": "Сиррро сӯзонед",
      "URL_COPIED": "URL нусхагирӣ шуд.",
      "SHARE_BURNER_TIME": "Мӯҳлати ҳаёт",
      "SHARE_PASS_PHRASE": "Фраза",
      "VIEW_SECRET": "Сиррро бинед"
    },
    "HOWITWORK": {
      "HEADER_TITLE": "Сирри Ситораӣ",
      "HOW_IT_WORKS": "Чӣ гуна кор мекунад",
      "DOWNLOAD_APP": "Баргузор кардан",
      
      "ONE_TIME_SECRET_MESSAGING_TITLE": "Паёмҳои сиррии як маротиба",
      "ONE_TIME_SECRET_MESSAGING_SUBTITLE": "Сиррҳоро тақсим кунед ва ҳеҷ гоҳ намонанд!",
      
      "ENCRYPTED_PROTECTED_BY": "Кодакунӣ, ҳифз ва муҳофизат бо Амнияти Ситораӣ",
      "WITHOUT_TRACE_TITLE": "Бе изи",
      "WITHOUT_TRACE_DESCRIPTION": "Мо муҳофизати қавии маълумоти шумо таъмини мекунем. Ҳама маълумотҳо дар тарафи мизоҷ кодакунӣ мешаванд. Мо на IP-адреси шуморо, на он чизеро, ки шумо мубодила мекунед, ва на кӣ бо кӣ мубодила мекунад - ва муҳимтар аз ҳама, мундариҷа намедонем.",
      
      "PRIVACY_PROTECTED_TITLE": "Ҳифзи хусусият",
      "PRIVACY_PROTECTED_DESCRIPTION": "Шумо танҳо касе ҳастед, ки пайванд ба маълумоти сиррии эҷодкардаи шумо ва бо кӣ мубодила мекунед, медонед. Вақте ки сирр эҷод мекунед, шумо метавонед пасвораро илова кунед, ки барои кушоданаш лозим аст. Ҳамчунин имконпазир аст, ки вақти сӯзонданро гузоред. Ҳар чӣ бошад, сирр пас аз 14 рӯз нест карда мешавад.",
      
      "END_TO_END_ENCRYPTED_TITLE": "Кодакунӣ то охир",
      "END_TO_END_ENCRYPTED_DESCRIPTION": "Ҳама пайвандҳо ва мундариҷа дар тарафи мизоҷ хаст мешаванд, ки ҳатто мо пайванд ва мундариҷаро намедонем. Ҳар пайванд дорои ID-и махсуси 36 мебошад, ки кодакунӣ барои дастрасӣ ба Паёми Сирри ва мундариҷа бо AES-256 мебошад.",
      
      "HOW_IT_WORKS_TITLE": "Чӣ гуна кор мекунад?",
      "STEP_1_TITLE": "Паём ё пасвора созед",
      "STEP_2_TITLE": "Пайванди сирр эҷод кунед",
      "STEP_3_TITLE": "Пайвандро мубодила кунед",
      
      "COMPANY_LOGO_ALT": "Логотипи ширкат",
      
      "SHARE_TITLE": "Паёми сиррро мубодила кунед",
      "SHARE_DESCRIPTION_PART_1": "Паёмро нависед ва фиристед, он",
      "SHARE_DESCRIPTION_PART_2": "пас аз хондан нест карда мешавад.",
      
      "SHARE_BULLET_1": "Бе изи.",
      "SHARE_BULLET_2": "Ҳифзи хусусият",
      "SHARE_BULLET_3": "Як маротиба намоёнашаванда",
      
      "SHARE_ENCRYPTED_BY": "Кодакунӣ, ҳифз ва муҳофизат бо Амнияти Ситораӣ",
      
      "SHARE_TEXTAREA_PLACEHOLDER": "Паёми сиррии худро нависед, пасвора ё маълумоти ҳассос *",
      "SHARE_OPTIONS": "Опсияҳо",
      
      "SHARE_EMPTY": "Барои ҳеҷ чиз холӣ гузоред.",
      "SHARE_BUTTON": "Пайванди Сиррро эҷод кунед",
      
      "CREATED_TITLE": "Сирри шумо эҷод шуд",
      "CREATED_SUBTITLE": "Он танҳо як маротиба намоиш дода мешавад",
      
      "CREATED_TITLE_SHARE": "Пайвандро нусхагирӣ кунед ё мубодила кунед.",
      "CREATED_BUTTON": "НУСХА",
      "CREATED_CREATE_SECRET": "Сирри нав эҷод кунед",
      "CREATED_BURNSECRET": "Сиррро сӯзонед",
      "URL_COPIED": "URL нусхагирӣ шуд.",
      
      "VIEW_SECRET": "Сиррро бинед"
    },
    "CREATEDPAGE": {
      "CREATEDPAGE": "Сирри Ситораӣ",
      "HOW_IT_WORKS": "Чӣ гуна кор мекунад",
      "DOWNLOAD_APP": "Баргузор кардан",
      "CREATED_TITLE": "Сирри шумо эҷод шуд",
      "CREATED_SUBTITLE": "Он танҳо як маротиба намоиш дода мешавад",
      "CREATED_TITLE_SHARE": "Пайвандро нусхагирӣ кунед ё мубодила кунед.",
      "CREATED_BUTTON": "НУСХА",
      "CREATED_CREATE_SECRET": "Сирри нав эҷод кунед",
      "CREATED_BURNSECRET": "Сиррро сӯзонед",
      "URL_COPIED": "URL нусхагирӣ шуд."
    },
    "CONFIRMATION": {
      "YOURE_GONNA_BURN_THIS_SECRET": "Шумо ин сиррро сӯзонед",
      "SECRET_UNAVAILABLE_TEXT": "Он дигар дастрас нахоҳад буд",
      "BURN_FOREVER": "Ҳамеша сӯзонед",
      "CANCEL": "Бекор кунед"
    },
    "VIEW": {
      "LOGO_TEXT": "Сирри Ситораӣ",
      "HOW_IT_WORKS": "Чӣ гуна кор мекунад",
      "DOWNLOAD_APP": "Баргузор кардан",
      "WELCOME_MESSAGE": "Салом, шумо паёми сиррӣ гирифтед!",
      "INSTRUCTION": "Паёмро нависед ва фиристед, он пас аз хондан нест карда мешавад.",
      "SHOW_MESSAGE_ONCE": "Паём зерин <strong>як маротиба</strong> намоиш дода мешавад",
      "OPEN_SECRET_MESSAGE": "Паёми Сирриро боз кунед",
      "INPUT_PASSPHRASE": "Пасвораро ворид кунед",
      "PASS_PHRASE_PLACEHOLDER": "Пасвора",
      "OPEN_SECRET_BUTTON": "Паёми Сирриро боз кунед",
      "YOUR_SECRET_MESSAGE": "Паёми Сиррии Шумо",
      "COPY": "Нусхагирӣ",
      "MESSAGE_LABEL": "Паём",
      "REPLY": "Посух диҳед",
      "DOWNLOAD_MESSAGE": "Баргузор карданро дар мобилӣ зеркашӣ кунед, сиррҳои худро эҷод кунед",
      "WITHOUT_TRACE": "Бе изи.",
      "PRIVACY_PROTECTED": "Ҳифзи хусусият",
      "ONE_TIME_VIEWABLE": "Як маротиба намоёнашаванда",
      "SECURITY_TEXT": "Кодакунӣ, ҳифз ва муҳофизат бо ",
      "SECURITY_TEXT2": "Амнияти Ситораӣ"
    }
  }
  