{
    "HOME": {
      "HEADER_TITLE": "Stellar Secret",
      "HOW_IT_WORKS": "วิธีการทำงาน",
      "DOWNLOAD_APP": "ดาวน์โหลดแอป",
      
      "ONE_TIME_SECRET_MESSAGING_TITLE": "การส่งข้อความลับเพียงครั้งเดียว",
      "ONE_TIME_SECRET_MESSAGING_SUBTITLE": "แชร์ความลับแล้วหายวับไป!",
      
      "ENCRYPTED_PROTECTED_BY": "เข้ารหัส ปลอดภัย และได้รับการป้องกันโดย Stellar Security",
      "WITHOUT_TRACE_TITLE": "ไม่มีร่องรอย",
      "WITHOUT_TRACE_DESCRIPTION": "เรามั่นใจในความปลอดภัยที่แข็งแกร่งของข้อมูลที่ละเอียดอ่อนของคุณ ข้อมูลทั้งหมดจะถูกเข้ารหัสฝั่งไคลเอนต์ เราไม่รู้ที่อยู่ IP ของคุณ สิ่งที่คุณแชร์ หรือกับใครที่คุณแชร์ลิงก์ลับ และที่สำคัญที่สุด คือเนื้อหา",
      
      "PRIVACY_PROTECTED_TITLE": "ความเป็นส่วนตัวที่ได้รับการป้องกัน",
      "PRIVACY_PROTECTED_DESCRIPTION": "คุณเท่านั้นที่รู้ลิงก์ไปยังข้อมูลลับที่คุณสร้างขึ้นและผู้ที่คุณแชร์ด้วย เมื่อสร้างความลับ คุณสามารถเพิ่มรหัสผ่านก่อนที่จะปลดล็อกได้ นอกจากนี้ยังสามารถตั้งเวลาทำลายข้อมูลได้ ไม่ว่าอย่างไร ความลับจะถูกลบหลังจาก 14 วัน",
      
      "END_TO_END_ENCRYPTED_TITLE": "การเข้ารหัสจากต้นทางถึงปลายทาง",
      "END_TO_END_ENCRYPTED_DESCRIPTION": "ลิงก์และเนื้อหาทั้งหมดถูกแฮชที่ฝั่งไคลเอนต์ ซึ่งหมายความว่าเราก็ไม่รู้ลิงก์และเนื้อหา ลิงก์ทุกลิงก์มี ID ที่ไม่ซ้ำกันความยาว 36 ซึ่งเป็นการเข้ารหัสทางเดียวเพื่อให้สามารถเข้าถึงข้อความลับและเนื้อหาที่เข้ารหัสด้วย AES-256",
      
      "HOW_IT_WORKS_TITLE": "มันทำงานอย่างไร?",
      "STEP_1_TITLE": "เขียนข้อความของคุณและ/หรือสร้างรหัสผ่าน",
      "STEP_2_TITLE": "สร้างลิงก์ลับ",
      "STEP_3_TITLE": "แชร์ลิงก์",
      
      "COMPANY_LOGO_ALT": "โลโก้บริษัท",
      
      "SHARE_TITLE": "แชร์ข้อความลับ",
      "SHARE_DESCRIPTION_PART_1": "เขียนและส่งข้อความ มันจะถูก",
      "SHARE_DESCRIPTION_PART_2": "ลบหลังจากถูกอ่านแล้ว",
      
      "SHARE_BULLET_1": "ไม่มีร่องรอย",
      "SHARE_BULLET_2": "ความเป็นส่วนตัวที่ได้รับการป้องกัน",
      "SHARE_BULLET_3": "ดูได้เพียงครั้งเดียว",
      
      "SHARE_ENCRYPTED_BY": "เข้ารหัส ปลอดภัย และได้รับการป้องกันโดย Stellar Security",
      
      "SHARE_TEXTAREA_PLACEHOLDER": "เขียนข้อความลับ รหัสผ่าน หรือข้อมูลที่ละเอียดอ่อนของคุณ *",
      "SHARE_OPTIONS": "ตัวเลือก",
      
      "SHARE_EMPTY": "ปล่อยว่างถ้าไม่มี",
      "SHARE_BUTTON": "สร้างลิงก์ลับ",
      
      "CREATED_TITLE": "ความลับของคุณถูกสร้างขึ้นแล้ว",
      "CREATED_SUBTITLE": "มันจะแสดงเพียงครั้งเดียว",
      
      "CREATED_TITLE_SHARE": "คัดลอกลิงก์หรือแชร์มัน",
      "CREATED_BUTTON": "คัดลอก",
      "CREATED_CREATE_SECRET": "สร้างความลับใหม่",
      "CREATED_BURNSECRET": "เผาความลับ",
      "URL_COPIED": "URL ถูกคัดลอกแล้ว",
      "SHARE_BURNER_TIME": "อายุการใช้งาน",
      "SHARE_PASS_PHRASE": "รหัสผ่าน",
      "VIEW_SECRET": "ดูความลับ"
    },
    "HOWITWORK": {
      "HEADER_TITLE": "Stellar Secret",
      "HOW_IT_WORKS": "วิธีการทำงาน",
      "DOWNLOAD_APP": "ดาวน์โหลดแอป",
      
      "ONE_TIME_SECRET_MESSAGING_TITLE": "การส่งข้อความลับเพียงครั้งเดียว",
      "ONE_TIME_SECRET_MESSAGING_SUBTITLE": "แชร์ความลับแล้วหายวับไป!",
      
      "ENCRYPTED_PROTECTED_BY": "เข้ารหัส ปลอดภัย และได้รับการป้องกันโดย Stellar Security",
      "WITHOUT_TRACE_TITLE": "ไม่มีร่องรอย",
      "WITHOUT_TRACE_DESCRIPTION": "เรามั่นใจในความปลอดภัยที่แข็งแกร่งของข้อมูลที่ละเอียดอ่อนของคุณ ข้อมูลทั้งหมดจะถูกเข้ารหัสฝั่งไคลเอนต์ เราไม่รู้ที่อยู่ IP ของคุณ สิ่งที่คุณแชร์ หรือกับใครที่คุณแชร์ลิงก์ลับ และที่สำคัญที่สุด คือเนื้อหา",
      
      "PRIVACY_PROTECTED_TITLE": "ความเป็นส่วนตัวที่ได้รับการป้องกัน",
      "PRIVACY_PROTECTED_DESCRIPTION": "คุณเท่านั้นที่รู้ลิงก์ไปยังข้อมูลลับที่คุณสร้างขึ้นและผู้ที่คุณแชร์ด้วย เมื่อสร้างความลับ คุณสามารถเพิ่มรหัสผ่านก่อนที่จะปลดล็อกได้ นอกจากนี้ยังสามารถตั้งเวลาทำลายข้อมูลได้ ไม่ว่าอย่างไร ความลับจะถูกลบหลังจาก 14 วัน",
      
      "END_TO_END_ENCRYPTED_TITLE": "การเข้ารหัสจากต้นทางถึงปลายทาง",
      "END_TO_END_ENCRYPTED_DESCRIPTION": "ลิงก์และเนื้อหาทั้งหมดถูกแฮชที่ฝั่งไคลเอนต์ ซึ่งหมายความว่าเราก็ไม่รู้ลิงก์และเนื้อหา ลิงก์ทุกลิงก์มี ID ที่ไม่ซ้ำกันความยาว 36 ซึ่งเป็นการเข้ารหัสทางเดียวเพื่อให้สามารถเข้าถึงข้อความลับและเนื้อหาที่เข้ารหัสด้วย AES-256",
      
      "HOW_IT_WORKS_TITLE": "มันทำงานอย่างไร?",
      "STEP_1_TITLE": "เขียนข้อความของคุณและ/หรือสร้างรหัสผ่าน",
      "STEP_2_TITLE": "สร้างลิงก์ลับ",
      "STEP_3_TITLE": "แชร์ลิงก์",
      
      "COMPANY_LOGO_ALT": "โลโก้บริษัท",
      
      "SHARE_TITLE": "แชร์ข้อความลับ",
      "SHARE_DESCRIPTION_PART_1": "เขียนและส่งข้อความ มันจะถูก",
      "SHARE_DESCRIPTION_PART_2": "ลบหลังจากถูกอ่านแล้ว",
      
      "SHARE_BULLET_1": "ไม่มีร่องรอย",
      "SHARE_BULLET_2": "ความเป็นส่วนตัวที่ได้รับการป้องกัน",
      "SHARE_BULLET_3": "ดูได้เพียงครั้งเดียว",
      
      "SHARE_ENCRYPTED_BY": "เข้ารหัส ปลอดภัย และได้รับการป้องกันโดย Stellar Security",
      
      "SHARE_TEXTAREA_PLACEHOLDER": "เขียนข้อความลับ รหัสผ่าน หรือข้อมูลที่ละเอียดอ่อนของคุณ *",
      "SHARE_OPTIONS": "ตัวเลือก",
      
      "SHARE_EMPTY": "ปล่อยว่างถ้าไม่มี",
      "SHARE_BUTTON": "สร้างลิงก์ลับ",
      
      "CREATED_TITLE": "ความลับของคุณถูกสร้างขึ้นแล้ว",
      "CREATED_SUBTITLE": "มันจะแสดงเพียงครั้งเดียว",
      
      "CREATED_TITLE_SHARE": "คัดลอกลิงก์หรือแชร์มัน",
      "CREATED_BUTTON": "คัดลอก",
      "CREATED_CREATE_SECRET": "สร้างความลับใหม่",
      "CREATED_BURNSECRET": "เผาความลับ",
      "URL_COPIED": "URL ถูกคัดลอกแล้ว",
      
      "VIEW_SECRET": "ดูความลับ"
    },
    "CREATEDPAGE": {
      "CREATEDPAGE": "Stellar Secret",
      "HOW_IT_WORKS": "วิธีการทำงาน",
      "DOWNLOAD_APP": "ดาวน์โหลดแอป",
      "CREATED_TITLE": "ความลับของคุณถูกสร้างขึ้นแล้ว",
      "CREATED_SUBTITLE": "มันจะแสดงเพียงครั้งเดียว",
      "CREATED_TITLE_SHARE": "คัดลอกลิงก์หรือแชร์มัน",
      "CREATED_BUTTON": "คัดลอก",
      "CREATED_CREATE_SECRET": "สร้างความลับใหม่",
      "CREATED_BURNSECRET": "เผาความลับ",
      "URL_COPIED": "URL ถูกคัดลอกแล้ว"
    },
    "CONFIRMATION": {
      "YOURE_GONNA_BURN_THIS_SECRET": "คุณกำลังจะเผาความลับนี้",
      "SECRET_UNAVAILABLE_TEXT": "มันจะไม่สามารถใช้ได้อีกต่อไป",
      "BURN_FOREVER": "เผาตลอดไป",
      "CANCEL": "ยกเลิก"
    },
    "VIEW": {
      "LOGO_TEXT": "Stellar Secret",
      "HOW_IT_WORKS": "วิธีการทำงาน",
      "DOWNLOAD_APP": "ดาวน์โหลดแอป",
      "WELCOME_MESSAGE": "สวัสดี คุณได้รับความลับใหม่",
      "WELCOME_DESCRIPTION": "มันจะสามารถใช้ได้เพียงครั้งเดียวแล้วจะถูกลบ คุณมีสิทธิ์เปิดดูได้แค่ครั้งเดียวเท่านั้น!",
      "VIEW_SECRET": "ดูความลับ",
      "VIEW_SECRET_PLACEHOLDER": "ป้อนรหัสผ่านเพื่อปลดล็อกความลับ",
      "VIEW_SECRET_BUTTON": "ดูความลับ",
      "SECRET_DESTROYED_MESSAGE": "ความลับถูกทำลายแล้ว",
      "SECRET_DESTROYED_DESCRIPTION": "ขออภัย ความลับนี้ถูกเปิดดูแล้วและจะไม่สามารถใช้ได้อีกต่อไป",
      "SECRET_BURNED_TITLE": "ความลับถูกเผาแล้ว",
      "SECRET_BURNED_DESCRIPTION": "คุณเพิ่งทำลายความลับนี้ มันจะไม่สามารถใช้ได้อีกต่อไป"
    }
  }
  