{
    "HOME": {
      "HEADER_TITLE": "Stellar Secret",
      "HOW_IT_WORKS": "Mekgwa e amanang",
      "DOWNLOAD_APP": "Download App",
      
      "ONE_TIME_SECRET_MESSAGING_TITLE": "Mmesola ya Sekete sa Nako e le nngwe",
      "ONE_TIME_SECRET_MESSAGING_SUBTITLE": "Abelana le mekgwa e amanang, mme e fella!",
      
      "ENCRYPTED_PROTECTED_BY": "E kgotlhelele, e sireletsehile le go sirelediwa ke Stellar Security",
      "WITHOUT_TRACE_TITLE": "Ka go sa senyege",
      "WITHOUT_TRACE_DESCRIPTION": "Re netefatsa tshegetso e e maatla ya tshedimosetso ya gago. Datha e agiwa go ngwaga ya mekgwa. Re sitwa go itse IP ya gago, se o se abelanang le eng, le go mang o abelanang le mekgwa ya sekete - go botlhokwa, dikwalo.",
      
      "PRIVACY_PROTECTED_TITLE": "Tshelete e sireletswe",
      "PRIVACY_PROTECTED_DESCRIPTION": "O seuleng o itse lenane la tshedimosetso e o e dirileng le gore o e abelana le mang. Fa o ntse o dira sekete, o ka oketsa paswedi pele e ka fitlhelelwa. Go bo go a kgonagala go setse nako ya burn. Le fa go ntse jalo, sekete se tla bolawa ka morago ga di 14 matsatsi.",
      
      "END_TO_END_ENCRYPTED_TITLE": "E kgotlhelele go tswa go ngwaga go ya ngwaga",
      "END_TO_END_ENCRYPTED_DESCRIPTION": "Dikgwebo le dikwalo di agiwa go ngwaga ya mekgwa, go raya gore le rona re sitwa go itse lenane le dikwalo. Lenane le na le ID e amanang ya boleele jwa 36 e e amanang le go tsaya go fitlhelela Mmesola ya Sekete le dikwalo tse di agiwang ka AES-256.",
      
      "HOW_IT_WORKS_TITLE": "Mekgwa e amanang?",
      "STEP_1_TITLE": "Tsaya molaetsa wa gago le/gareng goba dirisa paswedi",
      "STEP_2_TITLE": "Dira Lenane la Sekete",
      "STEP_3_TITLE": "Abelana lenane",
      
      "COMPANY_LOGO_ALT": "Logo ya Khamphani",
      
      "SHARE_TITLE": "Abelana le molaetsa wa sekete",
      "SHARE_DESCRIPTION_PART_1": "Tsaya le go romela molaetsa, e tla",
      "SHARE_DESCRIPTION_PART_2": "bolawa fa e balwe.",
      
      "SHARE_BULLET_1": "Ka go sa senyege.",
      "SHARE_BULLET_2": "Tshelete e sireletswe",
      "SHARE_BULLET_3": "E fitlhelelwa ka nako e le nngwe",
      
      "SHARE_ENCRYPTED_BY": "E kgotlhelele, e sireletsehile le go sirelediwa ke Stellar Security",
      
      "SHARE_TEXTAREA_PLACEHOLDER": "Tsaya molaetsa wa gago wa Sekete, paswedi kgotsa tshedimosetso e amanang *",
      "SHARE_OPTIONS": "Mekgwa",
      
      "SHARE_EMPTY": "Tla tlogela go senya.",
      "SHARE_BUTTON": "Dira Lenane la Sekete",
      
      "CREATED_TITLE": "Sekete sa gago se dirilwe",
      "CREATED_SUBTITLE": "Se tla bonwa go lekana le nako e le nngwe",
      
      "CREATED_TITLE_SHARE": "Kopa lenane goba abelana le yona.",
      "CREATED_BUTTON": "KOPA",
      "CREATED_CREATE_SECRET": "Dira Sekete Se Se Ntsha",
      "CREATED_BURNSECRET": "Burn Sekete",
      "URL_COPIED": "URL e kgotlhetse.",
      "SHARE_BURNER_TIME": "Nako ya Bole",
      "SHARE_PASS_PHRASE": "Paswedi",
      "VIEW_SECRET": "Bona Sekete"
    },
    "HOWITWORK": {
      "HEADER_TITLE": "Stellar Secret",
      "HOW_IT_WORKS": "Mekgwa e amanang",
      "DOWNLOAD_APP": "Download App",
      
      "ONE_TIME_SECRET_MESSAGING_TITLE": "Mmesola ya Sekete sa Nako e le nngwe",
      "ONE_TIME_SECRET_MESSAGING_SUBTITLE": "Abelana le mekgwa e amanang, mme e fella!",
      
      "ENCRYPTED_PROTECTED_BY": "E kgotlhelele, e sireletsehile le go sirelediwa ke Stellar Security",
      "WITHOUT_TRACE_TITLE": "Ka go sa senyege",
      "WITHOUT_TRACE_DESCRIPTION": "Re netefatsa tshegetso e e maatla ya tshedimosetso ya gago. Datha e agiwa go ngwaga ya mekgwa. Re sitwa go itse IP ya gago, se o se abelanang le eng, le go mang o abelanang le mekgwa ya sekete - go botlhokwa, dikwalo.",
      
      "PRIVACY_PROTECTED_TITLE": "Tshelete e sireletswe",
      "PRIVACY_PROTECTED_DESCRIPTION": "O seuleng o itse lenane la tshedimosetso e o e dirileng le gore o e abelana le mang. Fa o ntse o dira sekete, o ka oketsa paswedi pele e ka fitlhelelwa. Go bo go a kgonagala go setse nako ya burn. Le fa go ntse jalo, sekete se tla bolawa ka morago ga di 14 matsatsi.",
      
      "END_TO_END_ENCRYPTED_TITLE": "E kgotlhelele go tswa go ngwaga go ya ngwaga",
      "END_TO_END_ENCRYPTED_DESCRIPTION": "Dikgwebo le dikwalo di agiwa go ngwaga ya mekgwa, go raya gore le rona re sitwa go itse lenane le dikwalo. Lenane le na le ID e amanang ya boleele jwa 36 e e amanang le go tsaya go fitlhelela Mmesola ya Sekete le dikwalo tse di agiwang ka AES-256.",
      
      "HOW_IT_WORKS_TITLE": "Mekgwa e amanang?",
      "STEP_1_TITLE": "Tsaya molaetsa wa gago le/gareng goba dirisa paswedi",
      "STEP_2_TITLE": "Dira Lenane la Sekete",
      "STEP_3_TITLE": "Abelana lenane",
      
      "COMPANY_LOGO_ALT": "Logo ya Khamphani",
      
      "SHARE_TITLE": "Abelana le molaetsa wa sekete",
      "SHARE_DESCRIPTION_PART_1": "Tsaya le go romela molaetsa, e tla",
      "SHARE_DESCRIPTION_PART_2": "bolawa fa e balwe.",
      
      "SHARE_BULLET_1": "Ka go sa senyege.",
      "SHARE_BULLET_2": "Tshelete e sireletswe",
      "SHARE_BULLET_3": "E fitlhelelwa ka nako e le nngwe",
      
      "SHARE_ENCRYPTED_BY": "E kgotlhelele, e sireletsehile le go sirelediwa ke Stellar Security",
      
      "SHARE_TEXTAREA_PLACEHOLDER": "Tsaya molaetsa wa gago wa Sekete, paswedi kgotsa tshedimosetso e amanang *",
      "SHARE_OPTIONS": "Mekgwa",
      
      "SHARE_EMPTY": "Tla tlogela go senya.",
      "SHARE_BUTTON": "Dira Lenane la Sekete",
      
      "CREATED_TITLE": "Sekete sa gago se dirilwe",
      "CREATED_SUBTITLE": "Se tla bonwa go lekana le nako e le nngwe",
      
      "CREATED_TITLE_SHARE": "Kopa lenane goba abelana le yona.",
      "CREATED_BUTTON": "KOPA",
      "CREATED_CREATE_SECRET": "Dira Sekete Se Se Ntsha",
      "CREATED_BURNSECRET": "Burn Sekete",
      "URL_COPIED": "URL e kgotlhetse.",
      
      "VIEW_SECRET": "Bona Sekete"
    },
    "CREATEDPAGE": {
      "CREATEDPAGE": "Stellar Secret",
      "HOW_IT_WORKS": "Mekgwa e amanang",
      "DOWNLOAD_APP": "Download App",
      "CREATED_TITLE": "Sekete sa gago se dirilwe",
      "CREATED_SUBTITLE": "Se tla bonwa go lekana le nako e le nngwe",
      "CREATED_TITLE_SHARE": "Kopa lenane goba abelana le yona.",
      "CREATED_BUTTON": "KOPA",
      "CREATED_CREATE_SECRET": "Dira Sekete Se Se Ntsha",
      "CREATED_BURNSECRET": "Burn Sekete",
      "URL_COPIED": "URL e kgotlhetse."
    },
    "CONFIRMATION": {
      "YOURE_GONNA_BURN_THIS_SECRET": "O tla chesetsa sekete se",
      "SECRET_UNAVAILABLE_TEXT": "E tla se kgonagale go etelelwa",
      "BURN_FOREVER": "Chesa go sa fele",
      "CANCEL": "Kgaoganya"
    },
    "VIEW": {
      "LOGO_TEXT": "Stellar Secret",
      "HOW_IT_WORKS": "Mekgwa e amanang",
      "DOWNLOAD_APP": "Download App",
      "WELCOME_MESSAGE": "Dumela, o amogile molaetsa wa sekete!",
      "INSTRUCTION": "Tsaya le go romela molaetsa, e tla bolawa fa e balwe.",
      "SHOW_MESSAGE_ONCE": "Molaetsa o o latelang o tla bonwa <strong>ka nako e le nngwe fela</strong>",
      "OPEN_SECRET_MESSAGE": "Bona Molaetsa wa Sekete",
      "INPUT_PASSPHRASE": "Tsaya Paswedi",
      "PASS_PHRASE_PLACEHOLDER": "Paswedi",
      "OPEN_SECRET_BUTTON": "Bona Molaetsa wa Sekete",
      "YOUR_SECRET_MESSAGE": "Molaetsa wa Sekete sa gago",
      "COPY": "KOPA",
      "MESSAGE_LABEL": "Molaetsa",
      "REPLY": "Araba",
      "DOWNLOAD_MESSAGE": "Download Stellar Secret mo mobile, dira melaetsa ya gago ya sekete",
      "WITHOUT_TRACE": "Ka go sa senyege.",
      "PRIVACY_PROTECTED": "Tshelete e sireletswe",
      "ONE_TIME_VIEWABLE": "E fitlhelelwa ka nako e le nngwe",
      "SECURITY_TEXT": "E kgotlhelele, e sireletsehile le go sirelediwa ke ",
      "SECURITY_TEXT2": "Stellar Security"
    }
  }
  