{
    "HOME": {
      "HEADER_TITLE": "Stellar Secret",
      "HOW_IT_WORKS": "Otu ki he me'a e fai",
      "DOWNLOAD_APP": "Mau'u 'a e app",
      
      "ONE_TIME_SECRET_MESSAGING_TITLE": "Fa'ahinga Kupu Fakamole",
      "ONE_TIME_SECRET_MESSAGING_SUBTITLE": "Kau 'a e ngaahi kupu, mo e ko'ia—'oku 'ikai ke fai 'a e ngaahi mo'ui!",
      
      "ENCRYPTED_PROTECTED_BY": "Faka'aonga'i, fakapapau'i mo faka'uhinga 'e Stellar Security",
      "WITHOUT_TRACE_TITLE": "Ongoonga",
      "WITHOUT_TRACE_DESCRIPTION": "Te ke fakapapau'i lelei 'a e fakahinohino kuo maumau. Kuo fakafou 'a e data 'i he client-side. 'Ikai ke tau 'ilo ho'o IP address, he me'a 'oku ke fatu, pe ko hai 'e ke fatu 'a e ngaahi link sekreti—mo e me'a mautinoa, e content.",
      
      "PRIVACY_PROTECTED_TITLE": "Kau 'i he Privacy",
      "PRIVACY_PROTECTED_DESCRIPTION": "Ko koe pē koe 'oku 'ilo 'a e link ki he ngaahi fakahinohino sekreti 'oku ke fatu mo ko hai 'e ke fatu. Kapau ko e fa'ahinga sekreti, 'oku ke mafai ke fatu ha password 'o ma'u ai. Kuo ngata, 'oku mafai ke fatu ha burner-time. 'Ikai ke toe pehe, 'e moui ha sekreti he 'e 14 mahina.",
      
      "END_TO_END_ENCRYPTED_TITLE": "End-to-end encrypted",
      "END_TO_END_ENCRYPTED_DESCRIPTION": "Katoa 'a e ngaahi link mo e content 'oku hashed 'i he client-side, ko e taimi na'e 'ikai ke tau 'ilo e link mo e content. Katoa 'a e link 'oku 'i ai ha ID faka'ata 'o e 36 'i he length ko e faka'aonga'i e faka'ata 'o ma'u ai e Secret Message mo e content 'oku encrypted 'i he AES-256.",
      
      "HOW_IT_WORKS_TITLE": "Otu ki he me'a e fai?",
      "STEP_1_TITLE": "Tuhinga ho'o message mo/pe fatu password",
      "STEP_2_TITLE": "Fatu ha Secret Link",
      "STEP_3_TITLE": "Fakafou e link",
      
      "COMPANY_LOGO_ALT": "Logo 'a e Kampani",
      
      "SHARE_TITLE": "Fakafou ha message sekreti",
      "SHARE_DESCRIPTION_PART_1": "Tuhinga mo fakafou e message, 'e",
      "SHARE_DESCRIPTION_PART_2": "moui 'a e hiki.",
      
      "SHARE_BULLET_1": "Ongoonga.",
      "SHARE_BULLET_2": "Kau 'i he Privacy",
      "SHARE_BULLET_3": "Viewable 'i ha taimi kotoa",
      
      "SHARE_ENCRYPTED_BY": "Faka'aonga'i, fakapapau'i mo faka'uhinga 'e Stellar Security",
      
      "SHARE_TEXTAREA_PLACEHOLDER": "Tuhinga ho'o Secret message, password pe fakahinohino fakafitauli *",
      "SHARE_OPTIONS": "Ngāue",
      
      "SHARE_EMPTY": "Koe hiki ki he 'ikai.",
      "SHARE_BUTTON": "Fatu Secret Link",
      
      "CREATED_TITLE": "Ko ho'o Secret na'e fatu",
      "CREATED_SUBTITLE": "E tokoni pē ia ha taimi kotoa",
      
      "CREATED_TITLE_SHARE": "Kopy e link pe fakafou",
      "CREATED_BUTTON": "COPY",
      "CREATED_CREATE_SECRET": "Fatu Ha Sekreti Fo'ou",
      "CREATED_BURNSECRET": "Fai ha Sekreti",
      "URL_COPIED": "Na'e kopy e URL.",
      "SHARE_BURNER_TIME":"Lifetīmā",
      "SHARE_PASS_PHRASE":"Passphrase",
      "VIEW_SECRET": "Fakahaofi e Secret"
    },
    "HOWITWORK": {
      "HEADER_TITLE": "Stellar Secret",
      "HOW_IT_WORKS": "Otu ki he me'a e fai",
      "DOWNLOAD_APP": "Mau'u 'a e app",
      
      "ONE_TIME_SECRET_MESSAGING_TITLE": "Fa'ahinga Kupu Fakamole",
      "ONE_TIME_SECRET_MESSAGING_SUBTITLE": "Kau 'a e ngaahi kupu, mo e ko'ia—'oku 'ikai ke fai 'a e ngaahi mo'ui!",
      
      "ENCRYPTED_PROTECTED_BY": "Faka'aonga'i, fakapapau'i mo faka'uhinga 'e Stellar Security",
      "WITHOUT_TRACE_TITLE": "Ongoonga",
      "WITHOUT_TRACE_DESCRIPTION": "Te ke fakapapau'i lelei 'a e fakahinohino kuo maumau. Kuo fakafou 'a e data 'i he client-side. 'Ikai ke tau 'ilo ho'o IP address, he me'a 'oku ke fatu, pe ko hai 'e ke fatu 'a e ngaahi link sekreti—mo e me'a mautinoa, e content.",
      
      "PRIVACY_PROTECTED_TITLE": "Kau 'i he Privacy",
      "PRIVACY_PROTECTED_DESCRIPTION": "Ko koe pē koe 'oku 'ilo 'a e link ki he ngaahi fakahinohino sekreti 'oku ke fatu mo ko hai 'e ke fatu. Kapau ko e fa'ahinga sekreti, 'oku ke mafai ke fatu ha password 'o ma'u ai. Kuo ngata, 'oku mafai ke fatu ha burner-time. 'Ikai ke toe pehe, 'e moui ha sekreti he 'e 14 mahina.",
      
      "END_TO_END_ENCRYPTED_TITLE": "End-to-end encrypted",
      "END_TO_END_ENCRYPTED_DESCRIPTION": "Katoa 'a e ngaahi link mo e content 'oku hashed 'i he client-side, ko e taimi na'e 'ikai ke tau 'ilo e link mo e content. Katoa 'a e link 'oku 'i ai ha ID faka'ata 'o e 36 'i he length ko e faka'aonga'i e faka'ata 'o ma'u ai e Secret Message mo e content 'oku encrypted 'i he AES-256.",
      
      "HOW_IT_WORKS_TITLE": "Otu ki he me'a e fai?",
      "STEP_1_TITLE": "Tuhinga ho'o message mo/pe fatu password",
      "STEP_2_TITLE": "Fatu ha Secret Link",
      "STEP_3_TITLE": "Fakafou e link",
      
      "COMPANY_LOGO_ALT": "Logo 'a e Kampani",
      
      "SHARE_TITLE": "Fakafou ha message sekreti",
      "SHARE_DESCRIPTION_PART_1": "Tuhinga mo fakafou e message, 'e",
      "SHARE_DESCRIPTION_PART_2": "moui 'a e hiki.",
      
      "SHARE_BULLET_1": "Ongoonga.",
      "SHARE_BULLET_2": "Kau 'i he Privacy",
      "SHARE_BULLET_3": "Viewable 'i ha taimi kotoa",
      
      "SHARE_ENCRYPTED_BY": "Faka'aonga'i, fakapapau'i mo faka'uhinga 'e Stellar Security",
      
      "SHARE_TEXTAREA_PLACEHOLDER": "Tuhinga ho'o Secret message, password pe fakahinohino fakafitauli *",
      "SHARE_OPTIONS": "Ngāue",
      
      "SHARE_EMPTY": "Koe hiki ki he 'ikai.",
      "SHARE_BUTTON": "Fatu Secret Link",
      
      "CREATED_TITLE": "Ko ho'o Secret na'e fatu",
      "CREATED_SUBTITLE": "E tokoni pē ia ha taimi kotoa",
      
      "CREATED_TITLE_SHARE": "Kopy e link pe fakafou",
      "CREATED_BUTTON": "COPY",
      "CREATED_CREATE_SECRET": "Fatu Ha Sekreti Fo'ou",
      "CREATED_BURNSECRET": "Fai ha Sekreti",
      "URL_COPIED": "Na'e kopy e URL.",
      
      "VIEW_SECRET": "Fakahaofi e Secret"
    },
    "CREATEDPAGE": {
      "CREATEDPAGE": "Stellar Secret",
      "HOW_IT_WORKS": "Otu ki he me'a e fai",
      "DOWNLOAD_APP": "Mau'u 'a e app",
      "CREATED_TITLE": "Ko ho'o Secret na'e fatu",
      "CREATED_SUBTITLE": "E tokoni pē ia ha taimi kotoa",
      "CREATED_TITLE_SHARE": "Kopy e link pe fakafou",
      "CREATED_BUTTON": "COPY",
      "CREATED_CREATE_SECRET": "Fatu Ha Sekreti Fo'ou",
      "CREATED_BURNSECRET": "Fai ha Sekreti",
      "URL_COPIED": "Na'e kopy e URL."
    },
    "CONFIRMATION": {
      "YOURE_GONNA_BURN_THIS_SECRET": "Oku ke fai ha sekreti ko 'eni",
      "SECRET_UNAVAILABLE_TEXT": "E 'ikai ke ma'u 'a e sekreti",
      "BURN_FOREVER": "Fai Mo'ui",
      "CANCEL": "Tuku"
    },
    "VIEW": {
      "LOGO_TEXT": "Stellar Secret",
      "HOW_IT_WORKS": "Otu ki he me'a e fai",
      "DOWNLOAD_APP": "Mau'u 'a e app",
      "WELCOME_MESSAGE": "Malo e lelei, na'e ke ma'u ha message sekreti!",
      "INSTRUCTION": "Tuhinga mo fakafou e message, 'e moui 'a e hiki.",
      "SHOW_MESSAGE_ONCE": "Ko e message ko 'eni e tokoni <strong>ha taimi kotoa pē</strong>",
      "OPEN_SECRET_MESSAGE": "Tuhinga e Secret Message",
      "INPUT_PASSPHRASE": "Tuhinga Passphrase",
      "PASS_PHRASE_PLACEHOLDER": "Passphrase",
      "OPEN_SECRET_BUTTON": "Tuhinga e Secret Message",
      "YOUR_SECRET_MESSAGE": "Ho'o Secret Message",
      "COPY": "Kopy",
      "MESSAGE_LABEL": "Message",
      "REPLY": "Faka'uli",
      "DOWNLOAD_MESSAGE": "Mau'u Stellar Secret 'i he mobile, fatu ho'o ngaahi message sekreti",
      "WITHOUT_TRACE": "Ongoonga.",
      "PRIVACY_PROTECTED": "Kau 'i he Privacy",
      "ONE_TIME_VIEWABLE": "Viewable 'i ha taimi kotoa",
      "SECURITY_TEXT": "Faka'aonga'i, fakapapau'i mo faka'uhinga 'e",
      "SECURITY_TEXT2": "Stellar Security"
    }
  }
  