{
    "HOME": {
      "HEADER_TITLE": "Gizemli Yıldız",
      "HOW_IT_WORKS": "Nasıl Çalışır",
      "DOWNLOAD_APP": "Uygulamayı İndir",
      
      "ONE_TIME_SECRET_MESSAGING_TITLE": "Tek Seferlik Gizli Mesajlaşma",
      "ONE_TIME_SECRET_MESSAGING_SUBTITLE": "Gizli mesajlar paylaşın, ve paf—hemen kaybolurlar!",
      
      "ENCRYPTED_PROTECTED_BY": "Şifrelenmiş, güvenli ve Gizemli Yıldız Güvenliği tarafından korunmuştur",
      "WITHOUT_TRACE_TITLE": "İz bırakmadan",
      "WITHOUT_TRACE_DESCRIPTION": "Hassas bilgilerinizi güçlü bir şekilde koruruz. Tüm veriler istemci tarafında şifrelenir. IP adresinizi, ne paylaştığınızı veya gizli bağlantıları kiminle paylaştığınızı bilmiyoruz - ve en önemlisi, içeriği.",
      
      "PRIVACY_PROTECTED_TITLE": "Gizlilik Korundu",
      "PRIVACY_PROTECTED_DESCRIPTION": "Oluşturduğunuz gizli bilgilere ait bağlantıyı ve bunu kiminle paylaştığınızı sadece siz bilirsiniz. Bir gizli mesaj oluştururken, mesajı açmak için bir şifre ekleyebilirsiniz. Ayrıca bir yanma süresi ayarlamak da mümkündür. Her durumda, bir gizli mesaj 14 gün sonra silinir.",
      
      "END_TO_END_ENCRYPTED_TITLE": "Uçtan Uca Şifreli",
      "END_TO_END_ENCRYPTED_DESCRIPTION": "Tüm bağlantılar ve içerikler istemci tarafında hash'lenir, yani bağlantıyı ve içeriği biz bile bilemeyiz. Her bağlantı, Gizli Mesajı ve AES-256 ile şifrelenmiş içeriğe erişmek için bir yönlü şifreleme olan 36 karakter uzunluğunda benzersiz bir ID'ye sahiptir.",
      
      "HOW_IT_WORKS_TITLE": "Nasıl Çalışır?",
      "STEP_1_TITLE": "Mesajınızı yazın ve/veya şifre oluşturun",
      "STEP_2_TITLE": "Gizli Bağlantı Oluşturun",
      "STEP_3_TITLE": "Bağlantıyı Paylaşın",
      
      "COMPANY_LOGO_ALT": "Şirket Logosu",
      
      "SHARE_TITLE": "Gizli Mesaj Paylaşın",
      "SHARE_DESCRIPTION_PART_1": "Mesajınızı yazın ve gönderin,",
      "SHARE_DESCRIPTION_PART_2": "okunduktan sonra silinecektir.",
      
      "SHARE_BULLET_1": "İz bırakmadan.",
      "SHARE_BULLET_2": "Gizlilik Korundu",
      "SHARE_BULLET_3": "Tek seferlik görüntülenebilir",
      
      "SHARE_ENCRYPTED_BY": "Şifrelenmiş, güvenli ve Gizemli Yıldız Güvenliği tarafından korunmuştur",
      
      "SHARE_TEXTAREA_PLACEHOLDER": "Gizli mesajınızı, şifrenizi veya hassas bilginizi yazın *",
      "SHARE_OPTIONS": "Seçenekler",
      
      "SHARE_EMPTY": "Boş bırakın.",
      "SHARE_BUTTON": "Gizli Bağlantı Oluştur",
      
      "CREATED_TITLE": "Gizliniz Oluşturuldu",
      "CREATED_SUBTITLE": "Sadece bir kez gösterilecektir",
      
      "CREATED_TITLE_SHARE": "Bağlantıyı kopyalayın veya paylaşın.",
      "CREATED_BUTTON": "KOPYALA",
      "CREATED_CREATE_SECRET": "Yeni Gizli Oluştur",
      "CREATED_BURNSECRET": "Gizliyi Yak",
      "URL_COPIED": "URL kopyalandı.",
      "SHARE_BURNER_TIME":"Ömür Boyu",
      "SHARE_PASS_PHRASE":"Şifre",
      "VIEW_SECRET": "Gizliyi Gör"
    },
    "HOWITWORK": {
      "HEADER_TITLE": "Gizemli Yıldız",
      "HOW_IT_WORKS": "Nasıl Çalışır",
      "DOWNLOAD_APP": "Uygulamayı İndir",
      
      "ONE_TIME_SECRET_MESSAGING_TITLE": "Tek Seferlik Gizli Mesajlaşma",
      "ONE_TIME_SECRET_MESSAGING_SUBTITLE": "Gizli mesajlar paylaşın, ve paf—hemen kaybolurlar!",
      
      "ENCRYPTED_PROTECTED_BY": "Şifrelenmiş, güvenli ve Gizemli Yıldız Güvenliği tarafından korunmuştur",
      "WITHOUT_TRACE_TITLE": "İz bırakmadan",
      "WITHOUT_TRACE_DESCRIPTION": "Hassas bilgilerinizi güçlü bir şekilde koruruz. Tüm veriler istemci tarafında şifrelenir. IP adresinizi, ne paylaştığınızı veya gizli bağlantıları kiminle paylaştığınızı bilmiyoruz - ve en önemlisi, içeriği.",
      
      "PRIVACY_PROTECTED_TITLE": "Gizlilik Korundu",
      "PRIVACY_PROTECTED_DESCRIPTION": "Oluşturduğunuz gizli bilgilere ait bağlantıyı ve bunu kiminle paylaştığınızı sadece siz bilirsiniz. Bir gizli mesaj oluştururken, mesajı açmak için bir şifre ekleyebilirsiniz. Ayrıca bir yanma süresi ayarlamak da mümkündür. Her durumda, bir gizli mesaj 14 gün sonra silinir.",
      
      "END_TO_END_ENCRYPTED_TITLE": "Uçtan Uca Şifreli",
      "END_TO_END_ENCRYPTED_DESCRIPTION": "Tüm bağlantılar ve içerikler istemci tarafında hash'lenir, yani bağlantıyı ve içeriği biz bile bilemeyiz. Her bağlantı, Gizli Mesajı ve AES-256 ile şifrelenmiş içeriğe erişmek için bir yönlü şifreleme olan 36 karakter uzunluğunda benzersiz bir ID'ye sahiptir.",
      
      "HOW_IT_WORKS_TITLE": "Nasıl Çalışır?",
      "STEP_1_TITLE": "Mesajınızı yazın ve/veya şifre oluşturun",
      "STEP_2_TITLE": "Gizli Bağlantı Oluşturun",
      "STEP_3_TITLE": "Bağlantıyı Paylaşın",
      
      "COMPANY_LOGO_ALT": "Şirket Logosu",
      
      "SHARE_TITLE": "Gizli Mesaj Paylaşın",
      "SHARE_DESCRIPTION_PART_1": "Mesajınızı yazın ve gönderin,",
      "SHARE_DESCRIPTION_PART_2": "okunduktan sonra silinecektir.",
      
      "SHARE_BULLET_1": "İz bırakmadan.",
      "SHARE_BULLET_2": "Gizlilik Korundu",
      "SHARE_BULLET_3": "Tek seferlik görüntülenebilir",
      
      "SHARE_ENCRYPTED_BY": "Şifrelenmiş, güvenli ve Gizemli Yıldız Güvenliği tarafından korunmuştur",
      
      "SHARE_TEXTAREA_PLACEHOLDER": "Gizli mesajınızı, şifrenizi veya hassas bilginizi yazın *",
      "SHARE_OPTIONS": "Seçenekler",
      
      "SHARE_EMPTY": "Boş bırakın.",
      "SHARE_BUTTON": "Gizli Bağlantı Oluştur",
      
      "CREATED_TITLE": "Gizliniz Oluşturuldu",
      "CREATED_SUBTITLE": "Sadece bir kez gösterilecektir",
      
      "CREATED_TITLE_SHARE": "Bağlantıyı kopyalayın veya paylaşın.",
      "CREATED_BUTTON": "KOPYALA",
      "CREATED_CREATE_SECRET": "Yeni Gizli Oluştur",
      "CREATED_BURNSECRET": "Gizliyi Yak",
      "URL_COPIED": "URL kopyalandı.",
      
      "VIEW_SECRET": "Gizliyi Gör"
    },
    "CREATEDPAGE": {
      "CREATEDPAGE": "Gizemli Yıldız",
      "HOW_IT_WORKS": "Nasıl Çalışır",
      "DOWNLOAD_APP": "Uygulamayı İndir",
      "CREATED_TITLE": "Gizliniz Oluşturuldu",
      "CREATED_SUBTITLE": "Sadece bir kez gösterilecektir",
      "CREATED_TITLE_SHARE": "Bağlantıyı kopyalayın veya paylaşın.",
      "CREATED_BUTTON": "KOPYALA",
      "CREATED_CREATE_SECRET": "Yeni Gizli Oluştur",
      "CREATED_BURNSECRET": "Gizliyi Yak",
      "URL_COPIED": "URL kopyalandı."
    },
    "CONFIRMATION": {
      "YOURE_GONNA_BURN_THIS_SECRET": "Bu gizliyi yakacaksınız",
      "SECRET_UNAVAILABLE_TEXT": "Artık mevcut olmayacak",
      "BURN_FOREVER": "Sonsuza Kadar Yak",
      "CANCEL": "İptal"
    },
    "VIEW": {
      "LOGO_TEXT": "Gizemli Yıldız",
      "HOW_IT_WORKS": "Nasıl Çalışır",
      "DOWNLOAD_APP": "Uygulamayı İndir",
      "WELCOME_MESSAGE": "Merhaba, bir gizli mesaj aldınız!",
      "INSTRUCTION": "Mesajınızı yazın ve gönderin, okunduktan sonra silinecektir.",
      "SHOW_MESSAGE_ONCE": "Aşağıdaki mesaj <strong>sadece bir kez</strong> gösterilecektir",
      "OPEN_SECRET_MESSAGE": "Gizli Mesajı Aç",
      "INPUT_PASSPHRASE": "Şifreyi Girin",
      "PASS_PHRASE_PLACEHOLDER": "Şifre",
      "OPEN_SECRET_BUTTON": "Gizli Mesajı Aç",
      "YOUR_SECRET_MESSAGE": "Gizli Mesajınız",
      "COPY": "Kopyala",
      "MESSAGE_LABEL": "Mesaj",
      "REPLY": "Yanıtla",
      "DOWNLOAD_MESSAGE": "Gizemli Yıldız'ı mobilde indirin, gizli mesajlarınızı oluşturun",
      "WITHOUT_TRACE": "İz bırakmadan.",
      "PRIVACY_PROTECTED": "Gizlilik Korundu",
      "ONE_TIME_VIEWABLE": "Tek seferlik görüntülenebilir",
      "SECURITY_TEXT": "Şifrelenmiş, güvenli ve ",
      "SECURITY_TEXT2":"Gizemli Yıldız Güvenliği tarafından korunmuştur"
    }
  }
  