{
    "HOME": {
      "HEADER_TITLE": "Stellar Secret",
      "HOW_IT_WORKS": "Ndzi tivisa hi ndlela",
      "DOWNLOAD_APP": "Download App",
      
      "ONE_TIME_SECRET_MESSAGING_TITLE": "Minghambi ya Vutomi Bya Vutshembeki",
      "ONE_TIME_SECRET_MESSAGING_SUBTITLE": "Hlela vukorhokeri, naswona poof—va ha hera!",
      
      "ENCRYPTED_PROTECTED_BY": "Ku na vukorhokeri, ku bolokaka ni ku sirhelela hi Stellar Security",
      "WITHOUT_TRACE_TITLE": "Loko swi nga riki na ndlela",
      "WITHOUT_TRACE_DESCRIPTION": "Hi khutazela vukorhokeri lebyikulu bya natiwo ya wena. Datha hinkwayo yi hlanganisiwa hi xihlovo-xikongomelo. Ha hi tivisi IP ya wena, lexi u xi endlaka, kumbe u ri na yini lexi u sivelaka lexo vukorhokeri - naswona ku kombisa ngopfu, na swivutiso.",
      
      "PRIVACY_PROTECTED_TITLE": "Ku Sirhelela Vukorhokeri",
      "PRIVACY_PROTECTED_DESCRIPTION": "I wena ntsena loyi a tivaka link ya vukorhokeri byo endla ni loyi u yi sivelaka. Loko u endla vukorhokeri, u nga yisa password kusuka u nga yi tsutsuma. Ku kuma na nkarhi wa muxaka wa phosho. Hambi swi nga ri na yini, vukorhokeri byi ta hoxiwa emva ka masiku ya 14.",
      
      "END_TO_END_ENCRYPTED_TITLE": "Ku na vukorhokeri hi xihlovo-xikongomelo",
      "END_TO_END_ENCRYPTED_DESCRIPTION": "Tincwadi hinkwato ni swiphiqo hinkwaswo swi hlanganisiwa hi xihlovo-xikongomelo, hi ku vula leswaku na hina a hi tivisi link ni swiphiqo. Link yihi ni yihi yi na ID ya kahle ya 36 leyi nga vukorhokeri byo nghena ku kumiwa Vukorhokeri Bya Xivumbeko ni swiphiqo swa swona leswi hlanganisiwaka hi AES-256.",
      
      "HOW_IT_WORKS_TITLE": "Ku na ku endla njhani?",
      "STEP_1_TITLE": "Tinya mesajeni ya wena ni/ kumbe endla password",
      "STEP_2_TITLE": "Endla Link ya Vukorhokeri",
      "STEP_3_TITLE": "Sivelana link",
      
      "COMPANY_LOGO_ALT": "Logo ya Khamphani",
      
      "SHARE_TITLE": "Sivelana mesajeni ya vukorhokeri",
      "SHARE_DESCRIPTION_PART_1": "Tinya ni sivelana mesajeni, swi ta",
      "SHARE_DESCRIPTION_PART_2": "hoxiwa loko swi tlhela swi hundzaka.",
      
      "SHARE_BULLET_1": "Loko swi nga riki na ndlela.",
      "SHARE_BULLET_2": "Ku Sirhelela Vukorhokeri",
      "SHARE_BULLET_3": "Ku hanya hi nkarhi wun’wana",
      
      "SHARE_ENCRYPTED_BY": "Ku na vukorhokeri, ku bolokaka ni ku sirhelela hi Stellar Security",
      
      "SHARE_TEXTAREA_PLACEHOLDER": "Tinya mesajeni ya Vukorhokeri, password kumbe natiwo ya nkoka *",
      "SHARE_OPTIONS": "Swivilelo",
      
      "SHARE_EMPTY": "Hlamusela hi ku va na",
      "SHARE_BUTTON": "Endla Link ya Vukorhokeri",
      
      "CREATED_TITLE": "Vukorhokeri bya wena byi endlisiwe",
      "CREATED_SUBTITLE": "Byi ta bonisiwa hi nkarhi wun’wana ntsena",
      
      "CREATED_TITLE_SHARE": "Kopa link kumbe sivelana na yona.",
      "CREATED_BUTTON": "KOPA",
      "CREATED_CREATE_SECRET": "Endla Vukorhokeri Vuntshwa",
      "CREATED_BURNSECRET": "Burn Secret",
      "URL_COPIED": "URL yi kopiwe.",
      "SHARE_BURNER_TIME": "Nkarhi wa vutomi",
      "SHARE_PASS_PHRASE": "Passphrase",
      "VIEW_SECRET": "Tiya Vukorhokeri"
    },
    "HOWITWORK": {
      "HEADER_TITLE": "Stellar Secret",
      "HOW_IT_WORKS": "Ndzi tivisa hi ndlela",
      "DOWNLOAD_APP": "Download App",
    
      "ONE_TIME_SECRET_MESSAGING_TITLE": "Minghambi ya Vutomi Bya Vutshembeki",
      "ONE_TIME_SECRET_MESSAGING_SUBTITLE": "Hlela vukorhokeri, naswona poof—va ha hera!",
    
      "ENCRYPTED_PROTECTED_BY": "Ku na vukorhokeri, ku bolokaka ni ku sirhelela hi Stellar Security",
      "WITHOUT_TRACE_TITLE": "Loko swi nga riki na ndlela",
      "WITHOUT_TRACE_DESCRIPTION": "Hi khutazela vukorhokeri lebyikulu bya natiwo ya wena. Datha hinkwayo yi hlanganisiwa hi xihlovo-xikongomelo. Ha hi tivisi IP ya wena, lexi u xi endlaka, kumbe u ri na yini lexi u sivelaka lexo vukorhokeri - na swivutiso.",
    
      "PRIVACY_PROTECTED_TITLE": "Ku Sirhelela Vukorhokeri",
      "PRIVACY_PROTECTED_DESCRIPTION": "I wena ntsena loyi a tivaka link ya vukorhokeri byo endla ni loyi u yi sivelaka. Loko u endla vukorhokeri, u nga yisa password kusuka u nga yi tsutsuma. Ku kuma na nkarhi wa muxaka wa phosho. Hambi swi nga ri na yini, vukorhokeri byi ta hoxiwa emva ka masiku ya 14.",
    
      "END_TO_END_ENCRYPTED_TITLE": "Ku na vukorhokeri hi xihlovo-xikongomelo",
      "END_TO_END_ENCRYPTED_DESCRIPTION": "Tincwadi hinkwato ni swiphiqo hinkwaswo swi hlanganisiwa hi xihlovo-xikongomelo, hi ku vula leswaku na hina a hi tivisi link ni swiphiqo. Link yihi ni yihi yi na ID ya kahle ya 36 leyi nga vukorhokeri byo nghena ku kumiwa Vukorhokeri Bya Xivumbeko ni swiphiqo swa swona leswi hlanganisiwaka hi AES-256.",
    
      "HOW_IT_WORKS_TITLE": "Ku na ku endla njani?",
      "STEP_1_TITLE": "Tinya mesajeni ya wena ni/ kumbe endla password",
      "STEP_2_TITLE": "Endla Link ya Vukorhokeri",
      "STEP_3_TITLE": "Sivelana link",
    
      "COMPANY_LOGO_ALT": "Logo ya Khamphani",
    
      "SHARE_TITLE": "Sivelana mesajeni ya vukorhokeri",
      "SHARE_DESCRIPTION_PART_1": "Tinya ni sivelana mesajeni, swi ta",
      "SHARE_DESCRIPTION_PART_2": "hoxiwa loko swi tlhela swi hundzaka.",
    
      "SHARE_BULLET_1": "Loko swi nga riki na ndlela.",
      "SHARE_BULLET_2": "Ku Sirhelela Vukorhokeri",
      "SHARE_BULLET_3": "Ku hanya hi nkarhi wun’wana",
    
      "SHARE_ENCRYPTED_BY": "Ku na vukorhokeri, ku bolokaka ni ku sirhelela hi Stellar Security",
    
      "SHARE_TEXTAREA_PLACEHOLDER": "Tinya mesajeni ya Vukorhokeri, password kumbe natiwo ya nkoka *",
      "SHARE_OPTIONS": "Swivilelo",
    
      "SHARE_EMPTY": "Hlamusela hi ku va na",
      "SHARE_BUTTON": "Endla Link ya Vukorhokeri",
    
      "CREATED_TITLE": "Vukorhokeri bya wena byi endlisiwe",
      "CREATED_SUBTITLE": "Byi ta bonisiwa hi nkarhi wun’wana ntsena",
    
      "CREATED_TITLE_SHARE": "Kopa link kumbe sivelana na yona.",
      "CREATED_BUTTON": "KOPA",
      "CREATED_CREATE_SECRET": "Endla Vukorhokeri Vuntshwa",
      "CREATED_BURNSECRET": "Burn Secret",
      "URL_COPIED": "URL yi kopiwe.",
    
      "VIEW_SECRET": "Tiya Vukorhokeri"
    },
    "CREATEDPAGE": {
      "CREATEDPAGE": "Stellar Secret",
      "HOW_IT_WORKS": "Ndzi tivisa hi ndlela",
      "DOWNLOAD_APP": "Download App",
      "CREATED_TITLE": "Vukorhokeri bya wena byi endlisiwe",
      "CREATED_SUBTITLE": "Byi ta bonisiwa hi nkarhi wun’wana kuphela",
      "CREATED_TITLE_SHARE": "Kopa link kumbe sivelana na yona.",
      "CREATED_BUTTON": "KOPA",
      "CREATED_CREATE_SECRET": "Endla Vukorhokeri Vuntshwa",
      "CREATED_BURNSECRET": "Burn Secret",
      "URL_COPIED": "URL yi kopiwe."
    },
    "CONFIRMATION": {
      "YOURE_GONNA_BURN_THIS_SECRET": "U ta tisa vukorhokeri leyi",
      "SECRET_UNAVAILABLE_TEXT": "A yi ta va kona hilaha ku nga ri na nkarhi",
      "BURN_FOREVER": "Tisa Njhani",
      "CANCEL": "Hlayisa"
    },
    "VIEW": {
      "LOGO_TEXT": "Stellar Secret",
      "HOW_IT_WORKS": "Ndzi tivisa hi ndlela",
      "DOWNLOAD_APP": "Download App",
      "WELCOME_MESSAGE": "Hi kona, u fumile mesajeni ya vukorhokeri!",
      "INSTRUCTION": "Tinya ni sivelana mesajeni, swi ta hoxiwa loko swi humelela.",
      "SHOW_MESSAGE_ONCE": "Mesajeni leyi yi ta bonisiwa <strong>hi nkarhi wun’wana</strong>",
      "OPEN_SECRET_MESSAGE": "Vula Vukorhokeri",
      "INPUT_PASSPHRASE": "Tinya Passphrase",
      "PASS_PHRASE_PLACEHOLDER": "Passphrase",
      "OPEN_SECRET_BUTTON": "Vula Vukorhokeri",
      "YOUR_SECRET_MESSAGE": "Mesajeni ya Vukorhokeri Bya Wena",
      "COPY": "Kopa",
      "MESSAGE_LABEL": "Mesajeni",
      "REPLY": "Vuyisa",
      "DOWNLOAD_MESSAGE": "Download Stellar Secret eka mobile, endla mesajeni ya wena ya vukorhokeri",
      "WITHOUT_TRACE": "Loko swi nga riki na ndlela.",
      "PRIVACY_PROTECTED": "Ku Sirhelela Vukorhokeri",
      "ONE_TIME_VIEWABLE": "Ku hanya hi nkarhi wun’wana",
      "SECURITY_TEXT": "Ku na vukorhokeri, ku bolokaka ni ku sirhelela hi ",
      "SECURITY_TEXT2": "Stellar Security"
    }
  }
  