{
    "HOME": {
      "HEADER_TITLE": "Stellar Secret",
      "HOW_IT_WORKS": "Ничек эшли",
      "DOWNLOAD_APP": "Приложение йөклә",
      
      "ONE_TIME_SECRET_MESSAGING_TITLE": "Бер тапкыр серле хәбәрләр",
      "ONE_TIME_SECRET_MESSAGING_SUBTITLE": "Серләрне бүлешегез, һәм шуннан соң алар юк була!",
      
      "ENCRYPTED_PROTECTED_BY": "Шифрланган, сакланган һәм Stellar Security тарафыннан сакланган",
      "WITHOUT_TRACE_TITLE": "Эзсез",
      "WITHOUT_TRACE_DESCRIPTION": "Сезнең сизгер мәгълүматларыгызның көчле саклануын тәэмин итәбез. Барлык мәгълүматлар клиент ягыннан шифрланган. Без сезнең IP адресыгызны, нәрсә бүлешкәнегезне яки серле сылтамаларны кем белән бүлешкәнегезне белмибез - һәм иң мөһиме, контентны белмибез.",
      
      "PRIVACY_PROTECTED_TITLE": "Шәхси мәгълүматлар сакланган",
      "PRIVACY_PROTECTED_DESCRIPTION": "Сез генә сез ясаган серле мәгълүматның сылтамасын һәм кем белән бүлешүегезне беләсез. Сер ясаганда, аны ачу өчен пароль өстәргә мөмкин. Шулай ук, бетерү вакыты билгеләү мөмкинлеге бар. Нәрсә генә булмасын, сер 14 көннән соң бетереләчәк.",
      
      "END_TO_END_ENCRYPTED_TITLE": "Баштан ахырга кадәр шифрланган",
      "END_TO_END_ENCRYPTED_DESCRIPTION": "Барлык сылтамалар һәм контент клиент ягыннан хэшланган, ягъни хәтта без сылтама һәм контентны белмибез. Һәр сылтаманың 36 озынлыктагы уникаль идентификаторы бар, бу серле хәбәрне һәм AES-256 белән шифрланган контентны алу өчен бер юнәлешле шифрлау.",
      
      "HOW_IT_WORKS_TITLE": "Ничек эшли?",
      "STEP_1_TITLE": "Хәбәрегезне языгыз һәм/яки пароль генерациялагыз",
      "STEP_2_TITLE": "Серле сылтама ясагыз",
      "STEP_3_TITLE": "Сылтаманы бүлешегез",
      
      "COMPANY_LOGO_ALT": "Компания логотибы",
      
      "SHARE_TITLE": "Серле хәбәр бүлешегез",
      "SHARE_DESCRIPTION_PART_1": "Хәбәр языгыз һәм җибәрегез, ул",
      "SHARE_DESCRIPTION_PART_2": "укылганнан соң бетереләчәк.",
      
      "SHARE_BULLET_1": "Эзсез.",
      "SHARE_BULLET_2": "Шәхси мәгълүматлар сакланган",
      "SHARE_BULLET_3": "Бер тапкыр карау мөмкинлеге",
      
      "SHARE_ENCRYPTED_BY": "Шифрланган, сакланган һәм Stellar Security тарафыннан сакланган",
      
      "SHARE_TEXTAREA_PLACEHOLDER": "Серле хәбәрегезне, парольне яки сизгер мәгълүматны языгыз *",
      "SHARE_OPTIONS": "Опцияләр",
      
      "SHARE_EMPTY": "Юкка калдыру өчен буш калдырыгыз.",
      "SHARE_BUTTON": "Серле сылтама ясау",
      
      "CREATED_TITLE": "Сезнең сер ясалды",
      "CREATED_SUBTITLE": "Ул бер тапкыр гына күрсәтеләчәк",
      
      "CREATED_TITLE_SHARE": "Сылтаманы күчерегез яки бүлешегез.",
      "CREATED_BUTTON": "КОПИ",
      "CREATED_CREATE_SECRET": "Яңа сер ясагыз",
      "CREATED_BURNSECRET": "Серне бетерегез",
      "URL_COPIED": "URL күчерелде.",
      "SHARE_BURNER_TIME": "Гомер дәвамында",
      "SHARE_PASS_PHRASE": "Пароль",
      "VIEW_SECRET": "Серне карау"
    },
    "HOWITWORK": {
      "HEADER_TITLE": "Stellar Secret",
      "HOW_IT_WORKS": "Ничек эшли",
      "DOWNLOAD_APP": "Приложение йөклә",
      
      "ONE_TIME_SECRET_MESSAGING_TITLE": "Бер тапкыр серле хәбәрләр",
      "ONE_TIME_SECRET_MESSAGING_SUBTITLE": "Серләрне бүлешегез, һәм шуннан соң алар юк була!",
      
      "ENCRYPTED_PROTECTED_BY": "Шифрланган, сакланган һәм Stellar Security тарафыннан сакланган",
      "WITHOUT_TRACE_TITLE": "Эзсез",
      "WITHOUT_TRACE_DESCRIPTION": "Сезнең сизгер мәгълүматларыгызның көчле саклануын тәэмин итәбез. Барлык мәгълүматлар клиент ягыннан шифрланган. Без сезнең IP адресыгызны, нәрсә бүлешкәнегезне яки серле сылтамаларны кем белән бүлешкәнегезне белмибез - һәм иң мөһиме, контентны белмибез.",
      
      "PRIVACY_PROTECTED_TITLE": "Шәхси мәгълүматлар сакланган",
      "PRIVACY_PROTECTED_DESCRIPTION": "Сез генә сез ясаган серле мәгълүматның сылтамасын һәм кем белән бүлешүегезне беләсез. Сер ясаганда, аны ачу өчен пароль өстәргә мөмкин. Шулай ук, бетерү вакыты билгеләү мөмкинлеге бар. Нәрсә генә булмасын, сер 14 көннән соң бетереләчәк.",
      
      "END_TO_END_ENCRYPTED_TITLE": "Баштан ахырга кадәр шифрланган",
      "END_TO_END_ENCRYPTED_DESCRIPTION": "Барлык сылтамалар һәм контент клиент ягыннан хэшланган, ягъни хәтта без сылтама һәм контентны белмибез. Һәр сылтаманың 36 озынлыктагы уникаль идентификаторы бар, бу серле хәбәрне һәм AES-256 белән шифрланган контентны алу өчен бер юнәлешле шифрлау.",
      
      "HOW_IT_WORKS_TITLE": "Ничек эшли?",
      "STEP_1_TITLE": "Хәбәрегезне языгыз һәм/яки пароль генерациялагыз",
      "STEP_2_TITLE": "Серле сылтама ясагыз",
      "STEP_3_TITLE": "Сылтаманы бүлешегез",
      
      "COMPANY_LOGO_ALT": "Компания логотибы",
      
      "SHARE_TITLE": "Серле хәбәр бүлешегез",
      "SHARE_DESCRIPTION_PART_1": "Хәбәр языгыз һәм җибәрегез, ул",
      "SHARE_DESCRIPTION_PART_2": "укылганнан соң бетереләчәк.",
      
      "SHARE_BULLET_1": "Эзсез.",
      "SHARE_BULLET_2": "Шәхси мәгълүматлар сакланган",
      "SHARE_BULLET_3": "Бер тапкыр карау мөмкинлеге",
      
      "SHARE_ENCRYPTED_BY": "Шифрланган, сакланган һәм Stellar Security тарафыннан сакланган",
      
      "SHARE_TEXTAREA_PLACEHOLDER": "Серле хәбәрегезне, парольне яки сизгер мәгълүматны языгыз *",
      "SHARE_OPTIONS": "Опцияләр",
      
      "SHARE_EMPTY": "Юкка калдыру өчен буш калдырыгыз.",
      "SHARE_BUTTON": "Серле сылтама ясау",
      
      "CREATED_TITLE": "Сезнең сер ясалды",
      "CREATED_SUBTITLE": "Ул бер тапкыр гына күрсәтеләчәк",
      
      "CREATED_TITLE_SHARE": "Сылтаманы күчерегез яки бүлешегез.",
      "CREATED_BUTTON": "КОПИ",
      "CREATED_CREATE_SECRET": "Яңа сер ясагыз",
      "CREATED_BURNSECRET": "Серне бетерегез",
      "URL_COPIED": "URL күчерелде.",
      
      "VIEW_SECRET": "Серне карау"
    },
    "CREATEDPAGE": {
      "CREATEDPAGE": "Stellar Secret",
      "HOW_IT_WORKS": "Ничек эшли",
      "DOWNLOAD_APP": "Приложение йөклә",
      "CREATED_TITLE": "Сезнең сер ясалды",
      "CREATED_SUBTITLE": "Ул бер тапкыр гына күрсәтеләчәк",
      "CREATED_TITLE_SHARE": "Сылтаманы күчерегез яки бүлешегез.",
      "CREATED_BUTTON": "КОПИ",
      "CREATED_CREATE_SECRET": "Яңа сер ясагыз",
      "CREATED_BURNSECRET": "Серне бетерегез",
      "URL_COPIED": "URL күчерелде."
    },
    "CONFIRMATION": {
      "YOURE_GONNA_BURN_THIS_SECRET": "Сез бу серне бетерәчәксез",
      "SECRET_UNAVAILABLE_TEXT": "Ул тагын да доступлы булмаячак",
      "BURN_FOREVER": "Гомер дәвамында бетерү",
      "CANCEL": "Бас тарту"
    },
    "VIEW": {
      "LOGO_TEXT": "Stellar Secret",
      "HOW_IT_WORKS": "Ничек эшли",
      "DOWNLOAD_APP": "Приложение йөклә",
      "WELCOME_MESSAGE": "Исәнмесез, сез серле хәбәр алдыгыз!",
      "INSTRUCTION": "Хәбәр языгыз һәм җибәрегез, ул укылганнан соң бетереләчәк.",
      "SHOW_MESSAGE_ONCE": "Түбәндәге хәбәр <strong>бер тапкыр гына</strong> күрсәтеләчәк",
      "OPEN_SECRET_MESSAGE": "Серле хәбәрне ачыгыз",
      "INPUT_PASSPHRASE": "Парольне кертегез",
      "PASS_PHRASE_PLACEHOLDER": "Пароль",
      "OPEN_SECRET_BUTTON": "Серле хәбәрне ачыгыз",
      "YOUR_SECRET_MESSAGE": "Сезнең серле хәбәрегез",
      "COPY": "Күчерү",
      "MESSAGE_LABEL": "Хәбәр",
      "REPLY": "Яңадан җавап бирү",
      "DOWNLOAD_MESSAGE": "Stellar Secret мобильдә йөкләгез, серле хәбәрләр ясагыз",
      "WITHOUT_TRACE": "Эзсез.",
      "PRIVACY_PROTECTED": "Шәхси мәгълүматлар сакланган",
      "ONE_TIME_VIEWABLE": "Бер тапкыр карау мөмкинлеге",
      "SECURITY_TEXT": "Шифрланган, сакланган һәм ",
      "SECURITY_TEXT2": "Stellar Security тарафыннан сакланган"
    }
  }
  