{
    "HOME": {
      "HEADER_TITLE": "Таємний Зоряний",
      "HOW_IT_WORKS": "Як це працює",
      "DOWNLOAD_APP": "Завантажити додаток",
      
      "ONE_TIME_SECRET_MESSAGING_TITLE": "Одноразове таємне повідомлення",
      "ONE_TIME_SECRET_MESSAGING_SUBTITLE": "Поділіться таємницями, і вони зникнуть!",
      
      "ENCRYPTED_PROTECTED_BY": "Шифровано, захищено і забезпечено Зоряною Безпекою",
      "WITHOUT_TRACE_TITLE": "Без слідів",
      "WITHOUT_TRACE_DESCRIPTION": "Ми забезпечуємо надійний захист вашої чутливої інформації. Всі дані шифруються на стороні клієнта. Ми не знаємо вашу IP-адресу, що ви ділитеся чи з ким ви ділитеся таємними посиланнями - і найголовніше, зміст.",
      
      "PRIVACY_PROTECTED_TITLE": "Приватність захищена",
      "PRIVACY_PROTECTED_DESCRIPTION": "Ви єдині, хто знає посилання на таємну інформацію, яку ви створили, і з ким ви її ділитеся. При створенні таємниці ви можете додати пароль, перш ніж її можна буде розблокувати. Також можливо встановити час самознищення. У будь-якому випадку, таємниця буде видалена через 14 днів.",
      
      "END_TO_END_ENCRYPTED_TITLE": "Шифрування від кінця до кінця",
      "END_TO_END_ENCRYPTED_DESCRIPTION": "Всі посилання та вміст хешуються на стороні клієнта, тобто навіть ми не знаємо посилання та вміст. Кожне посилання має унікальний ідентифікатор довжиною 36, який є одностороннім шифруванням для доступу до Таємного Повідомлення та його вмісту, зашифрованого за допомогою AES-256.",
      
      "HOW_IT_WORKS_TITLE": "Як це працює?",
      "STEP_1_TITLE": "Напишіть ваше повідомлення і/або створіть пароль",
      "STEP_2_TITLE": "Створіть таємне посилання",
      "STEP_3_TITLE": "Поділіться посиланням",
      
      "COMPANY_LOGO_ALT": "Логотип компанії",
      
      "SHARE_TITLE": "Поділіться таємним повідомленням",
      "SHARE_DESCRIPTION_PART_1": "Напишіть і відправте повідомлення, воно буде",
      "SHARE_DESCRIPTION_PART_2": "видалене після прочитання.",
      
      "SHARE_BULLET_1": "Без слідів.",
      "SHARE_BULLET_2": "Приватність захищена",
      "SHARE_BULLET_3": "Одноразовий перегляд",
      
      "SHARE_ENCRYPTED_BY": "Шифровано, захищено і забезпечено Зоряною Безпекою",
      
      "SHARE_TEXTAREA_PLACEHOLDER": "Напишіть ваше таємне повідомлення, пароль або чутливу інформацію *",
      "SHARE_OPTIONS": "Опції",
      
      "SHARE_EMPTY": "Залиште порожнім, якщо не потрібно.",
      "SHARE_BUTTON": "Створити таємне посилання",
      
      "CREATED_TITLE": "Ваша таємниця була створена",
      "CREATED_SUBTITLE": "Вона буде показана тільки один раз",
      
      "CREATED_TITLE_SHARE": "Скопіюйте посилання або поділіться ним.",
      "CREATED_BUTTON": "СКОПІЮВАТИ",
      "CREATED_CREATE_SECRET": "Створити нову таємницю",
      "CREATED_BURNSECRET": "Знищити таємницю",
      "URL_COPIED": "URL-адреса скопійована.",
      "SHARE_BURNER_TIME": "Час життя",
      "SHARE_PASS_PHRASE": "Парольна фраза",
      "VIEW_SECRET": "Переглянути таємницю"
    },
    "HOWITWORK": {
      "HEADER_TITLE": "Таємний Зоряний",
      "HOW_IT_WORKS": "Як це працює",
      "DOWNLOAD_APP": "Завантажити додаток",
      
      "ONE_TIME_SECRET_MESSAGING_TITLE": "Одноразове таємне повідомлення",
      "ONE_TIME_SECRET_MESSAGING_SUBTITLE": "Поділіться таємницями, і вони зникнуть!",
      
      "ENCRYPTED_PROTECTED_BY": "Шифровано, захищено і забезпечено Зоряною Безпекою",
      "WITHOUT_TRACE_TITLE": "Без слідів",
      "WITHOUT_TRACE_DESCRIPTION": "Ми забезпечуємо надійний захист вашої чутливої інформації. Всі дані шифруються на стороні клієнта. Ми не знаємо вашу IP-адресу, що ви ділитеся чи з ким ви ділитеся таємними посиланнями - і найголовніше, зміст.",
      
      "PRIVACY_PROTECTED_TITLE": "Приватність захищена",
      "PRIVACY_PROTECTED_DESCRIPTION": "Ви єдині, хто знає посилання на таємну інформацію, яку ви створили, і з ким ви її ділитеся. При створенні таємниці ви можете додати пароль, перш ніж її можна буде розблокувати. Також можливо встановити час самознищення. У будь-якому випадку, таємниця буде видалена через 14 днів.",
      
      "END_TO_END_ENCRYPTED_TITLE": "Шифрування від кінця до кінця",
      "END_TO_END_ENCRYPTED_DESCRIPTION": "Всі посилання та вміст хешуються на стороні клієнта, тобто навіть ми не знаємо посилання та вміст. Кожне посилання має унікальний ідентифікатор довжиною 36, який є одностороннім шифруванням для доступу до Таємного Повідомлення та його вмісту, зашифрованого за допомогою AES-256.",
      
      "HOW_IT_WORKS_TITLE": "Як це працює?",
      "STEP_1_TITLE": "Напишіть ваше повідомлення і/або створіть пароль",
      "STEP_2_TITLE": "Створіть таємне посилання",
      "STEP_3_TITLE": "Поділіться посиланням",
      
      "COMPANY_LOGO_ALT": "Логотип компанії",
      
      "SHARE_TITLE": "Поділіться таємним повідомленням",
      "SHARE_DESCRIPTION_PART_1": "Напишіть і відправте повідомлення, воно буде",
      "SHARE_DESCRIPTION_PART_2": "видалене після прочитання.",
      
      "SHARE_BULLET_1": "Без слідів.",
      "SHARE_BULLET_2": "Приватність захищена",
      "SHARE_BULLET_3": "Одноразовий перегляд",
      
      "SHARE_ENCRYPTED_BY": "Шифровано, захищено і забезпечено Зоряною Безпекою",
      
      "SHARE_TEXTAREA_PLACEHOLDER": "Напишіть ваше таємне повідомлення, пароль або чутливу інформацію *",
      "SHARE_OPTIONS": "Опції",
      
      "SHARE_EMPTY": "Залиште порожнім, якщо не потрібно.",
      "SHARE_BUTTON": "Створити таємне посилання",
      
      "CREATED_TITLE": "Ваша таємниця була створена",
      "CREATED_SUBTITLE": "Вона буде показана тільки один раз",
      
      "CREATED_TITLE_SHARE": "Скопіюйте посилання або поділіться ним.",
      "CREATED_BUTTON": "СКОПІЮВАТИ",
      "CREATED_CREATE_SECRET": "Створити нову таємницю",
      "CREATED_BURNSECRET": "Знищити таємницю",
      "URL_COPIED": "URL-адреса скопійована.",
      
      "VIEW_SECRET": "Переглянути таємницю"
    },
    "CREATEDPAGE": {
      "CREATEDPAGE": "Таємний Зоряний",
      "HOW_IT_WORKS": "Як це працює",
      "DOWNLOAD_APP": "Завантажити додаток",
      "CREATED_TITLE": "Ваша таємниця була створена",
      "CREATED_SUBTITLE": "Вона буде показана тільки один раз",
      "CREATED_TITLE_SHARE": "Скопіюйте посилання або поділіться ним.",
      "CREATED_BUTTON": "СКОПІЮВАТИ",
      "CREATED_CREATE_SECRET": "Створити нову таємницю",
      "CREATED_BURNSECRET": "Знищити таємницю",
      "URL_COPIED": "URL-адреса скопійована."
    },
    "CONFIRMATION": {
      "YOURE_GONNA_BURN_THIS_SECRET": "Ви збираєтеся знищити цю таємницю",
      "SECRET_UNAVAILABLE_TEXT": "Вона більше не буде доступна",
      "BURN_FOREVER": "Знищити назавжди",
      "CANCEL": "Скасувати"
    },
    "VIEW": {
      "LOGO_TEXT": "Таємний Зоряний",
      "HOW_IT_WORKS": "Як це працює",
      "DOWNLOAD_APP": "Завантажити додаток",
      "WELCOME_MESSAGE": "Привіт, ви отримали таємне повідомлення!",
      "INSTRUCTION": "Напишіть і відправте повідомлення, воно буде видалене після прочитання.",
      "SHOW_MESSAGE_ONCE": "Наступне повідомлення буде показане <strong>тільки один раз</strong>",
      "OPEN_SECRET_MESSAGE": "Відкрити таємне повідомлення",
      "INPUT_PASSPHRASE": "Введіть парольну фразу",
      "PASS_PHRASE_PLACEHOLDER": "Парольна фраза",
      "OPEN_SECRET_BUTTON": "Відкрити таємне повідомлення",
      "YOUR_SECRET_MESSAGE": "Ваше таємне повідомлення",
      "COPY": "Скопіювати",
      "MESSAGE_LABEL": "Повідомлення",
      "REPLY": "Відповісти",
      "DOWNLOAD_MESSAGE": "Завантажте Таємний Зоряний на мобільний телефон, створюйте свої таємні повідомлення",
      "WITHOUT_TRACE": "Без слідів.",
      "PRIVACY_PROTECTED": "Приватність захищена",
      "ONE_TIME_VIEWABLE": "Одноразовий перегляд",
      "SECURITY_TEXT": "Шифровано, захищено і забезпечено ",
      "SECURITY_TEXT2": "Зоряною Безпекою"
    }
  }
  