{
    "HOME": {
      "HEADER_TITLE": "اسٹیلر سیکریٹ",
      "HOW_IT_WORKS": "یہ کیسے کام کرتا ہے",
      "DOWNLOAD_APP": "ایپ ڈاؤن لوڈ کریں",
      
      "ONE_TIME_SECRET_MESSAGING_TITLE": "ایک بار کا خفیہ پیغام رسانی",
      "ONE_TIME_SECRET_MESSAGING_SUBTITLE": "راز شیئر کریں، اور چمک گئے—وہ ختم ہو گئے!",
      
      "ENCRYPTED_PROTECTED_BY": "انکرپٹڈ، محفوظ اور اسٹیلر سیکیورٹی کے ذریعہ محفوظ",
      "WITHOUT_TRACE_TITLE": "بغیر کسی نشان کے",
      "WITHOUT_TRACE_DESCRIPTION": "ہم آپ کی حساس معلومات کی مضبوط حفاظت کو یقینی بناتے ہیں۔ تمام ڈیٹا کلائنٹ سائیڈ پر انکرپٹ کیا جاتا ہے۔ ہم آپ کا IP ایڈریس، آپ کیا شیئر کرتے ہیں، یا آپ خفیہ لنکس کس کے ساتھ شیئر کرتے ہیں - اور سب سے اہم، مواد نہیں جانتے۔",
      
      "PRIVACY_PROTECTED_TITLE": "پرائیویسی محفوظ ہے",
      "PRIVACY_PROTECTED_DESCRIPTION": "آپ ہی واحد ہیں جو جانتے ہیں کہ آپ نے جو خفیہ معلومات بنائی ہے اس کا لنک کیا ہے اور آپ اسے کس کے ساتھ شیئر کرتے ہیں۔ خفیہ بناتے وقت، آپ پاس ورڈ شامل کر سکتے ہیں تاکہ اسے کھولا جا سکے۔ آپ برنر وقت بھی سیٹ کر سکتے ہیں۔ کوئی فرق نہیں پڑتا، ایک خفیہ 14 دن بعد حذف ہو جائے گا۔",
      
      "END_TO_END_ENCRYPTED_TITLE": "آخر سے آخر تک انکرپٹڈ",
      "END_TO_END_ENCRYPTED_DESCRIPTION": "تمام لنکس اور مواد کلائنٹ سائیڈ پر ہیش کیے گئے ہیں، جس کا مطلب ہے کہ یہاں تک کہ ہم لنک اور مواد نہیں جانتے۔ ہر لنک کا ایک منفرد ID ہوتا ہے جو 36 لمبا ہوتا ہے جو ایک طرفہ انکرپشن ہے تاکہ خفیہ پیغام اور اس کے مواد کو AES-256 کے ساتھ انکرپٹ کیا جا سکے۔",
      
      "HOW_IT_WORKS_TITLE": "یہ کیسے کام کرتا ہے؟",
      "STEP_1_TITLE": "اپنا پیغام لکھیں اور/یا پاس ورڈ بنائیں",
      "STEP_2_TITLE": "خفیہ لنک بنائیں",
      "STEP_3_TITLE": "لنک شیئر کریں",
      
      "COMPANY_LOGO_ALT": "کمپنی کا لوگو",
      
      "SHARE_TITLE": "خفیہ پیغام شیئر کریں",
      "SHARE_DESCRIPTION_PART_1": "پیغام لکھیں اور بھیجیں، یہ",
      "SHARE_DESCRIPTION_PART_2": "پڑھنے کے بعد حذف ہو جائے گا۔",
      
      "SHARE_BULLET_1": "بغیر کسی نشان کے۔",
      "SHARE_BULLET_2": "پرائیویسی محفوظ",
      "SHARE_BULLET_3": "ایک بار قابلِ دیکھنے",
      
      "SHARE_ENCRYPTED_BY": "انکرپٹڈ، محفوظ اور اسٹیلر سیکیورٹی کے ذریعہ محفوظ",
      
      "SHARE_TEXTAREA_PLACEHOLDER": "اپنا خفیہ پیغام، پاس ورڈ یا حساس معلومات لکھیں *",
      "SHARE_OPTIONS": "اختیارات",
      
      "SHARE_EMPTY": "خالی چھوڑ دیں تو کوئی نہیں۔",
      "SHARE_BUTTON": "خفیہ لنک بنائیں",
      
      "CREATED_TITLE": "آپ کا خفیہ بنایا گیا",
      "CREATED_SUBTITLE": "یہ صرف ایک بار دکھایا جائے گا",
      
      "CREATED_TITLE_SHARE": "لنک کاپی کریں یا شیئر کریں۔",
      "CREATED_BUTTON": "کاپی کریں",
      "CREATED_CREATE_SECRET": "نیا خفیہ بنائیں",
      "CREATED_BURNSECRET": "خفیہ جلا دیں",
      "URL_COPIED": "URL کاپی کر لیا گیا ہے۔",
      "SHARE_BURNER_TIME":"زندگی بھر",
      "SHARE_PASS_PHRASE":"پاسفریز",
      "VIEW_SECRET": "خفیہ دیکھیں"
    },
    "HOWITWORK": {
      "HEADER_TITLE": "اسٹیلر سیکریٹ",
      "HOW_IT_WORKS": "یہ کیسے کام کرتا ہے",
      "DOWNLOAD_APP": "ایپ ڈاؤن لوڈ کریں",
      
      "ONE_TIME_SECRET_MESSAGING_TITLE": "ایک بار کا خفیہ پیغام رسانی",
      "ONE_TIME_SECRET_MESSAGING_SUBTITLE": "راز شیئر کریں، اور چمک گئے—وہ ختم ہو گئے!",
      
      "ENCRYPTED_PROTECTED_BY": "انکرپٹڈ، محفوظ اور اسٹیلر سیکیورٹی کے ذریعہ محفوظ",
      "WITHOUT_TRACE_TITLE": "بغیر کسی نشان کے",
      "WITHOUT_TRACE_DESCRIPTION": "ہم آپ کی حساس معلومات کی مضبوط حفاظت کو یقینی بناتے ہیں۔ تمام ڈیٹا کلائنٹ سائیڈ پر انکرپٹ کیا جاتا ہے۔ ہم آپ کا IP ایڈریس، آپ کیا شیئر کرتے ہیں، یا آپ خفیہ لنکس کس کے ساتھ شیئر کرتے ہیں - اور سب سے اہم، مواد نہیں جانتے۔",
      
      "PRIVACY_PROTECTED_TITLE": "پرائیویسی محفوظ ہے",
      "PRIVACY_PROTECTED_DESCRIPTION": "آپ ہی واحد ہیں جو جانتے ہیں کہ آپ نے جو خفیہ معلومات بنائی ہے اس کا لنک کیا ہے اور آپ اسے کس کے ساتھ شیئر کرتے ہیں۔ خفیہ بناتے وقت، آپ پاس ورڈ شامل کر سکتے ہیں تاکہ اسے کھولا جا سکے۔ آپ برنر وقت بھی سیٹ کر سکتے ہیں۔ کوئی فرق نہیں پڑتا، ایک خفیہ 14 دن بعد حذف ہو جائے گا۔",
      
      "END_TO_END_ENCRYPTED_TITLE": "آخر سے آخر تک انکرپٹڈ",
      "END_TO_END_ENCRYPTED_DESCRIPTION": "تمام لنکس اور مواد کلائنٹ سائیڈ پر ہیش کیے گئے ہیں، جس کا مطلب ہے کہ یہاں تک کہ ہم لنک اور مواد نہیں جانتے۔ ہر لنک کا ایک منفرد ID ہوتا ہے جو 36 لمبا ہوتا ہے جو ایک طرفہ انکرپشن ہے تاکہ خفیہ پیغام اور اس کے مواد کو AES-256 کے ساتھ انکرپٹ کیا جا سکے۔",
      
      "HOW_IT_WORKS_TITLE": "یہ کیسے کام کرتا ہے؟",
      "STEP_1_TITLE": "اپنا پیغام لکھیں اور/یا پاس ورڈ بنائیں",
      "STEP_2_TITLE": "خفیہ لنک بنائیں",
      "STEP_3_TITLE": "لنک شیئر کریں",
      
      "COMPANY_LOGO_ALT": "کمپنی کا لوگو",
      
      "SHARE_TITLE": "خفیہ پیغام شیئر کریں",
      "SHARE_DESCRIPTION_PART_1": "پیغام لکھیں اور بھیجیں، یہ",
      "SHARE_DESCRIPTION_PART_2": "پڑھنے کے بعد حذف ہو جائے گا۔",
      
      "SHARE_BULLET_1": "بغیر کسی نشان کے۔",
      "SHARE_BULLET_2": "پرائیویسی محفوظ",
      "SHARE_BULLET_3": "ایک بار قابلِ دیکھنے",
      
      "SHARE_ENCRYPTED_BY": "انکرپٹڈ، محفوظ اور اسٹیلر سیکیورٹی کے ذریعہ محفوظ",
      
      "SHARE_TEXTAREA_PLACEHOLDER": "اپنا خفیہ پیغام، پاس ورڈ یا حساس معلومات لکھیں *",
      "SHARE_OPTIONS": "اختیارات",
      
      "SHARE_EMPTY": "خالی چھوڑ دیں تو کوئی نہیں۔",
      "SHARE_BUTTON": "خفیہ لنک بنائیں",
      
      "CREATED_TITLE": "آپ کا خفیہ بنایا گیا",
      "CREATED_SUBTITLE": "یہ صرف ایک بار دکھایا جائے گا",
      
      "CREATED_TITLE_SHARE": "لنک کاپی کریں یا شیئر کریں۔",
      "CREATED_BUTTON": "کاپی کریں",
      "CREATED_CREATE_SECRET": "نیا خفیہ بنائیں",
      "CREATED_BURNSECRET": "خفیہ جلا دیں",
      "URL_COPIED": "URL کاپی کر لیا گیا ہے۔",
      
      "VIEW_SECRET": "خفیہ دیکھیں"
    },
    "CREATEDPAGE": {
      "CREATEDPAGE": "اسٹیلر سیکریٹ",
      "HOW_IT_WORKS": "یہ کیسے کام کرتا ہے",
      "DOWNLOAD_APP": "ایپ ڈاؤن لوڈ کریں",
      "CREATED_TITLE": "آپ کا خفیہ بنایا گیا",
      "CREATED_SUBTITLE": "یہ صرف ایک بار دکھایا جائے گا",
      "CREATED_TITLE_SHARE": "لنک کاپی کریں یا شیئر کریں۔",
      "CREATED_BUTTON": "کاپی کریں",
      "CREATED_CREATE_SECRET": "نیا خفیہ بنائیں",
      "CREATED_BURNSECRET": "خفیہ جلا دیں",
      "URL_COPIED": "URL کاپی کر لیا گیا ہے۔"
    },
    "CONFIRMATION": {
      "YOURE_GONNA_BURN_THIS_SECRET": "آپ اس خفیہ کو جلا دیں گے",
      "SECRET_UNAVAILABLE_TEXT": "یہ اب دستیاب نہیں رہے گا",
      "BURN_FOREVER": "ہمیشہ کے لیے جلا دیں",
      "CANCEL": "منسوخ کریں"
    },
    "VIEW": {
      "LOGO_TEXT": "اسٹیلر سیکریٹ",
      "HOW_IT_WORKS": "یہ کیسے کام کرتا ہے",
      "DOWNLOAD_APP": "ایپ ڈاؤن لوڈ کریں",
      "WELCOME_MESSAGE": "ہیلو، آپ کو ایک خفیہ پیغام ملا!",
      "INSTRUCTION": "پیغام لکھیں اور بھیجیں، یہ پڑھنے کے بعد حذف ہو جائے گا۔",
      "SHOW_MESSAGE_ONCE": "درج ذیل پیغام صرف <strong>ایک بار</strong> دکھایا جائے گا",
      "OPEN_SECRET_MESSAGE": "خفیہ پیغام کھولیں",
      "INPUT_PASSPHRASE": "پاسفریز درج کریں",
      "PASS_PHRASE_PLACEHOLDER": "پاسفریز",
      "OPEN_SECRET_BUTTON": "خفیہ پیغام کھولیں",
      "YOUR_SECRET_MESSAGE": "آپ کا خفیہ پیغام",
      "COPY": "کاپی کریں",
      "MESSAGE_LABEL": "پیغام",
      "REPLY": "جواب دیں",
      "DOWNLOAD_MESSAGE": "اسٹیلر سیکریٹ موبائل پر ڈاؤن لوڈ کریں، اپنے خفیہ پیغامات بنائیں",
      "WITHOUT_TRACE": "بغیر کسی نشان کے۔",
      "PRIVACY_PROTECTED": "پرائیویسی محفوظ",
      "ONE_TIME_VIEWABLE": "ایک بار قابلِ دیکھنے",
      "SECURITY_TEXT": "انکرپٹڈ، محفوظ اور",
      "SECURITY_TEXT2": "اسٹیلر سیکیورٹی کے ذریعہ"
    }
  }
  