{
    "HOME": {
      "HEADER_TITLE": "Bí Mật Stellar",
      "HOW_IT_WORKS": "Cách hoạt động",
      "DOWNLOAD_APP": "Tải ứng dụng",
      
      "ONE_TIME_SECRET_MESSAGING_TITLE": "Tin nhắn Bí mật Một lần",
      "ONE_TIME_SECRET_MESSAGING_SUBTITLE": "Chia sẻ bí mật và biến mất ngay lập tức!",
      
      "ENCRYPTED_PROTECTED_BY": "Được mã hóa, bảo mật và bảo vệ bởi Stellar Security",
      "WITHOUT_TRACE_TITLE": "Không dấu vết",
      "WITHOUT_TRACE_DESCRIPTION": "Chúng tôi đảm bảo bảo vệ mạnh mẽ thông tin nhạy cảm của bạn. Tất cả dữ liệu được mã hóa phía máy khách. Chúng tôi không biết địa chỉ IP của bạn, những gì bạn chia sẻ, hoặc bạn chia sẻ liên kết bí mật với ai - và quan trọng nhất, nội dung.",
      
      "PRIVACY_PROTECTED_TITLE": "Bảo vệ quyền riêng tư",
      "PRIVACY_PROTECTED_DESCRIPTION": "Bạn là người duy nhất biết liên kết đến thông tin bí mật mà bạn tạo ra và bạn chia sẻ nó với ai. Khi tạo một bí mật, bạn có thể thêm một mật khẩu trước khi nó có thể được mở khóa. Ngoài ra, có thể thiết lập thời gian hủy. Dù thế nào đi nữa, một bí mật sẽ bị xóa sau 14 ngày.",
      
      "END_TO_END_ENCRYPTED_TITLE": "Mã hóa đầu cuối",
      "END_TO_END_ENCRYPTED_DESCRIPTION": "Tất cả liên kết và nội dung được băm phía máy khách, có nghĩa là ngay cả chúng tôi cũng không biết liên kết và nội dung. Mỗi liên kết có một ID duy nhất dài 36 ký tự là mã hóa một chiều để có thể truy cập Tin nhắn Bí mật và nội dung của nó được mã hóa bằng AES-256.",
      
      "HOW_IT_WORKS_TITLE": "Cách hoạt động?",
      "STEP_1_TITLE": "Viết tin nhắn của bạn và/hoặc tạo mật khẩu",
      "STEP_2_TITLE": "Tạo Liên kết Bí mật",
      "STEP_3_TITLE": "Chia sẻ liên kết",
      
      "COMPANY_LOGO_ALT": "Logo Công ty",
      
      "SHARE_TITLE": "Chia sẻ tin nhắn bí mật",
      "SHARE_DESCRIPTION_PART_1": "Viết và gửi tin nhắn, nó sẽ được",
      "SHARE_DESCRIPTION_PART_2": "xóa sau khi đọc.",
      
      "SHARE_BULLET_1": "Không dấu vết.",
      "SHARE_BULLET_2": "Bảo vệ quyền riêng tư",
      "SHARE_BULLET_3": "Xem một lần",
      
      "SHARE_ENCRYPTED_BY": "Được mã hóa, bảo mật và bảo vệ bởi Stellar Security",
      
      "SHARE_TEXTAREA_PLACEHOLDER": "Viết tin nhắn Bí mật của bạn, mật khẩu hoặc thông tin nhạy cảm *",
      "SHARE_OPTIONS": "Tùy chọn",
      
      "SHARE_EMPTY": "Để trống nếu không có.",
      "SHARE_BUTTON": "Tạo Liên kết Bí mật",
      
      "CREATED_TITLE": "Bí mật của bạn đã được tạo",
      "CREATED_SUBTITLE": "Nó sẽ chỉ được hiển thị một lần",
      
      "CREATED_TITLE_SHARE": "Sao chép liên kết hoặc chia sẻ nó.",
      "CREATED_BUTTON": "SAO CHÉP",
      "CREATED_CREATE_SECRET": "Tạo Bí mật Mới",
      "CREATED_BURNSECRET": "Hủy Bí mật",
      "URL_COPIED": "URL đã được sao chép.",
      "SHARE_BURNER_TIME": "Thời gian sống",
      "SHARE_PASS_PHRASE": "Mật khẩu",
      "VIEW_SECRET": "Xem Bí mật"
    },
    "HOWITWORK": {
      "HEADER_TITLE": "Bí Mật Stellar",
      "HOW_IT_WORKS": "Cách hoạt động",
      "DOWNLOAD_APP": "Tải ứng dụng",
      
      "ONE_TIME_SECRET_MESSAGING_TITLE": "Tin nhắn Bí mật Một lần",
      "ONE_TIME_SECRET_MESSAGING_SUBTITLE": "Chia sẻ bí mật và biến mất ngay lập tức!",
      
      "ENCRYPTED_PROTECTED_BY": "Được mã hóa, bảo mật và bảo vệ bởi Stellar Security",
      "WITHOUT_TRACE_TITLE": "Không dấu vết",
      "WITHOUT_TRACE_DESCRIPTION": "Chúng tôi đảm bảo bảo vệ mạnh mẽ thông tin nhạy cảm của bạn. Tất cả dữ liệu được mã hóa phía máy khách. Chúng tôi không biết địa chỉ IP của bạn, những gì bạn chia sẻ, hoặc bạn chia sẻ liên kết bí mật với ai - và quan trọng nhất, nội dung.",
      
      "PRIVACY_PROTECTED_TITLE": "Bảo vệ quyền riêng tư",
      "PRIVACY_PROTECTED_DESCRIPTION": "Bạn là người duy nhất biết liên kết đến thông tin bí mật mà bạn tạo ra và bạn chia sẻ nó với ai. Khi tạo một bí mật, bạn có thể thêm một mật khẩu trước khi nó có thể được mở khóa. Ngoài ra, có thể thiết lập thời gian hủy. Dù thế nào đi nữa, một bí mật sẽ bị xóa sau 14 ngày.",
      
      "END_TO_END_ENCRYPTED_TITLE": "Mã hóa đầu cuối",
      "END_TO_END_ENCRYPTED_DESCRIPTION": "Tất cả liên kết và nội dung được băm phía máy khách, có nghĩa là ngay cả chúng tôi cũng không biết liên kết và nội dung. Mỗi liên kết có một ID duy nhất dài 36 ký tự là mã hóa một chiều để có thể truy cập Tin nhắn Bí mật và nội dung của nó được mã hóa bằng AES-256.",
      
      "HOW_IT_WORKS_TITLE": "Cách hoạt động?",
      "STEP_1_TITLE": "Viết tin nhắn của bạn và/hoặc tạo mật khẩu",
      "STEP_2_TITLE": "Tạo Liên kết Bí mật",
      "STEP_3_TITLE": "Chia sẻ liên kết",
      
      "COMPANY_LOGO_ALT": "Logo Công ty",
      
      "SHARE_TITLE": "Chia sẻ tin nhắn bí mật",
      "SHARE_DESCRIPTION_PART_1": "Viết và gửi tin nhắn, nó sẽ được",
      "SHARE_DESCRIPTION_PART_2": "xóa sau khi đọc.",
      
      "SHARE_BULLET_1": "Không dấu vết.",
      "SHARE_BULLET_2": "Bảo vệ quyền riêng tư",
      "SHARE_BULLET_3": "Xem một lần",
      
      "SHARE_ENCRYPTED_BY": "Được mã hóa, bảo mật và bảo vệ bởi Stellar Security",
      
      "SHARE_TEXTAREA_PLACEHOLDER": "Viết tin nhắn Bí mật của bạn, mật khẩu hoặc thông tin nhạy cảm *",
      "SHARE_OPTIONS": "Tùy chọn",
      
      "SHARE_EMPTY": "Để trống nếu không có.",
      "SHARE_BUTTON": "Tạo Liên kết Bí mật",
      
      "CREATED_TITLE": "Bí mật của bạn đã được tạo",
      "CREATED_SUBTITLE": "Nó sẽ chỉ được hiển thị một lần",
      
      "CREATED_TITLE_SHARE": "Sao chép liên kết hoặc chia sẻ nó.",
      "CREATED_BUTTON": "SAO CHÉP",
      "CREATED_CREATE_SECRET": "Tạo Bí mật Mới",
      "CREATED_BURNSECRET": "Hủy Bí mật",
      "URL_COPIED": "URL đã được sao chép.",
      
      "VIEW_SECRET": "Xem Bí mật"
    },
    "CREATEDPAGE": {
      "CREATEDPAGE": "Bí Mật Stellar",
      "HOW_IT_WORKS": "Cách hoạt động",
      "DOWNLOAD_APP": "Tải ứng dụng",
      "CREATED_TITLE": "Bí mật của bạn đã được tạo",
      "CREATED_SUBTITLE": "Nó sẽ chỉ được hiển thị một lần",
      "CREATED_TITLE_SHARE": "Sao chép liên kết hoặc chia sẻ nó.",
      "CREATED_BUTTON": "SAO CHÉP",
      "CREATED_CREATE_SECRET": "Tạo Bí mật Mới",
      "CREATED_BURNSECRET": "Hủy Bí mật",
      "URL_COPIED": "URL đã được sao chép."
    },
    "CONFIRMATION": {
      "YOURE_GONNA_BURN_THIS_SECRET": "Bạn sẽ hủy bí mật này",
      "SECRET_UNAVAILABLE_TEXT": "Nó sẽ không còn khả dụng nữa",
      "BURN_FOREVER": "Hủy Vĩnh viễn",
      "CANCEL": "Hủy"
    },
    "VIEW": {
      "LOGO_TEXT": "Bí Mật Stellar",
      "HOW_IT_WORKS": "Cách hoạt động",
      "DOWNLOAD_APP": "Tải ứng dụng",
      "WELCOME_MESSAGE": "Chào bạn, bạn đã nhận được một tin nhắn bí mật!",
      "INSTRUCTION": "Viết và gửi tin nhắn, nó sẽ được xóa sau khi đọc.",
      "SHOW_MESSAGE_ONCE": "Tin nhắn sau đây sẽ chỉ được hiển thị <strong>một lần</strong>",
      "OPEN_SECRET_MESSAGE": "Mở Tin nhắn Bí mật",
      "INPUT_PASSPHRASE": "Nhập Mật khẩu",
      "PASS_PHRASE_PLACEHOLDER": "Mật khẩu",
      "OPEN_SECRET_BUTTON": "Mở Tin nhắn Bí mật",
      "YOUR_SECRET_MESSAGE": "Tin nhắn Bí mật của bạn",
      "COPY": "Sao chép",
      "MESSAGE_LABEL": "Tin nhắn",
      "REPLY": "Trả lời",
      "DOWNLOAD_MESSAGE": "Tải Stellar Secret trên di động, tạo tin nhắn bí mật của bạn",
      "WITHOUT_TRACE": "Không dấu vết.",
      "PRIVACY_PROTECTED": "Bảo vệ quyền riêng tư",
      "ONE_TIME_VIEWABLE": "Xem một lần",
      "SECURITY_TEXT": "Được mã hóa, bảo mật và bảo vệ bởi ",
      "SECURITY_TEXT2": "Stellar Security"
    }
  }
  