{
    "HOME": {
      "HEADER_TITLE": "星際祕密",
      "HOW_IT_WORKS": "如何運作",
      "DOWNLOAD_APP": "下載應用程式",
      
      "ONE_TIME_SECRET_MESSAGING_TITLE": "一次性秘密訊息",
      "ONE_TIME_SECRET_MESSAGING_SUBTITLE": "分享祕密，瞬間消失！",
      
      "ENCRYPTED_PROTECTED_BY": "由星際安全加密、保護和保障",
      "WITHOUT_TRACE_TITLE": "無痕跡",
      "WITHOUT_TRACE_DESCRIPTION": "我們確保您敏感信息的強大保護。所有數據在客戶端加密。我們不知道您的 IP 地址、您分享了什麼或與誰分享秘密鏈接 - 更重要的是，內容。",
      
      "PRIVACY_PROTECTED_TITLE": "隱私保護",
      "PRIVACY_PROTECTED_DESCRIPTION": "只有您知道您創建的秘密信息鏈接以及與誰分享它。創建秘密時，您可以添加密碼才能解鎖。還可以設置燒毀時間。無論如何，秘密將在 14 天後刪除。",
      
      "END_TO_END_ENCRYPTED_TITLE": "端到端加密",
      "END_TO_END_ENCRYPTED_DESCRIPTION": "所有鏈接和內容都在客戶端哈希處理，意味著即使我們也不知道鏈接和內容。每個鏈接都有一個長度為 36 的唯一 ID，這是一種單向加密，能夠訪問秘密消息及其用 AES-256 加密的內容。",
      
      "HOW_IT_WORKS_TITLE": "如何運作？",
      "STEP_1_TITLE": "寫下您的消息和/或生成密碼",
      "STEP_2_TITLE": "創建秘密鏈接",
      "STEP_3_TITLE": "分享鏈接",
      
      "COMPANY_LOGO_ALT": "公司標誌",
      
      "SHARE_TITLE": "分享秘密訊息",
      "SHARE_DESCRIPTION_PART_1": "寫下並發送訊息，將會",
      "SHARE_DESCRIPTION_PART_2": "在讀取後被刪除。",
      
      "SHARE_BULLET_1": "無痕跡。",
      "SHARE_BULLET_2": "隱私保護",
      "SHARE_BULLET_3": "一次性可見",
      
      "SHARE_ENCRYPTED_BY": "由星際安全加密、保護和保障",
      
      "SHARE_TEXTAREA_PLACEHOLDER": "寫下您的秘密訊息、密碼或敏感信息 *",
      "SHARE_OPTIONS": "選項",
      
      "SHARE_EMPTY": "留空則為無。",
      "SHARE_BUTTON": "創建秘密鏈接",
      
      "CREATED_TITLE": "您的秘密已創建",
      "CREATED_SUBTITLE": "只會顯示一次",
      
      "CREATED_TITLE_SHARE": "複製鏈接或分享。",
      "CREATED_BUTTON": "複製",
      "CREATED_CREATE_SECRET": "創建新秘密",
      "CREATED_BURNSECRET": "燒毀秘密",
      "URL_COPIED": "URL 已被複製。",
      "SHARE_BURNER_TIME": "有效期",
      "SHARE_PASS_PHRASE": "密碼短語",
      "VIEW_SECRET": "查看秘密"
    },
    "HOWITWORK": {
      "HEADER_TITLE": "星際祕密",
      "HOW_IT_WORKS": "如何運作",
      "DOWNLOAD_APP": "下載應用程式",
      
      "ONE_TIME_SECRET_MESSAGING_TITLE": "一次性秘密訊息",
      "ONE_TIME_SECRET_MESSAGING_SUBTITLE": "分享祕密，瞬間消失！",
      
      "ENCRYPTED_PROTECTED_BY": "由星際安全加密、保護和保障",
      "WITHOUT_TRACE_TITLE": "無痕跡",
      "WITHOUT_TRACE_DESCRIPTION": "我們確保您敏感信息的強大保護。所有數據在客戶端加密。我們不知道您的 IP 地址、您分享了什麼或與誰分享秘密鏈接 - 更重要的是，內容。",
      
      "PRIVACY_PROTECTED_TITLE": "隱私保護",
      "PRIVACY_PROTECTED_DESCRIPTION": "只有您知道您創建的秘密信息鏈接以及與誰分享它。創建秘密時，您可以添加密碼才能解鎖。還可以設置燒毀時間。無論如何，秘密將在 14 天後刪除。",
      
      "END_TO_END_ENCRYPTED_TITLE": "端到端加密",
      "END_TO_END_ENCRYPTED_DESCRIPTION": "所有鏈接和內容都在客戶端哈希處理，意味著即使我們也不知道鏈接和內容。每個鏈接都有一個長度為 36 的唯一 ID，這是一種單向加密，能夠訪問秘密消息及其用 AES-256 加密的內容。",
      
      "HOW_IT_WORKS_TITLE": "如何運作？",
      "STEP_1_TITLE": "寫下您的消息和/或生成密碼",
      "STEP_2_TITLE": "創建秘密鏈接",
      "STEP_3_TITLE": "分享鏈接",
      
      "COMPANY_LOGO_ALT": "公司標誌",
      
      "SHARE_TITLE": "分享秘密訊息",
      "SHARE_DESCRIPTION_PART_1": "寫下並發送訊息，將會",
      "SHARE_DESCRIPTION_PART_2": "在讀取後被刪除。",
      
      "SHARE_BULLET_1": "無痕跡。",
      "SHARE_BULLET_2": "隱私保護",
      "SHARE_BULLET_3": "一次性可見",
      
      "SHARE_ENCRYPTED_BY": "由星際安全加密、保護和保障",
      
      "SHARE_TEXTAREA_PLACEHOLDER": "寫下您的秘密訊息、密碼或敏感信息 *",
      "SHARE_OPTIONS": "選項",
      
      "SHARE_EMPTY": "留空則為無。",
      "SHARE_BUTTON": "創建秘密鏈接",
      
      "CREATED_TITLE": "您的秘密已創建",
      "CREATED_SUBTITLE": "只會顯示一次",
      
      "CREATED_TITLE_SHARE": "複製鏈接或分享。",
      "CREATED_BUTTON": "複製",
      "CREATED_CREATE_SECRET": "創建新秘密",
      "CREATED_BURNSECRET": "燒毀秘密",
      "URL_COPIED": "URL 已被複製。",
      
      "VIEW_SECRET": "查看秘密"
    },
    "CREATEDPAGE": {
      "CREATEDPAGE": "星際祕密",
      "HOW_IT_WORKS": "如何運作",
      "DOWNLOAD_APP": "下載應用程式",
      "CREATED_TITLE": "您的秘密已創建",
      "CREATED_SUBTITLE": "只會顯示一次",
      "CREATED_TITLE_SHARE": "複製鏈接或分享。",
      "CREATED_BUTTON": "複製",
      "CREATED_CREATE_SECRET": "創建新秘密",
      "CREATED_BURNSECRET": "燒毀秘密",
      "URL_COPIED": "URL 已被複製。"
    },
    "CONFIRMATION": {
      "YOURE_GONNA_BURN_THIS_SECRET": "您將燒毀這個秘密",
      "SECRET_UNAVAILABLE_TEXT": "它將不再可用",
      "BURN_FOREVER": "永遠燒毀",
      "CANCEL": "取消"
    },
    "VIEW": {
      "LOGO_TEXT": "星際祕密",
      "HOW_IT_WORKS": "如何運作",
      "DOWNLOAD_APP": "下載應用程式",
      "WELCOME_MESSAGE": "嗨，您收到了一條秘密訊息！",
      "INSTRUCTION": "寫下並發送訊息，將會在讀取後被刪除。",
      "SHOW_MESSAGE_ONCE": "以下訊息將<strong>僅顯示一次</strong>",
      "OPEN_SECRET_MESSAGE": "打開秘密訊息",
      "INPUT_PASSPHRASE": "輸入密碼短語",
      "PASS_PHRASE_PLACEHOLDER": "密碼短語",
      "OPEN_SECRET_BUTTON": "打開秘密訊息",
      "YOUR_SECRET_MESSAGE": "您的秘密訊息",
      "COPY": "複製",
      "MESSAGE_LABEL": "訊息",
      "REPLY": "回覆",
      "DOWNLOAD_MESSAGE": "下載星際祕密應用程式，創建您的秘密訊息",
      "WITHOUT_TRACE": "無痕跡。",
      "PRIVACY_PROTECTED": "隱私保護",
      "ONE_TIME_VIEWABLE": "一次性可見",
      "SECURITY_TEXT": "由 ",
      "SECURITY_TEXT2": "星際安全"
    }
  }
  