{
    "HOME": {
      "HEADER_TITLE": "Secret Stellar",
      "HOW_IT_WORKS": "Kungasebenza Kanjani",
      "DOWNLOAD_APP": "Landa uhlelo lokusebenza",
      
      "ONE_TIME_SECRET_MESSAGING_TITLE": "Ukuthumela Imiyalezo Yensimu Okwesikhathi Esisodwa",
      "ONE_TIME_SECRET_MESSAGING_SUBTITLE": "Yabelana ngem秘密, bese kuba khona!",
      
      "ENCRYPTED_PROTECTED_BY": "Ukuvikelwa, kuqinisekisiwe futhi kuvikelwe yi-Stellar Security",
      "WITHOUT_TRACE_TITLE": "Ngaphandle kwesikhumbuzo",
      "WITHOUT_TRACE_DESCRIPTION": "Siqinisekisa ukuvikelwa okuqinile kolwazi lwakho olubucayi. Wonke amanye data ayagcinwa ku-client-side. Asikwazi ukwazi ikheli lakho le-IP, okukhona, noma obani owasabelana ngamagama am秘密 - futhi okubaluleke kakhulu, okuqukethwe.",
      
      "PRIVACY_PROTECTED_TITLE": "Ubumfihlo Buqinisekisiwe",
      "PRIVACY_PROTECTED_DESCRIPTION": "Uke kuphela owazi i-URL yolwazi lwezinto ozidalile nokuqinisekisa noma obani ofuna ukubasabela. Uma udala im秘密, ungangeza iphasiwedi ngaphambi kokuthi ikhululwe. Futhi kungenzeka ukusetha isikhathi sokushisa. Noma yini, im秘密 izosuswa emva kwezinsuku ezingu-14.",
      
      "END_TO_END_ENCRYPTED_TITLE": "Ukukhishwa End-to-end",
      "END_TO_END_ENCRYPTED_DESCRIPTION": "Zonke izixhumanisi nokuhlangenwe nakho kuhashwa ku-client-side, okusho ukuthi futhi asikwazi ukwazi i-URL nokuhlangenwe nakho. I-URL ngayinye inenombolo eyingqayizivele yesikhathi esingu-36 engokuhlolwa kwendlela yokufinyelela Imiyalezo Yensimu kanye nokuqukethwe okukhishwa nge-AES-256.",
      
      "HOW_IT_WORKS_TITLE": "Kungasebenza Kanjani?",
      "STEP_1_TITLE": "Bhala umlayezo wakho kanye/noma wakhe iphasiwedi",
      "STEP_2_TITLE": "Dala I-URL Yensimu",
      "STEP_3_TITLE": "Yabelana i-URL",
      
      "COMPANY_LOGO_ALT": "Ilogo Yenkampani",
      
      "SHARE_TITLE": "Yabelana ngomyalezo we-secret",
      "SHARE_DESCRIPTION_PART_1": "Bhala bese uthumela umyalezo, kuzoba",
      "SHARE_DESCRIPTION_PART_2": "kususwa uma kufundwa.",
      
      "SHARE_BULLET_1": "Ngaphandle kwesikhumbuzo.",
      "SHARE_BULLET_2": "Ubumfihlo Buqinisekisiwe",
      "SHARE_BULLET_3": "Ukuvezwa okwesikhathi esisodwa",
      
      "SHARE_ENCRYPTED_BY": "Ukuvikelwa, kuqinisekisiwe futhi kuvikelwe yi-Stellar Security",
      
      "SHARE_TEXTAREA_PLACEHOLDER": "Bhala umyalezo wakho we-Secret, iphasiwedi noma ulwazi olubucayi *",
      "SHARE_OPTIONS": "Izinketho",
      
      "SHARE_EMPTY": "Shiya kungabi nanto.",
      "SHARE_BUTTON": "Dala i-URL Yensimu",
      
      "CREATED_TITLE": "I-Secret Yakho idalwe",
      "CREATED_SUBTITLE": "Izoboniswa kuphela kube kanye",
      
      "CREATED_TITLE_SHARE": "Kopisha i-URL noma yabelana ngayo.",
      "CREATED_BUTTON": "KOPISHA",
      "CREATED_CREATE_SECRET": "Dala Im秘密 Entsha",
      "CREATED_BURNSECRET": "Shisa Im秘密",
      "URL_COPIED": "I-URL ikopishwe.",
      "SHARE_BURNER_TIME":"Isikhathi Sokuphila",
      "SHARE_PASS_PHRASE":"Iphasiwedi",
      "VIEW_SECRET": "Buka Im秘密"
    },
    "HOWITWORK": {
      "HEADER_TITLE": "Secret Stellar",
      "HOW_IT_WORKS": "Kungasebenza Kanjani",
      "DOWNLOAD_APP": "Landa uhlelo lokusebenza",
      
      "ONE_TIME_SECRET_MESSAGING_TITLE": "Ukuthumela Imiyalezo Yensimu Okwesikhathi Esisodwa",
      "ONE_TIME_SECRET_MESSAGING_SUBTITLE": "Yabelana ngem秘密, bese kuba khona!",
      
      "ENCRYPTED_PROTECTED_BY": "Ukuvikelwa, kuqinisekisiwe futhi kuvikelwe yi-Stellar Security",
      "WITHOUT_TRACE_TITLE": "Ngaphandle kwesikhumbuzo",
      "WITHOUT_TRACE_DESCRIPTION": "Siqinisekisa ukuvikelwa okuqinile kolwazi lwakho olubucayi. Wonke amanye data ayagcinwa ku-client-side. Asikwazi ukwazi ikheli lakho le-IP, okukhona, noma obani owasabelana ngamagama am秘密 - futhi okubaluleke kakhulu, okuqukethwe.",
      
      "PRIVACY_PROTECTED_TITLE": "Ubumfihlo Buqinisekisiwe",
      "PRIVACY_PROTECTED_DESCRIPTION": "Uke kuphela owazi i-URL yolwazi lwezinto ozidalile nokuqinisekisa noma obani ofuna ukubasabela. Uma udala im秘密, ungangeza iphasiwedi ngaphambi kokuthi ikhululwe. Futhi kungenzeka ukusetha isikhathi sokushisa. Noma yini, im秘密 izosuswa emva kwezinsuku ezingu-14.",
      
      "END_TO_END_ENCRYPTED_TITLE": "Ukukhishwa End-to-end",
      "END_TO_END_ENCRYPTED_DESCRIPTION": "Zonke izixhumanisi nokuhlangenwe nakho kuhashwa ku-client-side, okusho ukuthi futhi asikwazi ukwazi i-URL nokuhlangenwe nakho. I-URL ngayinye inenombolo eyingqayizivele yesikhathi esingu-36 engokuhlolwa kwendlela yokufinyelela Imiyalezo Yensimu kanye nokuqukethwe okukhishwa nge-AES-256.",
      
      "HOW_IT_WORKS_TITLE": "Kungasebenza Kanjani?",
      "STEP_1_TITLE": "Bhala umlayezo wakho kanye/noma wakhe iphasiwedi",
      "STEP_2_TITLE": "Dala I-URL Yensimu",
      "STEP_3_TITLE": "Yabelana i-URL",
      
      "COMPANY_LOGO_ALT": "Ilogo Yenkampani",
      
      "SHARE_TITLE": "Yabelana ngomyalezo we-secret",
      "SHARE_DESCRIPTION_PART_1": "Bhala bese uthumela umyalezo, kuzoba",
      "SHARE_DESCRIPTION_PART_2": "kususwa uma kufundwa.",
      
      "SHARE_BULLET_1": "Ngaphandle kwesikhumbuzo.",
      "SHARE_BULLET_2": "Ubumfihlo Buqinisekisiwe",
      "SHARE_BULLET_3": "Ukuvezwa okwesikhathi esisodwa",
      
      "SHARE_ENCRYPTED_BY": "Ukuvikelwa, kuqinisekisiwe futhi kuvikelwe yi-Stellar Security",
      
      "SHARE_TEXTAREA_PLACEHOLDER": "Bhala umyalezo wakho we-Secret, iphasiwedi noma ulwazi olubucayi *",
      "SHARE_OPTIONS": "Izinketho",
      
      "SHARE_EMPTY": "Shiya kungabi nanto.",
      "SHARE_BUTTON": "Dala i-URL Yensimu",
      
      "CREATED_TITLE": "I-Secret Yakho idalwe",
      "CREATED_SUBTITLE": "Izoboniswa kuphela kube kanye",
      
      "CREATED_TITLE_SHARE": "Kopisha i-URL noma yabelana ngayo.",
      "CREATED_BUTTON": "KOPISHA",
      "CREATED_CREATE_SECRET": "Dala Im秘密 Entsha",
      "CREATED_BURNSECRET": "Shisa Im秘密",
      "URL_COPIED": "I-URL ikopishwe.",
      
      "VIEW_SECRET": "Buka Im秘密"
    },
    "CREATEDPAGE": {
      "CREATEDPAGE": "Secret Stellar",
      "HOW_IT_WORKS": "Kungasebenza Kanjani",
      "DOWNLOAD_APP": "Landa uhlelo lokusebenza",
      "CREATED_TITLE": "I-Secret Yakho idalwe",
      "CREATED_SUBTITLE": "Izoboniswa kuphela kube kanye",
      "CREATED_TITLE_SHARE": "Kopisha i-URL noma yabelana ngayo.",
      "CREATED_BUTTON": "KOPISHA",
      "CREATED_CREATE_SECRET": "Dala Im秘密 Entsha",
      "CREATED_BURNSECRET": "Shisa Im秘密",
      "URL_COPIED": "I-URL ikopishwe."
    },
    "CONFIRMATION": {
      "YOURE_GONNA_BURN_THIS_SECRET": "Uzoshisa le im秘密",
      "SECRET_UNAVAILABLE_TEXT": "Ayizotholakali ngokuzayo",
      "BURN_FOREVER": "Shisa Kuze Kube Phakade",
      "CANCEL": "Khansela"
    },
    "VIEW": {
      "LOGO_TEXT": "Secret Stellar",
      "HOW_IT_WORKS": "Kungasebenza Kanjani",
      "DOWNLOAD_APP": "Landa uhlelo lokusebenza",
      "WELCOME_MESSAGE": "Sawubona, uthole umyalezo we-secret!",
      "INSTRUCTION": "Bhala bese uthumela umyalezo, kuzoba kususwa uma kufundwa.",
      "SHOW_MESSAGE_ONCE": "Umyalezo olandelayo uzoboniswa <strong>kanye kuphela</strong>",
      "OPEN_SECRET_MESSAGE": "Vula Umyalezo We-Secret",
      "INPUT_PASSPHRASE": "Faka Iphasiwedi",
      "PASS_PHRASE_PLACEHOLDER": "Iphasiwedi",
      "OPEN_SECRET_BUTTON": "Vula Umyalezo We-Secret",
      "YOUR_SECRET_MESSAGE": "Umyalezo Wakho We-Secret",
      "COPY": "Kopisha",
      "MESSAGE_LABEL": "Umyalezo",
      "REPLY": "Phendula",
      "DOWNLOAD_MESSAGE": "Landa i-Stellar Secret kumakhalekhukhwini, dala imiyalezo yakho ye-secret",
      "WITHOUT_TRACE": "Ngaphandle kwesikhumbuzo.",
      "PRIVACY_PROTECTED": "Ubumfihlo Buqinisekisiwe",
      "ONE_TIME_VIEWABLE": "Ukuvezwa okwesikhathi esisodwa",
      "SECURITY_TEXT": "Ukuvikelwa, kuqinisekisiwe futhi kuvikelwe yi ",
      "SECURITY_TEXT2": "Stellar Security"
    }
  }
  